ISO-10303-21;
HEADER;
FILE_DESCRIPTION (( 'STEP AP214' ),
    '1' );
FILE_NAME ('KMDGX-8S-AS.STEP',
    '2022-03-04T09:19:27',
    ( '' ),
    ( '' ),
    'SwSTEP 2.0',
    'SolidWorks 2017',
    '' );
FILE_SCHEMA (( 'AUTOMOTIVE_DESIGN' ));
ENDSEC;

DATA;
#1 = LINE ( 'NONE', #6902, #5804 ) ;
#2 = CARTESIAN_POINT ( 'NONE',  ( 0.8000000000000002700, -2.326820668033589900, 0.1250000000000000000 ) ) ;
#3 = ADVANCED_FACE ( 'NONE', ( #6822 ), #6205, .F. ) ;
#4 = EDGE_CURVE ( 'NONE', #9421, #589, #4195, .T. ) ;
#5 = DIRECTION ( 'NONE',  ( -0.3090169943749485600, 0.9510565162951532000, 0.0000000000000000000 ) ) ;
#6 = EDGE_CURVE ( 'NONE', #2764, #9181, #9771, .T. ) ;
#7 = EDGE_LOOP ( 'NONE', ( #3214 ) ) ;
#8 = ORIENTED_EDGE ( 'NONE', *, *, #5073, .T. ) ;
#9 = ORIENTED_EDGE ( 'NONE', *, *, #145, .F. ) ;
#10 = LINE ( 'NONE', #1966, #4847 ) ;
#11 = LINE ( 'NONE', #1751, #3890 ) ;
#12 = FACE_BOUND ( 'NONE', #2723, .T. ) ;
#13 = PLANE ( 'NONE',  #3509 ) ;
#14 = STYLED_ITEM ( 'NONE', ( #7800 ), #8551 ) ;
#15 = CARTESIAN_POINT ( 'NONE',  ( -6.424999999999997200, 2.899999999999986600, 6.700000000000002000 ) ) ;
#16 = PLANE ( 'NONE',  #5266 ) ;
#17 = DIRECTION ( 'NONE',  ( 1.000000000000000000, 0.0000000000000000000, 0.0000000000000000000 ) ) ;
#18 = CARTESIAN_POINT ( 'NONE',  ( 6.875000000000002700, 2.236907039215394500, 3.300000000000000700 ) ) ;
#19 = VECTOR ( 'NONE', #7496, 1000.000000000000000 ) ;
#20 = ORIENTED_EDGE ( 'NONE', *, *, #2731, .T. ) ;
#21 = DIRECTION ( 'NONE',  ( 0.0000000000000000000, 0.3420201433256658300, -0.9396926207859095400 ) ) ;
#22 = ORIENTED_EDGE ( 'NONE', *, *, #7605, .T. ) ;
#23 = VECTOR ( 'NONE', #50, 1000.000000000000000 ) ;
#24 = EDGE_CURVE ( 'NONE', #5934, #225, #3952, .T. ) ;
#25 = CARTESIAN_POINT ( 'NONE',  ( -6.951960676794287900, 3.949999999999988200, 5.875000000000000000 ) ) ;
#26 = PLANE ( 'NONE',  #9214 ) ;
#27 = CARTESIAN_POINT ( 'NONE',  ( -6.624999999999998200, -3.799999999999999800, 0.8161559028942522200 ) ) ;
#28 = PLANE ( 'NONE',  #6231 ) ;
#29 = ORIENTED_EDGE ( 'NONE', *, *, #532, .T. ) ;
#30 = EDGE_LOOP ( 'NONE', ( #8295, #2883, #338, #4689 ) ) ;
#31 = AXIS2_PLACEMENT_3D ( 'NONE', #5665, #7161, #1894 ) ;
#32 = LINE ( 'NONE', #940, #300 ) ;
#33 = FACE_OUTER_BOUND ( 'NONE', #7091, .T. ) ;
#34 = DIRECTION ( 'NONE',  ( 0.0000000000000000000, 0.0000000000000000000, -1.000000000000000000 ) ) ;
#35 = DIRECTION ( 'NONE',  ( 1.000000000000000000, 0.0000000000000000000, -0.0000000000000000000 ) ) ;
#36 = CARTESIAN_POINT ( 'NONE',  ( 6.625000000000000000, 29.80608689002257700, -2.699999999999999300 ) ) ;
#37 = EDGE_CURVE ( 'NONE', #1702, #4851, #3477, .T. ) ;
#38 = ORIENTED_EDGE ( 'NONE', *, *, #7113, .T. ) ;
#39 = VERTEX_POINT ( 'NONE', #979 ) ;
#40 = LINE ( 'NONE', #2046, #1578 ) ;
#41 = ORIENTED_EDGE ( 'NONE', *, *, #2729, .T. ) ;
#42 = LINE ( 'NONE', #3631, #2520 ) ;
#43 = DIRECTION ( 'NONE',  ( -1.000000000000000000, 0.0000000000000000000, 0.0000000000000000000 ) ) ;
#44 = FACE_OUTER_BOUND ( 'NONE', #9438, .T. ) ;
#45 = DIRECTION ( 'NONE',  ( -1.000000000000000000, 0.0000000000000000000, 0.0000000000000000000 ) ) ;
#46 = VERTEX_POINT ( 'NONE', #1744 ) ;
#47 = CARTESIAN_POINT ( 'NONE',  ( -6.424999999999998000, 3.499999999999987100, 1.950000000000001700 ) ) ;
#48 = CIRCLE ( 'NONE', #5516, 0.3999999999999997400 ) ;
#49 = ORIENTED_EDGE ( 'NONE', *, *, #2306, .T. ) ;
#50 = DIRECTION ( 'NONE',  ( 0.0000000000000000000, 1.000000000000000000, -0.0000000000000000000 ) ) ;
#51 = VECTOR ( 'NONE', #8268, 1000.000000000000000 ) ;
#52 = DIRECTION ( 'NONE',  ( -1.000000000000000000, 0.0000000000000000000, 0.0000000000000000000 ) ) ;
#53 = EDGE_CURVE ( 'NONE', #3885, #2881, #4776, .T. ) ;
#54 = ADVANCED_FACE ( 'NONE', ( #6704 ), #8822, .T. ) ;
#55 = ORIENTED_EDGE ( 'NONE', *, *, #460, .F. ) ;
#56 = FACE_OUTER_BOUND ( 'NONE', #6136, .T. ) ;
#57 = DIRECTION ( 'NONE',  ( 1.000000000000000000, 0.0000000000000000000, 0.0000000000000000000 ) ) ;
#58 = COLOUR_RGB ( '',0.7921568627450980000, 0.8196078431372548800, 0.9333333333333333500 ) ;
#59 =( NAMED_UNIT ( * ) PLANE_ANGLE_UNIT ( ) SI_UNIT ( $, .RADIAN. ) );
#60 = CARTESIAN_POINT ( 'NONE',  ( -6.750000000000005300, 1.899999999999997200, 7.563298562962308400 ) ) ;
#61 = ORIENTED_EDGE ( 'NONE', *, *, #973, .F. ) ;
#62 = CIRCLE ( 'NONE', #8849, 0.2999999999999999300 ) ;
#63 = DIRECTION ( 'NONE',  ( 0.0000000000000000000, -1.000000000000000000, 0.0000000000000000000 ) ) ;
#64 = ORIENTED_EDGE ( 'NONE', *, *, #9776, .T. ) ;
#65 =( BOUNDED_CURVE ( )  B_SPLINE_CURVE ( 3, ( #1195, #6450, #4870, #4838 ),
 .UNSPECIFIED., .F., .T. ) 
 B_SPLINE_CURVE_WITH_KNOTS ( ( 4, 4 ),
 ( 1.570796326794894800, 3.141592653589789600 ),
 .UNSPECIFIED. ) 
 CURVE ( )  GEOMETRIC_REPRESENTATION_ITEM ( )  RATIONAL_B_SPLINE_CURVE ( ( 1.000000000000000000, 0.8047378541243654900, 0.8047378541243654900, 1.000000000000000000 ) ) 
 REPRESENTATION_ITEM ( '' )  );
#66 = ORIENTED_EDGE ( 'NONE', *, *, #8761, .T. ) ;
#67 = EDGE_CURVE ( 'NONE', #7087, #1702, #7052, .T. ) ;
#68 = DIRECTION ( 'NONE',  ( -0.0000000000000000000, -0.0000000000000000000, -1.000000000000000000 ) ) ;
#69 = VECTOR ( 'NONE', #3056, 1000.000000000000000 ) ;
#70 = FACE_OUTER_BOUND ( 'NONE', #7151, .T. ) ;
#71 = CARTESIAN_POINT ( 'NONE',  ( 6.875000000000001800, -3.799999999999999800, -0.2000000000000014000 ) ) ;
#72 = EDGE_LOOP ( 'NONE', ( #2385, #2844, #1100, #8577 ) ) ;
#73 = CYLINDRICAL_SURFACE ( 'NONE', #2078, 0.4000000000000001900 ) ;
#74 = EDGE_LOOP ( 'NONE', ( #3330, #3924, #230, #4964 ) ) ;
#75 = CARTESIAN_POINT ( 'NONE',  ( -3.049999999999998000, -3.279999999999996300, 3.650000000000001200 ) ) ;
#76 = CIRCLE ( 'NONE', #1193, 0.4499999999999999000 ) ;
#77 = LINE ( 'NONE', #4614, #4210 ) ;
#78 = EDGE_CURVE ( 'NONE', #3571, #4571, #7736, .T. ) ;
#79 = ORIENTED_EDGE ( 'NONE', *, *, #3422, .T. ) ;
#80 = CARTESIAN_POINT ( 'NONE',  ( 3.478505426185216600, 4.849999999999998800, -4.199999999999999300 ) ) ;
#81 = EDGE_CURVE ( 'NONE', #9687, #5117, #8579, .T. ) ;
#82 = FACE_OUTER_BOUND ( 'NONE', #1725, .T. ) ;
#83 = CARTESIAN_POINT ( 'NONE',  ( 1.075000000000000000, 0.9022884140034506100, 17.08448840921516900 ) ) ;
#84 = DIRECTION ( 'NONE',  ( 0.0000000000000000000, 0.0000000000000000000, -1.000000000000000000 ) ) ;
#85 = DIRECTION ( 'NONE',  ( 1.000000000000000000, 0.0000000000000000000, -0.0000000000000000000 ) ) ;
#86 = VERTEX_POINT ( 'NONE', #7845 ) ;
#87 = VECTOR ( 'NONE', #2298, 1000.000000000000000 ) ;
#88 = CARTESIAN_POINT ( 'NONE',  ( -0.9144203275669488000, -3.592705098312484400, -0.1250000000000000000 ) ) ;
#89 = VECTOR ( 'NONE', #1217, 1000.000000000000000 ) ;
#90 =( GEOMETRIC_REPRESENTATION_CONTEXT ( 3 ) GLOBAL_UNCERTAINTY_ASSIGNED_CONTEXT ( ( #2856 ) ) GLOBAL_UNIT_ASSIGNED_CONTEXT ( ( #8300, #8238, #1496 ) ) REPRESENTATION_CONTEXT ( 'NONE', 'WORKASPACE' ) );
#91 = B_SPLINE_CURVE_WITH_KNOTS ( 'NONE', 3,
 ( #4053, #4779, #7816, #8664, #4845, #6389, #2576, #331, #1778, #8599, #7086, #994, #1099, #294, #3276, #9359 ),
 .UNSPECIFIED., .F., .F.,
 ( 4, 3, 3, 3, 3, 4 ),
 ( 0.0000000000000000000, 8.391288793022100700E-006, 1.678328422871454800E-005, 2.516102337026051500E-005, 3.347946020404830700E-005, 3.921462377175321800E-005 ),
 .UNSPECIFIED. ) ;
#92 = DIRECTION ( 'NONE',  ( 1.000000000000000000, 0.0000000000000000000, 0.0000000000000000000 ) ) ;
#93 = DIRECTION ( 'NONE',  ( -1.000000000000000000, 0.0000000000000000000, 0.0000000000000000000 ) ) ;
#94 = CARTESIAN_POINT ( 'NONE',  ( -3.049999999999998000, -3.279999999999996300, 6.450000000000000200 ) ) ;
#95 = STYLED_ITEM ( 'NONE', ( #5860 ), #606 ) ;
#96 = ORIENTED_EDGE ( 'NONE', *, *, #9331, .F. ) ;
#97 = EDGE_CURVE ( 'NONE', #4456, #631, #8341, .T. ) ;
#98 = VECTOR ( 'NONE', #6455, 1000.000000000000000 ) ;
#99 = CARTESIAN_POINT ( 'NONE',  ( -7.000000000000005300, 4.999999999999997300, 7.800000000000018500 ) ) ;
#100 = ORIENTED_EDGE ( 'NONE', *, *, #1237, .F. ) ;
#101 = CARTESIAN_POINT ( 'NONE',  ( -7.000000000000005300, 4.999999999999997300, 7.800000000000018500 ) ) ;
#102 = CARTESIAN_POINT ( 'NONE',  ( 0.9500000000000007300, -3.279999999999996300, 3.950000000000000200 ) ) ;
#103 = CLOSED_SHELL ( 'NONE', ( #4056, #243, #313, #1794, #5713, #4111, #5966, #937, #5330, #2683 ) ) ;
#104 = AXIS2_PLACEMENT_3D ( 'NONE', #6366, #7827, #1823 ) ;
#105 = ADVANCED_FACE ( 'NONE', ( #2790 ), #2565, .T. ) ;
#106 = CARTESIAN_POINT ( 'NONE',  ( -7.000000000000006200, 2.924999999999986500, 5.875000000000000000 ) ) ;
#107 = VECTOR ( 'NONE', #218, 1000.000000000000000 ) ;
#108 = VERTEX_POINT ( 'NONE', #5000 ) ;
#109 = EDGE_CURVE ( 'NONE', #2122, #5737, #3117, .T. ) ;
#110 = CARTESIAN_POINT ( 'NONE',  ( 0.9500000000000007300, 0.0000000000000000000, 3.950000000000000200 ) ) ;
#111 = DIRECTION ( 'NONE',  ( 0.0000000000000000000, 0.0000000000000000000, 1.000000000000000000 ) ) ;
#112 = ORIENTED_EDGE ( 'NONE', *, *, #1890, .F. ) ;
#113 = DIRECTION ( 'NONE',  ( -0.0000000000000000000, -0.0000000000000000000, 1.000000000000000000 ) ) ;
#114 = VECTOR ( 'NONE', #6970, 1000.000000000000000 ) ;
#115 = ORIENTED_EDGE ( 'NONE', *, *, #8390, .T. ) ;
#116 = ORIENTED_EDGE ( 'NONE', *, *, #6330, .F. ) ;
#117 = CARTESIAN_POINT ( 'NONE',  ( 0.6291033726784028800, -3.500000000000000000, 0.1250000000000000000 ) ) ;
#118 = VERTEX_POINT ( 'NONE', #6414 ) ;
#119 = DIRECTION ( 'NONE',  ( 1.296989514749014200E-016, -0.0000000000000000000, 1.000000000000000000 ) ) ;
#120 = VERTEX_POINT ( 'NONE', #7877 ) ;
#121 = EDGE_CURVE ( 'NONE', #3447, #3794, #7978, .T. ) ;
#122 = FACE_OUTER_BOUND ( 'NONE', #2970, .T. ) ;
#123 = LINE ( 'NONE', #388, #7920 ) ;
#124 = AXIS2_PLACEMENT_3D ( 'NONE', #1568, #5197, #1502 ) ;
#125 = ORIENTED_EDGE ( 'NONE', *, *, #8721, .T. ) ;
#126 = DIRECTION ( 'NONE',  ( 0.9396926207859095400, 0.3420201433256658300, -0.0000000000000000000 ) ) ;
#127 = ORIENTED_EDGE ( 'NONE', *, *, #681, .T. ) ;
#128 = PLANE ( 'NONE',  #2707 ) ;
#129 = LINE ( 'NONE', #7553, #5102 ) ;
#130 = EDGE_CURVE ( 'NONE', #8764, #8495, #1144, .T. ) ;
#131 = DIRECTION ( 'NONE',  ( 0.0000000000000000000, 0.0000000000000000000, 1.000000000000000000 ) ) ;
#132 = EDGE_CURVE ( 'NONE', #6054, #6729, #3016, .T. ) ;
#133 = ORIENTED_EDGE ( 'NONE', *, *, #7432, .T. ) ;
#134 = VERTEX_POINT ( 'NONE', #7138 ) ;
#135 = FACE_OUTER_BOUND ( 'NONE', #4638, .T. ) ;
#136 = DIRECTION ( 'NONE',  ( -0.0000000000000000000, 0.0000000000000000000, -1.000000000000000000 ) ) ;
#137 = AXIS2_PLACEMENT_3D ( 'NONE', #1060, #1091, #326 ) ;
#138 = DIRECTION ( 'NONE',  ( 1.000000000000000000, 0.0000000000000000000, 0.0000000000000000000 ) ) ;
#139 = CARTESIAN_POINT ( 'NONE',  ( 2.575000000000001500, 4.850000000000000500, -15.58944443027283300 ) ) ;
#140 = DIRECTION ( 'NONE',  ( -0.0000000000000000000, -0.0000000000000000000, 1.000000000000000000 ) ) ;
#141 = CARTESIAN_POINT ( 'NONE',  ( 0.0000000000000000000, 6.500000000000000000, 0.1250000000000001100 ) ) ;
#142 = ORIENTED_EDGE ( 'NONE', *, *, #5466, .T. ) ;
#143 = LINE ( 'NONE', #2316, #261 ) ;
#144 = VECTOR ( 'NONE', #1677, 1000.000000000000000 ) ;
#145 = EDGE_CURVE ( 'NONE', #5196, #9609, #4310, .T. ) ;
#146 = CARTESIAN_POINT ( 'NONE',  ( 6.875000000000000900, 4.999999999999997300, 8.040000000000000900 ) ) ;
#147 = ADVANCED_FACE ( 'NONE', ( #1484 ), #9456, .F. ) ;
#148 = FACE_OUTER_BOUND ( 'NONE', #512, .T. ) ;
#149 = CARTESIAN_POINT ( 'NONE',  ( -6.874314767377285300, 2.263075017336865400, 8.040000000000000900 ) ) ;
#150 = ORIENTED_EDGE ( 'NONE', *, *, #7792, .F. ) ;
#151 = DIRECTION ( 'NONE',  ( 0.0000000000000000000, 0.0000000000000000000, -1.000000000000000000 ) ) ;
#152 = ORIENTED_EDGE ( 'NONE', *, *, #3003, .T. ) ;
#153 = ORIENTED_EDGE ( 'NONE', *, *, #4877, .T. ) ;
#154 = AXIS2_PLACEMENT_3D ( 'NONE', #790, #8338, #6863 ) ;
#155 = LINE ( 'NONE', #9545, #5850 ) ;
#156 = FACE_OUTER_BOUND ( 'NONE', #4988, .T. ) ;
#157 = DIRECTION ( 'NONE',  ( 0.0000000000000000000, 0.0000000000000000000, 1.000000000000000000 ) ) ;
#158 = EDGE_LOOP ( 'NONE', ( #2498 ) ) ;
#159 = ORIENTED_EDGE ( 'NONE', *, *, #5179, .F. ) ;
#160 = CARTESIAN_POINT ( 'NONE',  ( 6.875000000000000900, 6.720982249481860300, 13.30872147861530200 ) ) ;
#161 = LINE ( 'NONE', #8882, #5373 ) ;
#162 = VECTOR ( 'NONE', #6703, 1000.000000000000000 ) ;
#163 = ORIENTED_EDGE ( 'NONE', *, *, #1564, .T. ) ;
#164 = ORIENTED_EDGE ( 'NONE', *, *, #2930, .F. ) ;
#165 = CARTESIAN_POINT ( 'NONE',  ( -6.750000000000005300, 1.899999999999999700, 8.299999999999993600 ) ) ;
#166 = VERTEX_POINT ( 'NONE', #1160 ) ;
#167 = PLANE ( 'NONE',  #716 ) ;
#168 = VECTOR ( 'NONE', #1255, 999.9999999999998900 ) ;
#169 = LINE ( 'NONE', #8399, #2082 ) ;
#170 = CIRCLE ( 'NONE', #2533, 0.2500000000000002200 ) ;
#171 = EDGE_CURVE ( 'NONE', #290, #8812, #4071, .T. ) ;
#172 = VECTOR ( 'NONE', #284, 1000.000000000000000 ) ;
#173 = CARTESIAN_POINT ( 'NONE',  ( 7.000000000000003600, 12.49999999999999800, -4.699999999999999300 ) ) ;
#174 = DIRECTION ( 'NONE',  ( 0.0000000000000000000, 0.0000000000000000000, 1.000000000000000000 ) ) ;
#175 = CARTESIAN_POINT ( 'NONE',  ( -6.567327451886728600, 3.343911293286547300, 8.040000000000000900 ) ) ;
#176 = LINE ( 'NONE', #3068, #7520 ) ;
#177 = ORIENTED_EDGE ( 'NONE', *, *, #4834, .F. ) ;
#178 = AXIS2_PLACEMENT_3D ( 'NONE', #2935, #649, #4358 ) ;
#179 = CARTESIAN_POINT ( 'NONE',  ( -7.000000000000005300, 1.049999999999997800, 6.550308009257218300 ) ) ;
#180 = ORIENTED_EDGE ( 'NONE', *, *, #4316, .T. ) ;
#181 = LINE ( 'NONE', #6501, #1971 ) ;
#182 = DIRECTION ( 'NONE',  ( 0.0000000000000000000, 0.0000000000000000000, 1.000000000000000000 ) ) ;
#183 = FACE_OUTER_BOUND ( 'NONE', #9477, .T. ) ;
#184 = VECTOR ( 'NONE', #9279, 1000.000000000000100 ) ;
#185 = VERTEX_POINT ( 'NONE', #4139 ) ;
#186 = VECTOR ( 'NONE', #1720, 1000.000000000000000 ) ;
#187 = EDGE_CURVE ( 'NONE', #9713, #8206, #6943, .T. ) ;
#188 = EDGE_CURVE ( 'NONE', #1577, #2050, #534, .T. ) ;
#189 = ORIENTED_EDGE ( 'NONE', *, *, #2571, .F. ) ;
#190 = FACE_OUTER_BOUND ( 'NONE', #9334, .T. ) ;
#191 = PLANE ( 'NONE',  #4602 ) ;
#192 = LINE ( 'NONE', #9316, #2089 ) ;
#193 = LINE ( 'NONE', #5730, #666 ) ;
#194 = ADVANCED_FACE ( 'NONE', ( #1715 ), #761, .F. ) ;
#195 = CARTESIAN_POINT ( 'NONE',  ( 2.575000000000001500, 4.850000000000000500, 0.1250000000000000000 ) ) ;
#196 = ORIENTED_EDGE ( 'NONE', *, *, #24, .F. ) ;
#197 = VECTOR ( 'NONE', #3266, 1000.000000000000000 ) ;
#198 = LINE ( 'NONE', #1487, #8723 ) ;
#199 = EDGE_LOOP ( 'NONE', ( #6288, #7050, #5729, #9585 ) ) ;
#200 = FACE_OUTER_BOUND ( 'NONE', #1663, .T. ) ;
#201 = EDGE_CURVE ( 'NONE', #1724, #4077, #6104, .T. ) ;
#202 = EDGE_CURVE ( 'NONE', #6641, #819, #9065, .T. ) ;
#203 = FILL_AREA_STYLE_COLOUR ( '', #2363 ) ;
#204 = PLANE ( 'NONE',  #1034 ) ;
#205 = ORIENTED_EDGE ( 'NONE', *, *, #9075, .T. ) ;
#206 = CARTESIAN_POINT ( 'NONE',  ( 7.000000000000005300, 1.899999999999998100, 7.800000000000029100 ) ) ;
#207 = ADVANCED_FACE ( 'NONE', ( #291 ), #9584, .F. ) ;
#208 = CARTESIAN_POINT ( 'NONE',  ( 3.050000000000000700, -7.721577310586390300, 6.450000000000000200 ) ) ;
#209 = ORIENTED_EDGE ( 'NONE', *, *, #3804, .T. ) ;
#210 = AXIS2_PLACEMENT_3D ( 'NONE', #6298, #6264, #1007 ) ;
#211 = CARTESIAN_POINT ( 'NONE',  ( -7.000000000000006200, 3.974999999999985400, 5.875000000000000000 ) ) ;
#212 = FACE_OUTER_BOUND ( 'NONE', #7692, .T. ) ;
#213 = ORIENTED_EDGE ( 'NONE', *, *, #2289, .T. ) ;
#214 = DIRECTION ( 'NONE',  ( 1.000000000000000000, 0.0000000000000000000, 0.0000000000000000000 ) ) ;
#215 = DIRECTION ( 'NONE',  ( 0.0000000000000000000, -3.542745126994888700E-015, -1.000000000000000000 ) ) ;
#216 = EDGE_CURVE ( 'NONE', #6023, #2020, #1957, .T. ) ;
#217 = ORIENTED_EDGE ( 'NONE', *, *, #3110, .F. ) ;
#218 = DIRECTION ( 'NONE',  ( -0.0000000000000000000, -3.542745126994889100E-015, -1.000000000000000000 ) ) ;
#219 = ORIENTED_EDGE ( 'NONE', *, *, #7489, .F. ) ;
#220 = ORIENTED_EDGE ( 'NONE', *, *, #1226, .F. ) ;
#221 = CARTESIAN_POINT ( 'NONE',  ( 3.750000000000000900, 0.0000000000000000000, 6.450000000000000200 ) ) ;
#222 = CARTESIAN_POINT ( 'NONE',  ( 3.750000000000000900, -3.279999999999996300, 6.150000000000000400 ) ) ;
#223 = VECTOR ( 'NONE', #233, 1000.000000000000000 ) ;
#224 = AXIS2_PLACEMENT_3D ( 'NONE', #281, #6341, #1804 ) ;
#225 = VERTEX_POINT ( 'NONE', #7300 ) ;
#226 = CARTESIAN_POINT ( 'NONE',  ( 1.650000000000000800, -3.279999999999996300, 3.950000000000000200 ) ) ;
#227 = ORIENTED_EDGE ( 'NONE', *, *, #5848, .T. ) ;
#228 = VERTEX_POINT ( 'NONE', #4240 ) ;
#229 = LINE ( 'NONE', #1647, #2016 ) ;
#230 = ORIENTED_EDGE ( 'NONE', *, *, #6498, .T. ) ;
#231 = FACE_OUTER_BOUND ( 'NONE', #2217, .T. ) ;
#232 = CARTESIAN_POINT ( 'NONE',  ( -2.499999999999999100, -3.480000000000000000, 6.222794046853240800 ) ) ;
#233 = DIRECTION ( 'NONE',  ( 1.000000000000000000, 1.334402673828313600E-016, -0.0000000000000000000 ) ) ;
#234 = DIRECTION ( 'NONE',  ( -0.0000000000000000000, 0.0000000000000000000, 1.000000000000000000 ) ) ;
#235 = CARTESIAN_POINT ( 'NONE',  ( -3.122794046853238900, -3.480000000000000000, 0.0000000000000000000 ) ) ;
#236 = VERTEX_POINT ( 'NONE', #1289 ) ;
#237 = EDGE_LOOP ( 'NONE', ( #6287, #8565, #7885, #7163 ) ) ;
#238 = DIRECTION ( 'NONE',  ( 0.9996101150403545700, -0.02792163872356207700, 0.0000000000000000000 ) ) ;
#239 =( GEOMETRIC_REPRESENTATION_CONTEXT ( 3 ) GLOBAL_UNCERTAINTY_ASSIGNED_CONTEXT ( ( #5334 ) ) GLOBAL_UNIT_ASSIGNED_CONTEXT ( ( #8771, #9541, #7957 ) ) REPRESENTATION_CONTEXT ( 'NONE', 'WORKASPACE' ) );
#240 = EDGE_LOOP ( 'NONE', ( #7699, #576, #9170, #7470 ) ) ;
#241 = FACE_OUTER_BOUND ( 'NONE', #4751, .T. ) ;
#242 = PLANE ( 'NONE',  #1055 ) ;
#243 = ADVANCED_FACE ( 'NONE', ( #7513 ), #8039, .F. ) ;
#244 = VECTOR ( 'NONE', #2074, 1000.000000000000000 ) ;
#245 = CARTESIAN_POINT ( 'NONE',  ( -3.049999999999998000, 0.0000000000000000000, 6.450000000000000200 ) ) ;
#246 = CARTESIAN_POINT ( 'NONE',  ( 6.951960676794287900, 3.949999999999988200, 6.033634734814048000 ) ) ;
#247 = DIRECTION ( 'NONE',  ( 0.0000000000000000000, -0.0000000000000000000, -1.000000000000000000 ) ) ;
#248 = EDGE_CURVE ( 'NONE', #8780, #5602, #4667, .T. ) ;
#249 = ORIENTED_EDGE ( 'NONE', *, *, #7995, .T. ) ;
#250 = DIRECTION ( 'NONE',  ( 1.000000000000000000, 0.0000000000000000000, -0.0000000000000000000 ) ) ;
#251 = ORIENTED_EDGE ( 'NONE', *, *, #9711, .T. ) ;
#252 = VECTOR ( 'NONE', #6490, 1000.000000000000000 ) ;
#253 = AXIS2_PLACEMENT_3D ( 'NONE', #5391, #889, #7024 ) ;
#254 = CARTESIAN_POINT ( 'NONE',  ( -6.992310288989234100, 0.01158634091947473300, 2.100000000000001000 ) ) ;
#255 = ADVANCED_FACE ( 'NONE', ( #644 ), #1938, .T. ) ;
#256 = CARTESIAN_POINT ( 'NONE',  ( -3.749999999999998200, 0.0000000000000000000, 3.950000000000001100 ) ) ;
#257 = PLANE ( 'NONE',  #9742 ) ;
#258 = AXIS2_PLACEMENT_3D ( 'NONE', #9508, #1182, #442 ) ;
#259 = ORIENTED_EDGE ( 'NONE', *, *, #2814, .T. ) ;
#260 = ORIENTED_EDGE ( 'NONE', *, *, #6817, .F. ) ;
#261 = VECTOR ( 'NONE', #8334, 1000.000000000000000 ) ;
#262 = CIRCLE ( 'NONE', #7548, 2.000000000000000000 ) ;
#263 = CARTESIAN_POINT ( 'NONE',  ( -6.500000000000024000, 1.899999999999999000, 8.050000000000029100 ) ) ;
#264 = DIRECTION ( 'NONE',  ( 0.0000000000000000000, 0.0000000000000000000, 1.000000000000000000 ) ) ;
#265 = EDGE_LOOP ( 'NONE', ( #7451, #7781, #639, #2456 ) ) ;
#266 = ORIENTED_EDGE ( 'NONE', *, *, #9536, .F. ) ;
#267 = DIRECTION ( 'NONE',  ( -0.0000000000000000000, 1.000000000000000000, -0.0000000000000000000 ) ) ;
#268 = CARTESIAN_POINT ( 'NONE',  ( -7.000000000000005300, 4.999999999999987600, 5.199999999999984200 ) ) ;
#269 = AXIS2_PLACEMENT_3D ( 'NONE', #7495, #3551, #8862 ) ;
#270 = FACE_OUTER_BOUND ( 'NONE', #3681, .T. ) ;
#271 = ORIENTED_EDGE ( 'NONE', *, *, #8924, .T. ) ;
#272 = DIRECTION ( 'NONE',  ( 1.000000000000000000, 0.0000000000000000000, -0.0000000000000000000 ) ) ;
#273 = CARTESIAN_POINT ( 'NONE',  ( -7.000000000000006200, 3.999999999999987100, 6.700000000000000200 ) ) ;
#274 = VECTOR ( 'NONE', #4058, 1000.000000000000100 ) ;
#275 = CARTESIAN_POINT ( 'NONE',  ( 0.9500000000000007300, -7.721577310586390300, 3.650000000000000800 ) ) ;
#276 = EDGE_CURVE ( 'NONE', #7933, #5399, #7284, .T. ) ;
#277 = B_SPLINE_CURVE_WITH_KNOTS ( 'NONE', 3,
 ( #8554, #1260, #5774, #8787 ),
 .UNSPECIFIED., .F., .F.,
 ( 4, 4 ),
 ( 0.004200587050952588100, 0.004771618451719398000 ),
 .UNSPECIFIED. ) ;
#278 = EDGE_CURVE ( 'NONE', #6514, #2529, #8458, .T. ) ;
#279 = ORIENTED_EDGE ( 'NONE', *, *, #3964, .F. ) ;
#280 = VERTEX_POINT ( 'NONE', #8856 ) ;
#281 = CARTESIAN_POINT ( 'NONE',  ( 6.424999999999999800, 3.999999999999987100, 6.700000000000000200 ) ) ;
#282 = VECTOR ( 'NONE', #3967, 1000.000000000000000 ) ;
#283 = ORIENTED_EDGE ( 'NONE', *, *, #1904, .T. ) ;
#284 = DIRECTION ( 'NONE',  ( 1.000000000000000000, -0.0000000000000000000, -0.0000000000000000000 ) ) ;
#285 = CARTESIAN_POINT ( 'NONE',  ( 6.625000000000000000, 0.0000000000000000000, 8.040000000000000900 ) ) ;
#286 = LINE ( 'NONE', #3860, #5968 ) ;
#287 = CARTESIAN_POINT ( 'NONE',  ( -2.450000000000000200, 6.200000000000000200, -2.699999999999999300 ) ) ;
#288 = DIRECTION ( 'NONE',  ( -0.0000000000000000000, 1.000000000000000000, -0.0000000000000000000 ) ) ;
#289 = AXIS2_PLACEMENT_3D ( 'NONE', #2377, #126, #6132 ) ;
#290 = VERTEX_POINT ( 'NONE', #3474 ) ;
#291 = FACE_OUTER_BOUND ( 'NONE', #8583, .T. ) ;
#292 = FACE_BOUND ( 'NONE', #332, .T. ) ;
#293 = CARTESIAN_POINT ( 'NONE',  ( 3.750000000000000900, -3.279999999999996300, 6.450000000000000200 ) ) ;
#294 = CARTESIAN_POINT ( 'NONE',  ( 6.748202854342295600, 2.949783300823141100, 5.871203356348714500 ) ) ;
#295 = DIRECTION ( 'NONE',  ( 1.000000000000000000, 1.334402673828313600E-016, -0.0000000000000000000 ) ) ;
#296 = ORIENTED_EDGE ( 'NONE', *, *, #6223, .F. ) ;
#297 = EDGE_CURVE ( 'NONE', #1425, #6112, #6216, .T. ) ;
#298 = ADVANCED_FACE ( 'NONE', ( #8221 ), #3575, .T. ) ;
#299 = DIRECTION ( 'NONE',  ( 1.000000000000000000, 0.0000000000000000000, 0.0000000000000000000 ) ) ;
#300 = VECTOR ( 'NONE', #6678, 1000.000000000000100 ) ;
#301 = ORIENTED_EDGE ( 'NONE', *, *, #2053, .T. ) ;
#302 = ORIENTED_EDGE ( 'NONE', *, *, #8617, .F. ) ;
#303 = LINE ( 'NONE', #7196, #8111 ) ;
#304 = LINE ( 'NONE', #6979, #9669 ) ;
#305 = AXIS2_PLACEMENT_3D ( 'NONE', #1511, #6016, #8180 ) ;
#306 = CYLINDRICAL_SURFACE ( 'NONE', #4489, 2.000000000000000000 ) ;
#307 = ORIENTED_EDGE ( 'NONE', *, *, #2863, .F. ) ;
#308 = PLANE ( 'NONE',  #3306 ) ;
#309 = PLANE ( 'NONE',  #2256 ) ;
#310 = CARTESIAN_POINT ( 'NONE',  ( -0.9144203275669488000, -3.592705098312484400, 0.1250000000000000000 ) ) ;
#311 = CARTESIAN_POINT ( 'NONE',  ( 1.000000000000000400, 10.21786228900426100, -15.58944443027283300 ) ) ;
#312 = CARTESIAN_POINT ( 'NONE',  ( 6.605784270717713900, 2.949999999999986900, 6.650000000000000400 ) ) ;
#313 = ADVANCED_FACE ( 'NONE', ( #5263 ), #3542, .F. ) ;
#314 = ORIENTED_EDGE ( 'NONE', *, *, #8051, .T. ) ;
#315 = LINE ( 'NONE', #4352, #8840 ) ;
#316 = DIRECTION ( 'NONE',  ( 0.0000000000000000000, 0.0000000000000000000, 1.000000000000000000 ) ) ;
#317 = EDGE_CURVE ( 'NONE', #513, #8495, #2187, .T. ) ;
#318 = LINE ( 'NONE', #2524, #5884 ) ;
#319 = LINE ( 'NONE', #6757, #7748 ) ;
#320 = DIRECTION ( 'NONE',  ( 0.0000000000000000000, 0.0000000000000000000, 1.000000000000000000 ) ) ;
#321 = EDGE_LOOP ( 'NONE', ( #3272, #6161, #8618, #383 ) ) ;
#322 = CARTESIAN_POINT ( 'NONE',  ( 6.875000000000002700, 2.224999999999986800, 1.950000000000000600 ) ) ;
#323 = DIRECTION ( 'NONE',  ( 0.4896926261707817400, -6.134742863175384300E-016, 0.8718951381180899400 ) ) ;
#324 = DIRECTION ( 'NONE',  ( -0.0000000000000000000, -0.0000000000000000000, -1.000000000000000000 ) ) ;
#325 = ORIENTED_EDGE ( 'NONE', *, *, #8628, .T. ) ;
#326 = DIRECTION ( 'NONE',  ( 0.0000000000000000000, 1.000000000000000000, -2.669847849745554700E-015 ) ) ;
#327 = VECTOR ( 'NONE', #8172, 1000.000000000000000 ) ;
#328 = EDGE_CURVE ( 'NONE', #2140, #7742, #9538, .T. ) ;
#329 = ORIENTED_EDGE ( 'NONE', *, *, #3590, .T. ) ;
#330 = EDGE_CURVE ( 'NONE', #3310, #4763, #3706, .T. ) ;
#331 = CARTESIAN_POINT ( 'NONE',  ( 6.749803666956318600, 2.942792266522134000, 5.857217258346888200 ) ) ;
#332 = EDGE_LOOP ( 'NONE', ( #1561 ) ) ;
#333 = AXIS2_PLACEMENT_3D ( 'NONE', #5648, #3271, #8697 ) ;
#334 = LINE ( 'NONE', #6212, #8144 ) ;
#335 = ORIENTED_EDGE ( 'NONE', *, *, #8036, .F. ) ;
#336 = CARTESIAN_POINT ( 'NONE',  ( -7.000000000000005300, 3.974999999999987200, 5.875000000000000000 ) ) ;
#337 = CARTESIAN_POINT ( 'NONE',  ( 3.050000000000000700, -3.279999999999996300, 6.450000000000000200 ) ) ;
#338 = ORIENTED_EDGE ( 'NONE', *, *, #755, .F. ) ;
#339 = DIRECTION ( 'NONE',  ( 0.0000000000000000000, -0.4226182617406974400, 0.9063077870366509400 ) ) ;
#340 = PLANE ( 'NONE',  #6651 ) ;
#341 = EDGE_CURVE ( 'NONE', #8405, #1408, #6203, .T. ) ;
#342 = DIRECTION ( 'NONE',  ( -1.000000000000000000, 0.0000000000000000000, 0.0000000000000000000 ) ) ;
#343 = CARTESIAN_POINT ( 'NONE',  ( 6.424999999999999800, 3.499999999999987100, 3.450000000000000600 ) ) ;
#344 = DIRECTION ( 'NONE',  ( 2.556604186739367600E-028, 1.000000000000000000, -3.542745126994888700E-015 ) ) ;
#345 = CARTESIAN_POINT ( 'NONE',  ( 6.625000000000000900, 4.999999999999997300, 8.040000000000027600 ) ) ;
#346 = CARTESIAN_POINT ( 'NONE',  ( 6.500000000000024000, 1.899999999999999000, 8.050000000000029100 ) ) ;
#347 = ADVANCED_FACE ( 'NONE', ( #1829 ), #4345, .F. ) ;
#348 = ORIENTED_EDGE ( 'NONE', *, *, #7510, .T. ) ;
#349 = AXIS2_PLACEMENT_3D ( 'NONE', #4301, #1344, #5068 ) ;
#350 = CARTESIAN_POINT ( 'NONE',  ( 7.000000000000005300, 2.349999999999989000, 5.199999999999993100 ) ) ;
#351 = ORIENTED_EDGE ( 'NONE', *, *, #2265, .T. ) ;
#352 = VECTOR ( 'NONE', #4509, 1000.000000000000000 ) ;
#353 = EDGE_LOOP ( 'NONE', ( #164, #5109, #217, #4044 ) ) ;
#354 = ADVANCED_FACE ( 'NONE', ( #2411 ), #6707, .F. ) ;
#355 = ORIENTED_EDGE ( 'NONE', *, *, #5906, .F. ) ;
#356 = DIRECTION ( 'NONE',  ( 1.000000000000000000, -1.598823480162956000E-016, 5.582262345093194400E-031 ) ) ;
#357 = VERTEX_POINT ( 'NONE', #1409 ) ;
#358 = LINE ( 'NONE', #2123, #9360 ) ;
#359 = VECTOR ( 'NONE', #8189, 1000.000000000000000 ) ;
#360 = COLOUR_RGB ( '',0.7921568627450980000, 0.8196078431372548800, 0.9333333333333333500 ) ;
#361 = DIRECTION ( 'NONE',  ( 0.0000000000000000000, -0.0000000000000000000, 1.000000000000000000 ) ) ;
#362 = ORIENTED_EDGE ( 'NONE', *, *, #4725, .T. ) ;
#363 = ORIENTED_EDGE ( 'NONE', *, *, #6496, .T. ) ;
#364 = CLOSED_SHELL ( 'NONE', ( #3666, #1545, #837, #4415, #8704, #4918, #7721, #2115, #54, #4759, #9018, #347, #7070, #2336, #704, #395, #9672, #2472, #3624, #3692, #9480, #6515, #1852 ) ) ;
#365 = EDGE_CURVE ( 'NONE', #6292, #8604, #1472, .T. ) ;
#366 = PLANE ( 'NONE',  #8743 ) ;
#367 = VECTOR ( 'NONE', #2986, 1000.000000000000000 ) ;
#368 = CARTESIAN_POINT ( 'NONE',  ( -6.424999999999998000, 2.149999999999987000, 3.450000000000001500 ) ) ;
#369 = CARTESIAN_POINT ( 'NONE',  ( -1.275528258147577300, -2.481329165221064100, 0.1250000000000000000 ) ) ;
#370 = DIRECTION ( 'NONE',  ( 0.0000000000000000000, 0.0000000000000000000, -1.000000000000000000 ) ) ;
#371 = DIRECTION ( 'NONE',  ( -1.000000000000000000, 0.0000000000000000000, -0.0000000000000000000 ) ) ;
#372 = VERTEX_POINT ( 'NONE', #5136 ) ;
#373 = VERTEX_POINT ( 'NONE', #1385 ) ;
#374 = ORIENTED_EDGE ( 'NONE', *, *, #3557, .F. ) ;
#375 = LINE ( 'NONE', #7109, #5948 ) ;
#376 = EDGE_CURVE ( 'NONE', #3668, #2596, #410, .T. ) ;
#377 = CARTESIAN_POINT ( 'NONE',  ( -6.941813527419702400, 3.363537276877651500, 3.300000000000000700 ) ) ;
#378 = CARTESIAN_POINT ( 'NONE',  ( 3.750000000000002200, 0.0000000000000000000, 3.950000000000001100 ) ) ;
#379 = DIRECTION ( 'NONE',  ( 0.0000000000000000000, 0.0000000000000000000, 1.000000000000000000 ) ) ;
#380 = EDGE_CURVE ( 'NONE', #108, #108, #7966, .T. ) ;
#381 = CARTESIAN_POINT ( 'NONE',  ( -0.4999999999999998900, 0.8219721733686431400, 0.1250000000000000000 ) ) ;
#382 = ORIENTED_EDGE ( 'NONE', *, *, #2922, .F. ) ;
#383 = ORIENTED_EDGE ( 'NONE', *, *, #1089, .T. ) ;
#384 = LINE ( 'NONE', #3050, #7819 ) ;
#385 = DIRECTION ( 'NONE',  ( 1.000000000000000000, 0.0000000000000000000, 0.0000000000000000000 ) ) ;
#386 = CIRCLE ( 'NONE', #4116, 0.4000000000000000800 ) ;
#387 = AXIS2_PLACEMENT_3D ( 'NONE', #999, #4782, #6291 ) ;
#388 = CARTESIAN_POINT ( 'NONE',  ( 6.875000000000000900, 3.499999999999987600, 8.040000000000000900 ) ) ;
#389 = VECTOR ( 'NONE', #6253, 1000.000000000000000 ) ;
#390 = DIRECTION ( 'NONE',  ( -1.334402673828313600E-016, -1.000000000000000000, -2.551063935260010000E-016 ) ) ;
#391 = CARTESIAN_POINT ( 'NONE',  ( -6.999934461877805900, 2.942801157078292400, 5.857225191215290400 ) ) ;
#392 = PLANE ( 'NONE',  #1219 ) ;
#393 = ORIENTED_EDGE ( 'NONE', *, *, #9087, .F. ) ;
#394 = ORIENTED_EDGE ( 'NONE', *, *, #7247, .T. ) ;
#395 = ADVANCED_FACE ( 'NONE', ( #4660 ), #2155, .T. ) ;
#396 = EDGE_CURVE ( 'NONE', #46, #820, #9529, .T. ) ;
#397 = EDGE_LOOP ( 'NONE', ( #3769 ) ) ;
#398 = DIRECTION ( 'NONE',  ( 1.000000000000000000, 0.0000000000000000000, 0.0000000000000000000 ) ) ;
#399 = LINE ( 'NONE', #3677, #2885 ) ;
#400 = EDGE_CURVE ( 'NONE', #4807, #6779, #2892, .T. ) ;
#401 = VECTOR ( 'NONE', #6005, 1000.000000000000000 ) ;
#402 = DIRECTION ( 'NONE',  ( 1.000000000000000000, -0.0000000000000000000, 0.0000000000000000000 ) ) ;
#403 = ORIENTED_EDGE ( 'NONE', *, *, #1062, .F. ) ;
#404 = PRODUCT_DEFINITION_FORMATION_WITH_SPECIFIED_SOURCE ( 'ANY', '', #4700, .NOT_KNOWN. ) ;
#405 = ORIENTED_EDGE ( 'NONE', *, *, #5772, .T. ) ;
#406 = DIRECTION ( 'NONE',  ( 1.000000000000000000, 0.0000000000000000000, 0.0000000000000000000 ) ) ;
#407 = DIRECTION ( 'NONE',  ( 0.0000000000000000000, 0.0000000000000000000, 1.000000000000000000 ) ) ;
#408 = ORIENTED_EDGE ( 'NONE', *, *, #3673, .F. ) ;
#409 = CARTESIAN_POINT ( 'NONE',  ( -6.500000000000042600, 4.999999999999999100, 8.300000000000018500 ) ) ;
#410 = LINE ( 'NONE', #9015, #8212 ) ;
#411 = ADVANCED_FACE ( 'NONE', ( #7503 ), #6774, .F. ) ;
#412 = VECTOR ( 'NONE', #2887, 999.9999999999998900 ) ;
#413 = PLANE ( 'NONE',  #6415 ) ;
#414 = ORIENTED_EDGE ( 'NONE', *, *, #6947, .T. ) ;
#415 = EDGE_CURVE ( 'NONE', #417, #1371, #2073, .T. ) ;
#416 = PLANE ( 'NONE',  #1741 ) ;
#417 = VERTEX_POINT ( 'NONE', #2861 ) ;
#418 = CARTESIAN_POINT ( 'NONE',  ( -0.4500000000000002900, 6.199999999999999300, -3.849999999999993900 ) ) ;
#419 = DIRECTION ( 'NONE',  ( -0.4896926261707817400, 0.0000000000000000000, -0.8718951381180898300 ) ) ;
#420 = VERTEX_POINT ( 'NONE', #9686 ) ;
#421 = DIRECTION ( 'NONE',  ( 0.0000000000000000000, 1.000000000000000000, -0.0000000000000000000 ) ) ;
#422 = VECTOR ( 'NONE', #5607, 1000.000000000000000 ) ;
#423 = FACE_OUTER_BOUND ( 'NONE', #6029, .T. ) ;
#424 = CARTESIAN_POINT ( 'NONE',  ( -3.049999999999998000, -3.279999999999996300, 6.450000000000000200 ) ) ;
#425 = LINE ( 'NONE', #3808, #4314 ) ;
#426 = ORIENTED_EDGE ( 'NONE', *, *, #3454, .F. ) ;
#427 = AXIS2_PLACEMENT_3D ( 'NONE', #7248, #356, #4882 ) ;
#428 = CARTESIAN_POINT ( 'NONE',  ( -6.999936951721276800, 3.957209899626247500, 5.857214647737721200 ) ) ;
#429 = VERTEX_POINT ( 'NONE', #8915 ) ;
#430 = CARTESIAN_POINT ( 'NONE',  ( -6.500000000000005300, 4.999999999999997300, 7.800000000000018500 ) ) ;
#431 = CARTESIAN_POINT ( 'NONE',  ( -6.624999999999998200, 1.049999999999997800, -0.2000000000000014000 ) ) ;
#432 = VECTOR ( 'NONE', #267, 1000.000000000000000 ) ;
#433 = VECTOR ( 'NONE', #4329, 1000.000000000000000 ) ;
#434 = VECTOR ( 'NONE', #6426, 1000.000000000000000 ) ;
#435 = DIRECTION ( 'NONE',  ( 0.0000000000000000000, -1.000000000000000000, 3.491481338843134100E-015 ) ) ;
#436 = ORIENTED_EDGE ( 'NONE', *, *, #3150, .T. ) ;
#437 = LINE ( 'NONE', #222, #8469 ) ;
#438 = ORIENTED_EDGE ( 'NONE', *, *, #5784, .F. ) ;
#439 = VECTOR ( 'NONE', #3357, 1000.000000000000100 ) ;
#440 = AXIS2_PLACEMENT_3D ( 'NONE', #7195, #402, #1179 ) ;
#441 = DIRECTION ( 'NONE',  ( 0.0000000000000000000, -1.000000000000000000, 0.0000000000000000000 ) ) ;
#442 = DIRECTION ( 'NONE',  ( 1.000000000000000000, 0.0000000000000000000, 0.0000000000000000000 ) ) ;
#443 = CIRCLE ( 'NONE', #8609, 0.3999999999999997400 ) ;
#444 = CARTESIAN_POINT ( 'NONE',  ( -6.749229045096760700, 3.952351557869497000, 5.864059765009692200 ) ) ;
#445 = EDGE_LOOP ( 'NONE', ( #3365, #8683, #3738, #1444 ) ) ;
#446 = DIRECTION ( 'NONE',  ( 0.3236155771181821700, 0.8891264907159901500, 0.3236155771181821700 ) ) ;
#447 = CARTESIAN_POINT ( 'NONE',  ( 0.0000000000000000000, -3.480000000000000000, 0.0000000000000000000 ) ) ;
#448 = EDGE_CURVE ( 'NONE', #4346, #8331, #9182, .T. ) ;
#449 = ORIENTED_EDGE ( 'NONE', *, *, #4120, .T. ) ;
#450 = LINE ( 'NONE', #7556, #8254 ) ;
#451 = DIRECTION ( 'NONE',  ( -2.556604186739367600E-028, 1.000000000000000000, -3.542745126994888700E-015 ) ) ;
#452 = CIRCLE ( 'NONE', #6781, 5.000000000000000000 ) ;
#453 = ORIENTED_EDGE ( 'NONE', *, *, #7074, .F. ) ;
#454 = AXIS2_PLACEMENT_3D ( 'NONE', #7747, #1617, #6919 ) ;
#455 = CARTESIAN_POINT ( 'NONE',  ( 7.000000165539296000, 2.928717124896593700, 5.850208546080444300 ) ) ;
#456 = CARTESIAN_POINT ( 'NONE',  ( 6.625000000000000000, 3.499999999999987100, 3.450000000000000600 ) ) ;
#457 = EDGE_LOOP ( 'NONE', ( #7053, #6937, #4217, #5044 ) ) ;
#458 = CARTESIAN_POINT ( 'NONE',  ( 3.750000000000000900, -3.279999999999996300, 6.450000000000000200 ) ) ;
#459 = EDGE_CURVE ( 'NONE', #7118, #3694, #3594, .T. ) ;
#460 = EDGE_CURVE ( 'NONE', #589, #7375, #869, .T. ) ;
#461 = ADVANCED_FACE ( 'NONE', ( #4188 ), #6807, .T. ) ;
#462 = ORIENTED_EDGE ( 'NONE', *, *, #2860, .F. ) ;
#463 = ORIENTED_EDGE ( 'NONE', *, *, #3914, .T. ) ;
#464 = CARTESIAN_POINT ( 'NONE',  ( -5.800000000000000700, 0.2500000000000000000, 17.08448840921516900 ) ) ;
#465 = ORIENTED_EDGE ( 'NONE', *, *, #5784, .T. ) ;
#466 = ORIENTED_EDGE ( 'NONE', *, *, #2821, .T. ) ;
#467 = LINE ( 'NONE', #1150, #8271 ) ;
#468 = DIRECTION ( 'NONE',  ( -0.8987154152497163200, 0.4385323276481791200, 0.0000000000000000000 ) ) ;
#469 = EDGE_CURVE ( 'NONE', #1443, #6006, #7854, .T. ) ;
#470 = DIRECTION ( 'NONE',  ( -0.0000000000000000000, 1.000000000000000000, -0.0000000000000000000 ) ) ;
#471 = ORIENTED_EDGE ( 'NONE', *, *, #1917, .F. ) ;
#472 = DIRECTION ( 'NONE',  ( 0.0000000000000000000, 0.0000000000000000000, 1.000000000000000000 ) ) ;
#473 = CARTESIAN_POINT ( 'NONE',  ( 6.625000000000000000, 2.149999999999987000, 3.450000000000000600 ) ) ;
#474 = CARTESIAN_POINT ( 'NONE',  ( -6.999165738677400700, 3.949999999999987300, 5.875000000000000000 ) ) ;
#475 = ORIENTED_EDGE ( 'NONE', *, *, #7489, .T. ) ;
#476 = VERTEX_POINT ( 'NONE', #2346 ) ;
#477 = DIRECTION ( 'NONE',  ( 0.0000000000000000000, 0.0000000000000000000, -1.000000000000000000 ) ) ;
#478 = ORIENTED_EDGE ( 'NONE', *, *, #7475, .F. ) ;
#479 = VERTEX_POINT ( 'NONE', #7608 ) ;
#480 = DIRECTION ( 'NONE',  ( 0.0000000000000000000, 0.0000000000000000000, 1.000000000000000000 ) ) ;
#481 = FACE_OUTER_BOUND ( 'NONE', #5645, .T. ) ;
#482 = AXIS2_PLACEMENT_3D ( 'NONE', #4718, #136, #6263 ) ;
#483 = CARTESIAN_POINT ( 'NONE',  ( 6.424999999999999800, 2.149999999999987000, 1.950000000000000800 ) ) ;
#484 = CARTESIAN_POINT ( 'NONE',  ( -6.374999999999999100, 2.236907039215393100, 3.300000000000000700 ) ) ;
#485 = DIRECTION ( 'NONE',  ( 0.0000000000000000000, 0.0000000000000000000, -1.000000000000000000 ) ) ;
#486 = VERTEX_POINT ( 'NONE', #8377 ) ;
#487 = DIRECTION ( 'NONE',  ( 0.0000000000000000000, 0.0000000000000000000, -1.000000000000000000 ) ) ;
#488 = ORIENTED_EDGE ( 'NONE', *, *, #5264, .T. ) ;
#489 = CARTESIAN_POINT ( 'NONE',  ( -6.799999999999998900, -3.480000000000000000, 0.0000000000000000000 ) ) ;
#490 = CARTESIAN_POINT ( 'NONE',  ( 3.750000000000002200, -7.721577310586390300, 3.650000000000001200 ) ) ;
#491 = ORIENTED_EDGE ( 'NONE', *, *, #7777, .T. ) ;
#492 = DIRECTION ( 'NONE',  ( -0.0000000000000000000, 1.000000000000000000, -0.0000000000000000000 ) ) ;
#493 = CYLINDRICAL_SURFACE ( 'NONE', #4192, 0.4499999999999999000 ) ;
#494 = CARTESIAN_POINT ( 'NONE',  ( 6.387810486188191000, 3.949999999999986400, 6.527576843457304700 ) ) ;
#495 = ORIENTED_EDGE ( 'NONE', *, *, #6165, .T. ) ;
#496 = AXIS2_PLACEMENT_3D ( 'NONE', #2968, #2345, #3084 ) ;
#497 = CYLINDRICAL_SURFACE ( 'NONE', #6127, 0.07499999999999998300 ) ;
#498 = ORIENTED_EDGE ( 'NONE', *, *, #2535, .F. ) ;
#499 = FACE_OUTER_BOUND ( 'NONE', #6269, .T. ) ;
#500 = EDGE_CURVE ( 'NONE', #5820, #6796, #2657, .T. ) ;
#501 = ORIENTED_EDGE ( 'NONE', *, *, #6241, .F. ) ;
#502 = EDGE_LOOP ( 'NONE', ( #2005, #5592, #2048, #5738 ) ) ;
#503 = DIRECTION ( 'NONE',  ( 0.0000000000000000000, 0.0000000000000000000, -1.000000000000000000 ) ) ;
#504 = VECTOR ( 'NONE', #5950, 1000.000000000000000 ) ;
#505 = ORIENTED_EDGE ( 'NONE', *, *, #1906, .T. ) ;
#506 = DIRECTION ( 'NONE',  ( 0.0000000000000000000, 0.0000000000000000000, 1.000000000000000000 ) ) ;
#507 = CARTESIAN_POINT ( 'NONE',  ( -2.399999999999999000, 8.220000000000000600, -2.699999999999999300 ) ) ;
#508 = VECTOR ( 'NONE', #5541, 999.9999999999998900 ) ;
#509 = CARTESIAN_POINT ( 'NONE',  ( -1.649999999999998600, 0.0000000000000000000, 6.450000000000000200 ) ) ;
#510 = ADVANCED_FACE ( 'NONE', ( #2175 ), #1367, .T. ) ;
#511 = AXIS2_PLACEMENT_3D ( 'NONE', #6382, #7487, #7456 ) ;
#512 = EDGE_LOOP ( 'NONE', ( #8500, #4695, #4160, #6464 ) ) ;
#513 = VERTEX_POINT ( 'NONE', #3000 ) ;
#514 = VECTOR ( 'NONE', #2240, 1000.000000000000000 ) ;
#515 = FACE_OUTER_BOUND ( 'NONE', #7942, .T. ) ;
#516 = EDGE_CURVE ( 'NONE', #4763, #2589, #3341, .T. ) ;
#517 = LINE ( 'NONE', #4122, #3207 ) ;
#518 = EDGE_CURVE ( 'NONE', #8463, #7512, #5975, .T. ) ;
#519 = DIRECTION ( 'NONE',  ( 0.0000000000000000000, 1.000000000000000000, 0.0000000000000000000 ) ) ;
#520 = CARTESIAN_POINT ( 'NONE',  ( 6.625000000000000000, 13.00000000000000000, -0.2000000000000005100 ) ) ;
#521 = PLANE ( 'NONE',  #3349 ) ;
#522 = DIRECTION ( 'NONE',  ( -1.000000000000000000, 0.0000000000000000000, 0.0000000000000000000 ) ) ;
#523 = ORIENTED_EDGE ( 'NONE', *, *, #9638, .F. ) ;
#524 = ORIENTED_EDGE ( 'NONE', *, *, #5022, .F. ) ;
#525 = AXIS2_PLACEMENT_3D ( 'NONE', #6605, #9616, #2000 ) ;
#526 = CYLINDRICAL_SURFACE ( 'NONE', #3517, 0.1250000000000053300 ) ;
#527 = VERTEX_POINT ( 'NONE', #6582 ) ;
#528 = CYLINDRICAL_SURFACE ( 'NONE', #6526, 0.4499999999999999000 ) ;
#529 = LINE ( 'NONE', #4369, #5375 ) ;
#530 = DIRECTION ( 'NONE',  ( 1.000000000000000000, 0.0000000000000000000, 7.216449660063440500E-014 ) ) ;
#531 = CARTESIAN_POINT ( 'NONE',  ( 0.5500000000000014900, 0.0000000000000000000, 6.450000000000000200 ) ) ;
#532 = EDGE_CURVE ( 'NONE', #2140, #225, #7039, .T. ) ;
#533 = ORIENTED_EDGE ( 'NONE', *, *, #1676, .T. ) ;
#534 = LINE ( 'NONE', #2665, #3717 ) ;
#535 = VECTOR ( 'NONE', #2487, 1000.000000000000100 ) ;
#536 = ORIENTED_EDGE ( 'NONE', *, *, #1648, .F. ) ;
#537 = CARTESIAN_POINT ( 'NONE',  ( -6.624999999999999100, 12.49999999999999300, 8.040000000000000900 ) ) ;
#538 = CARTESIAN_POINT ( 'NONE',  ( -1.599999999999999400, 8.220000000000000600, -3.849999999999993900 ) ) ;
#539 = DIRECTION ( 'NONE',  ( 0.0000000000000000000, 1.000000000000000000, 0.0000000000000000000 ) ) ;
#540 = ORIENTED_EDGE ( 'NONE', *, *, #5725, .T. ) ;
#541 = CARTESIAN_POINT ( 'NONE',  ( 6.875000000000000000, 13.00000000000000000, 8.040000000000000900 ) ) ;
#542 = ORIENTED_EDGE ( 'NONE', *, *, #882, .T. ) ;
#543 = VECTOR ( 'NONE', #7062, 1000.000000000000000 ) ;
#544 = VECTOR ( 'NONE', #323, 1000.000000000000000 ) ;
#545 = EDGE_CURVE ( 'NONE', #8139, #7357, #161, .T. ) ;
#546 = ORIENTED_EDGE ( 'NONE', *, *, #1074, .T. ) ;
#547 = LINE ( 'NONE', #9064, #9198 ) ;
#548 = CARTESIAN_POINT ( 'NONE',  ( -3.049999999999998000, -7.721577310586390300, 3.950000000000001100 ) ) ;
#549 = CARTESIAN_POINT ( 'NONE',  ( -7.000000000000005300, 2.924999999999986500, 5.875000000000000000 ) ) ;
#550 = LINE ( 'NONE', #9444, #4331 ) ;
#551 = FACE_OUTER_BOUND ( 'NONE', #6560, .T. ) ;
#552 = LINE ( 'NONE', #9153, #6125 ) ;
#553 = AXIS2_PLACEMENT_3D ( 'NONE', #591, #5788, #1279 ) ;
#554 = DIRECTION ( 'NONE',  ( -0.9396926207859095400, 0.3420201433256658300, 0.0000000000000000000 ) ) ;
#555 = ORIENTED_EDGE ( 'NONE', *, *, #8008, .T. ) ;
#556 = LINE ( 'NONE', #1086, #4096 ) ;
#557 = ADVANCED_FACE ( 'NONE', ( #5482 ), #5773, .F. ) ;
#558 = CARTESIAN_POINT ( 'NONE',  ( 0.0000000000000000000, -3.500000000000000000, 0.7838440971057466500 ) ) ;
#559 = VERTEX_POINT ( 'NONE', #604 ) ;
#560 = EDGE_CURVE ( 'NONE', #2965, #852, #9762, .T. ) ;
#561 = FACE_OUTER_BOUND ( 'NONE', #3949, .T. ) ;
#562 = EDGE_LOOP ( 'NONE', ( #9823, #8328, #2408, #2486 ) ) ;
#563 = CARTESIAN_POINT ( 'NONE',  ( 6.875000000000002700, -3.500000000000000000, 0.7838440971057466500 ) ) ;
#564 = AXIS2_PLACEMENT_3D ( 'NONE', #3757, #9068, #8392 ) ;
#565 = EDGE_LOOP ( 'NONE', ( #4865 ) ) ;
#566 = DIRECTION ( 'NONE',  ( -0.0000000000000000000, -0.0000000000000000000, 1.000000000000000000 ) ) ;
#567 = DIRECTION ( 'NONE',  ( 0.0000000000000000000, 0.3420201433256658300, 0.9396926207859095400 ) ) ;
#568 = CARTESIAN_POINT ( 'NONE',  ( -1.649999999999998600, -3.279999999999996300, 6.450000000000000200 ) ) ;
#569 = CARTESIAN_POINT ( 'NONE',  ( 2.399999999999999900, 8.220000000000000600, -2.699999999999999300 ) ) ;
#570 =( LENGTH_UNIT ( ) NAMED_UNIT ( * ) SI_UNIT ( .MILLI., .METRE. ) );
#571 = EDGE_CURVE ( 'NONE', #9687, #9298, #1949, .T. ) ;
#572 = ORIENTED_EDGE ( 'NONE', *, *, #4064, .F. ) ;
#573 = ADVANCED_FACE ( 'NONE', ( #9652 ), #6509, .F. ) ;
#574 = CARTESIAN_POINT ( 'NONE',  ( -6.624999999999997300, 0.0000000000000000000, 7.790000000000000000 ) ) ;
#575 = DIRECTION ( 'NONE',  ( 1.000000000000000000, -2.556604186739367600E-028, 8.926335808808728500E-043 ) ) ;
#576 = ORIENTED_EDGE ( 'NONE', *, *, #2049, .F. ) ;
#577 = DIRECTION ( 'NONE',  ( 1.000000000000000000, 0.0000000000000000000, -1.239088197126290800E-016 ) ) ;
#578 = CARTESIAN_POINT ( 'NONE',  ( -6.624999999999998200, 1.049999999999997800, 8.040000000000000900 ) ) ;
#579 = EDGE_CURVE ( 'NONE', #1296, #2685, #8702, .T. ) ;
#580 = ORIENTED_EDGE ( 'NONE', *, *, #5277, .F. ) ;
#581 = EDGE_CURVE ( 'NONE', #1304, #3868, #1250, .T. ) ;
#582 = CARTESIAN_POINT ( 'NONE',  ( 6.375000000000000000, 0.0000000000000000000, 8.040000000000000900 ) ) ;
#583 = VERTEX_POINT ( 'NONE', #4348 ) ;
#584 = DIRECTION ( 'NONE',  ( -0.05233595624294408400, 0.9986295347545739400, 0.0000000000000000000 ) ) ;
#585 = DIRECTION ( 'NONE',  ( -0.3090169943749485600, 0.9510565162951532000, 0.0000000000000000000 ) ) ;
#586 = ORIENTED_EDGE ( 'NONE', *, *, #9121, .F. ) ;
#587 = CARTESIAN_POINT ( 'NONE',  ( 1.650000000000000800, -3.279999999999996300, 3.650000000000000800 ) ) ;
#588 = ORIENTED_EDGE ( 'NONE', *, *, #376, .F. ) ;
#589 = VERTEX_POINT ( 'NONE', #5878 ) ;
#590 = VECTOR ( 'NONE', #539, 1000.000000000000000 ) ;
#591 = CARTESIAN_POINT ( 'NONE',  ( 0.0000000000000000000, 6.500000000000000000, 0.1250000000000000000 ) ) ;
#592 = EDGE_CURVE ( 'NONE', #3734, #1613, #3468, .T. ) ;
#593 = DIRECTION ( 'NONE',  ( 0.0000000000000000000, 0.0000000000000000000, 1.000000000000000000 ) ) ;
#594 = VECTOR ( 'NONE', #5504, 1000.000000000000000 ) ;
#595 = CARTESIAN_POINT ( 'NONE',  ( 0.6000000000000003100, 4.174999999999999800, -2.699999999999999300 ) ) ;
#596 = CARTESIAN_POINT ( 'NONE',  ( 1.000000000000000400, 9.500000000000000000, 4.485059523282288300 ) ) ;
#597 = DIRECTION ( 'NONE',  ( -0.0000000000000000000, 1.000000000000000000, -0.0000000000000000000 ) ) ;
#598 = ADVANCED_FACE ( 'NONE', ( #5254 ), #8013, .F. ) ;
#599 = DIRECTION ( 'NONE',  ( -8.075993836018658100E-017, -0.0000000000000000000, -1.000000000000000000 ) ) ;
#600 = ORIENTED_EDGE ( 'NONE', *, *, #9382, .F. ) ;
#601 = FACE_OUTER_BOUND ( 'NONE', #5501, .T. ) ;
#602 = AXIS2_PLACEMENT_3D ( 'NONE', #1308, #8065, #8744 ) ;
#603 = DIRECTION ( 'NONE',  ( -0.0000000000000000000, 1.000000000000000000, -0.0000000000000000000 ) ) ;
#604 = CARTESIAN_POINT ( 'NONE',  ( 3.750000000000000900, -3.279999999999996300, 6.150000000000000400 ) ) ;
#605 = CARTESIAN_POINT ( 'NONE',  ( 0.0000000000000000000, -3.480000000000000000, 6.222794046853240800 ) ) ;
#606 = MANIFOLD_SOLID_BREP ( 'Sketch-Pattern1[1]', #2087 ) ;
#607 = ORIENTED_EDGE ( 'NONE', *, *, #7359, .F. ) ;
#608 = CLOSED_SHELL ( 'NONE', ( #9072, #7931, #1699, #8310, #739, #2183, #3416, #4711, #9378, #2157 ) ) ;
#609 = EDGE_CURVE ( 'NONE', #5716, #6570, #8940, .T. ) ;
#610 = PLANE ( 'NONE',  #1691 ) ;
#611 = CIRCLE ( 'NONE', #1977, 0.3999999999999999700 ) ;
#612 = DIRECTION ( 'NONE',  ( -1.000000000000000000, 0.0000000000000000000, 0.0000000000000000000 ) ) ;
#613 = AXIS2_PLACEMENT_3D ( 'NONE', #8690, #5643, #6447 ) ;
#614 = ORIENTED_EDGE ( 'NONE', *, *, #5146, .T. ) ;
#615 = CARTESIAN_POINT ( 'NONE',  ( 6.749636929786963600, 3.955368946075482000, 5.859520280219068200 ) ) ;
#616 = CIRCLE ( 'NONE', #5414, 0.2500000000000002200 ) ;
#617 = VECTOR ( 'NONE', #2085, 1000.000000000000100 ) ;
#618 = ADVANCED_FACE ( 'NONE', ( #56 ), #634, .T. ) ;
#619 = CARTESIAN_POINT ( 'NONE',  ( 6.750000000000006200, 3.974999999999987200, 5.850000000000000500 ) ) ;
#620 = EDGE_CURVE ( 'NONE', #46, #5098, #2400, .T. ) ;
#621 = ORIENTED_EDGE ( 'NONE', *, *, #3883, .F. ) ;
#622 = DIRECTION ( 'NONE',  ( -0.0000000000000000000, -0.0000000000000000000, -1.000000000000000000 ) ) ;
#623 = ORIENTED_EDGE ( 'NONE', *, *, #8907, .T. ) ;
#624 = ORIENTED_EDGE ( 'NONE', *, *, #3094, .T. ) ;
#625 = PLANE ( 'NONE',  #5931 ) ;
#626 = LINE ( 'NONE', #7728, #5364 ) ;
#627 = CARTESIAN_POINT ( 'NONE',  ( -1.055190116215857900, -1.709633081912044700, 0.1250000000000000000 ) ) ;
#628 = AXIS2_PLACEMENT_3D ( 'NONE', #1929, #2659, #7231 ) ;
#629 = EDGE_CURVE ( 'NONE', #1680, #5196, #399, .T. ) ;
#630 = DIRECTION ( 'NONE',  ( 1.000000000000000000, 0.0000000000000000000, 0.0000000000000000000 ) ) ;
#631 = VERTEX_POINT ( 'NONE', #8250 ) ;
#632 = VECTOR ( 'NONE', #4444, 1000.000000000000000 ) ;
#633 = EDGE_CURVE ( 'NONE', #2512, #7862, #7154, .T. ) ;
#634 = PLANE ( 'NONE',  #9612 ) ;
#635 = CARTESIAN_POINT ( 'NONE',  ( -6.874999999999998200, 2.349999999999987200, 4.749999999999992900 ) ) ;
#636 = CARTESIAN_POINT ( 'NONE',  ( 6.375000000000000900, 12.75000000000000200, 8.300000000000000700 ) ) ;
#637 = FACE_OUTER_BOUND ( 'NONE', #3351, .T. ) ;
#638 = CARTESIAN_POINT ( 'NONE',  ( -7.000000000000005300, 1.899999999999988800, 5.199999999999995700 ) ) ;
#639 = ORIENTED_EDGE ( 'NONE', *, *, #1445, .T. ) ;
#640 = PRESENTATION_LAYER_ASSIGNMENT (  '', '', ( #967 ) ) ;
#641 = ADVANCED_FACE ( 'NONE', ( #3585 ), #9092, .F. ) ;
#642 = ORIENTED_EDGE ( 'NONE', *, *, #3040, .F. ) ;
#643 = EDGE_LOOP ( 'NONE', ( #9528, #4984, #9341, #7875 ) ) ;
#644 = FACE_OUTER_BOUND ( 'NONE', #1658, .T. ) ;
#645 = CARTESIAN_POINT ( 'NONE',  ( -1.000000000000000000, 12.11159513863927900, 0.1250000000000001100 ) ) ;
#646 = VECTOR ( 'NONE', #789, 1000.000000000000000 ) ;
#647 = DIRECTION ( 'NONE',  ( 0.0000000000000000000, 0.0000000000000000000, -1.000000000000000000 ) ) ;
#648 = LINE ( 'NONE', #7172, #9553 ) ;
#649 = DIRECTION ( 'NONE',  ( 1.000000000000000000, 0.0000000000000000000, 0.0000000000000000000 ) ) ;
#650 = LINE ( 'NONE', #2664, #3610 ) ;
#651 = CARTESIAN_POINT ( 'NONE',  ( -1.275528258147577300, -2.481329165221064100, -0.1250000000000000000 ) ) ;
#652 = ORIENTED_EDGE ( 'NONE', *, *, #5671, .F. ) ;
#653 = EDGE_CURVE ( 'NONE', #5417, #8198, #4767, .T. ) ;
#654 = LINE ( 'NONE', #8970, #3398 ) ;
#655 = EDGE_LOOP ( 'NONE', ( #5170 ) ) ;
#656 = DIRECTION ( 'NONE',  ( -1.334402673828313600E-016, 1.000000000000000000, 5.204170427930424200E-016 ) ) ;
#657 = FACE_OUTER_BOUND ( 'NONE', #7173, .T. ) ;
#658 = VECTOR ( 'NONE', #2961, 1000.000000000000000 ) ;
#659 = DIRECTION ( 'NONE',  ( 1.000000000000000000, 1.239088197126290800E-016, 0.0000000000000000000 ) ) ;
#660 = LINE ( 'NONE', #4702, #4681 ) ;
#661 = DIRECTION ( 'NONE',  ( -0.0000000000000000000, 0.0000000000000000000, -1.000000000000000000 ) ) ;
#662 = AXIS2_PLACEMENT_3D ( 'NONE', #1079, #3363, #2554 ) ;
#663 = CIRCLE ( 'NONE', #3245, 0.2500000000000002200 ) ;
#664 = ORIENTED_EDGE ( 'NONE', *, *, #3676, .T. ) ;
#665 = LINE ( 'NONE', #6471, #1276 ) ;
#666 = VECTOR ( 'NONE', #4168, 1000.000000000000000 ) ;
#667 = DIRECTION ( 'NONE',  ( -0.0000000000000000000, 0.0000000000000000000, 1.000000000000000000 ) ) ;
#668 = ORIENTED_EDGE ( 'NONE', *, *, #4931, .T. ) ;
#669 = CARTESIAN_POINT ( 'NONE',  ( -7.000000000000005300, 1.049999999999997800, 6.550308009257218300 ) ) ;
#670 = ADVANCED_FACE ( 'NONE', ( #6326 ), #526, .F. ) ;
#671 = CARTESIAN_POINT ( 'NONE',  ( -4.699999999999998400, -3.480000000000000000, 3.722794046853242600 ) ) ;
#672 = CARTESIAN_POINT ( 'NONE',  ( 1.000000000000000400, 0.0000000000000000000, -4.449999999999999300 ) ) ;
#673 = DIRECTION ( 'NONE',  ( -0.0000000000000000000, -0.0000000000000000000, -1.000000000000000000 ) ) ;
#674 = ORIENTED_EDGE ( 'NONE', *, *, #4404, .T. ) ;
#675 = VECTOR ( 'NONE', #3482, 1000.000000000000000 ) ;
#676 = DIRECTION ( 'NONE',  ( 0.0000000000000000000, 2.551063935260010000E-016, -1.000000000000000000 ) ) ;
#677 = AXIS2_PLACEMENT_3D ( 'NONE', #6003, #661, #2181 ) ;
#678 = EDGE_LOOP ( 'NONE', ( #3455, #6760, #6518, #6465, #5508, #9122, #4835, #3792, #720, #8720, #7975, #2613, #5132, #5251, #5063, #4637, #3004, #3485, #6499, #2580 ) ) ;
#679 = CARTESIAN_POINT ( 'NONE',  ( -6.624999999999998200, 2.899999999999984800, 6.700000000000000200 ) ) ;
#680 = DIRECTION ( 'NONE',  ( 0.0000000000000000000, -0.0000000000000000000, 1.000000000000000000 ) ) ;
#681 = EDGE_CURVE ( 'NONE', #5117, #3993, #8928, .T. ) ;
#682 = EDGE_LOOP ( 'NONE', ( #4769, #982, #1560, #3907 ) ) ;
#683 = PLANE ( 'NONE',  #8881 ) ;
#684 = VERTEX_POINT ( 'NONE', #698 ) ;
#685 = AXIS2_PLACEMENT_3D ( 'NONE', #3904, #980, #6245 ) ;
#686 = SHAPE_DEFINITION_REPRESENTATION ( #3577, #1524 ) ;
#687 = DIRECTION ( 'NONE',  ( 0.0000000000000000000, 0.0000000000000000000, -1.000000000000000000 ) ) ;
#688 = CARTESIAN_POINT ( 'NONE',  ( 0.0000000000000000000, 9.500000000000000000, -4.199999999999999300 ) ) ;
#689 = ORIENTED_EDGE ( 'NONE', *, *, #780, .F. ) ;
#690 = ADVANCED_FACE ( 'NONE', ( #9397 ), #8379, .F. ) ;
#691 = EDGE_CURVE ( 'NONE', #2040, #6027, #8815, .T. ) ;
#692 = DIRECTION ( 'NONE',  ( 0.0000000000000000000, 0.0000000000000000000, -1.000000000000000000 ) ) ;
#693 = ORIENTED_EDGE ( 'NONE', *, *, #8602, .T. ) ;
#694 = EDGE_CURVE ( 'NONE', #3061, #1969, #4060, .T. ) ;
#695 = FACE_OUTER_BOUND ( 'NONE', #8253, .T. ) ;
#696 = DIRECTION ( 'NONE',  ( 1.000000000000000000, -0.0000000000000000000, -0.0000000000000000000 ) ) ;
#697 = AXIS2_PLACEMENT_3D ( 'NONE', #2329, #8350, #85 ) ;
#698 = CARTESIAN_POINT ( 'NONE',  ( -6.624999999999997300, 12.49999999999999800, 7.790000000000000000 ) ) ;
#699 = ORIENTED_EDGE ( 'NONE', *, *, #6153, .T. ) ;
#700 = DIRECTION ( 'NONE',  ( -1.000000000000000000, 0.0000000000000000000, 0.0000000000000000000 ) ) ;
#701 = ORIENTED_EDGE ( 'NONE', *, *, #4172, .F. ) ;
#702 = CARTESIAN_POINT ( 'NONE',  ( 6.875000000000000900, 4.999999999999997300, 8.040000000000027600 ) ) ;
#703 = ORIENTED_EDGE ( 'NONE', *, *, #500, .T. ) ;
#704 = ADVANCED_FACE ( 'NONE', ( #3096 ), #9217, .F. ) ;
#705 = EDGE_LOOP ( 'NONE', ( #2782, #4026, #3127, #9595 ) ) ;
#707 = EDGE_CURVE ( 'NONE', #1371, #1304, #8203, .T. ) ;
#706 = FACE_OUTER_BOUND ( 'NONE', #6321, .T. ) ;
#708 = DIRECTION ( 'NONE',  ( -2.556604186739367600E-028, 1.000000000000000000, -3.542745126994888700E-015 ) ) ;
#709 = EDGE_LOOP ( 'NONE', ( #8045, #8357, #2147, #8977 ) ) ;
#710 = ORIENTED_EDGE ( 'NONE', *, *, #3033, .T. ) ;
#711 = CARTESIAN_POINT ( 'NONE',  ( 6.999816035708842100, 3.953803334866439600, 5.861744759940963300 ) ) ;
#712 = EDGE_LOOP ( 'NONE', ( #2367, #1693, #9280, #7516, #5953, #1481 ) ) ;
#713 = LINE ( 'NONE', #5342, #4504 ) ;
#714 = AXIS2_PLACEMENT_3D ( 'NONE', #3929, #6938, #7897 ) ;
#715 = LINE ( 'NONE', #2959, #3892 ) ;
#716 = AXIS2_PLACEMENT_3D ( 'NONE', #1698, #5529, #7000 ) ;
#717 = ADVANCED_FACE ( 'NONE', ( #9644 ), #6108, .F. ) ;
#718 = DIRECTION ( 'NONE',  ( -0.0000000000000000000, -0.0000000000000000000, -1.000000000000000000 ) ) ;
#719 = ORIENTED_EDGE ( 'NONE', *, *, #8263, .T. ) ;
#720 = ORIENTED_EDGE ( 'NONE', *, *, #7424, .F. ) ;
#721 = EDGE_CURVE ( 'NONE', #134, #9113, #5965, .T. ) ;
#722 = ORIENTED_EDGE ( 'NONE', *, *, #946, .F. ) ;
#723 = DIRECTION ( 'NONE',  ( 0.8718951381180901600, 8.577799438434874600E-018, -0.4896926261707814100 ) ) ;
#724 = VECTOR ( 'NONE', #7306, 1000.000000000000000 ) ;
#725 = CARTESIAN_POINT ( 'NONE',  ( 6.624999999999999100, 4.999999999999998200, 8.016506350946132300 ) ) ;
#726 = ORIENTED_EDGE ( 'NONE', *, *, #8249, .F. ) ;
#727 = COLOUR_RGB ( '',0.7921568627450980000, 0.8196078431372548800, 0.9333333333333333500 ) ;
#728 = AXIS2_PLACEMENT_3D ( 'NONE', #1235, #2013, #3452 ) ;
#729 = CIRCLE ( 'NONE', #8040, 0.4000000000000001900 ) ;
#730 = CARTESIAN_POINT ( 'NONE',  ( 6.875000000000001800, -1.656610674714111600, 1.799999999999998700 ) ) ;
#731 = VECTOR ( 'NONE', #3343, 1000.000000000000000 ) ;
#732 = PLANE ( 'NONE',  #1555 ) ;
#733 = DIRECTION ( 'NONE',  ( 0.0000000000000000000, 0.0000000000000000000, -1.000000000000000000 ) ) ;
#734 = CARTESIAN_POINT ( 'NONE',  ( -6.374999999999999100, 12.75000000000000200, 8.300000000000000700 ) ) ;
#735 = PLANE ( 'NONE',  #7772 ) ;
#736 = ORIENTED_EDGE ( 'NONE', *, *, #2120, .T. ) ;
#737 = VERTEX_POINT ( 'NONE', #6872 ) ;
#738 = CIRCLE ( 'NONE', #5795, 0.07499999999999998300 ) ;
#739 = ADVANCED_FACE ( 'NONE', ( #7379 ), #6139, .F. ) ;
#740 = LINE ( 'NONE', #464, #9049 ) ;
#741 = CARTESIAN_POINT ( 'NONE',  ( 6.875000000000001800, -3.799999999999999800, 0.8161559028942522200 ) ) ;
#742 = CARTESIAN_POINT ( 'NONE',  ( 6.375000000000000900, 12.75000000000000000, 8.040000000000000900 ) ) ;
#743 = VECTOR ( 'NONE', #6725, 1000.000000000000000 ) ;
#744 = DIRECTION ( 'NONE',  ( 1.334402673828313600E-016, -1.000000000000000000, -2.551063935260010000E-016 ) ) ;
#745 = AXIS2_PLACEMENT_3D ( 'NONE', #9207, #8424, #4656 ) ;
#746 = CARTESIAN_POINT ( 'NONE',  ( -7.000000000000006200, 3.949999999999987300, 5.850000000000000500 ) ) ;
#747 = VERTEX_POINT ( 'NONE', #8440 ) ;
#748 = DIRECTION ( 'NONE',  ( 0.0000000000000000000, 0.0000000000000000000, -1.000000000000000000 ) ) ;
#749 = ORIENTED_EDGE ( 'NONE', *, *, #448, .T. ) ;
#750 = EDGE_LOOP ( 'NONE', ( #6956, #9419, #7283, #3191 ) ) ;
#751 = VECTOR ( 'NONE', #4894, 1000.000000000000100 ) ;
#752 = ORIENTED_EDGE ( 'NONE', *, *, #3872, .F. ) ;
#753 = FILL_AREA_STYLE_COLOUR ( '', #2227 ) ;
#754 = VECTOR ( 'NONE', #4108, 1000.000000000000000 ) ;
#755 = EDGE_CURVE ( 'NONE', #4571, #3164, #1362, .T. ) ;
#756 = DIRECTION ( 'NONE',  ( -1.000000000000000000, -0.0000000000000000000, 0.0000000000000000000 ) ) ;
#757 = CARTESIAN_POINT ( 'NONE',  ( -6.625000000000000900, 3.949999999999987300, 5.850000000000001400 ) ) ;
#758 = ORIENTED_EDGE ( 'NONE', *, *, #4436, .F. ) ;
#759 = DIRECTION ( 'NONE',  ( 0.0000000000000000000, 5.102127870520022000E-016, -1.000000000000000000 ) ) ;
#760 = AXIS2_PLACEMENT_3D ( 'NONE', #2714, #2684, #398 ) ;
#761 = CYLINDRICAL_SURFACE ( 'NONE', #1039, 0.2500000000000002200 ) ;
#762 = FACE_OUTER_BOUND ( 'NONE', #1360, .T. ) ;
#763 = CARTESIAN_POINT ( 'NONE',  ( 3.750000000000000900, 0.0000000000000000000, 6.150000000000000400 ) ) ;
#764 = EDGE_CURVE ( 'NONE', #2918, #5746, #5131, .T. ) ;
#765 = EDGE_CURVE ( 'NONE', #786, #2913, #6921, .T. ) ;
#766 = DIRECTION ( 'NONE',  ( -0.8718951381180898300, -8.577799438435748200E-018, 0.4896926261707817400 ) ) ;
#767 = ORIENTED_EDGE ( 'NONE', *, *, #317, .T. ) ;
#768 = DIRECTION ( 'NONE',  ( 0.0000000000000000000, 0.0000000000000000000, 1.000000000000000000 ) ) ;
#769 = CARTESIAN_POINT ( 'NONE',  ( -7.000000000000006200, 3.999999999999985300, 5.850000000000000500 ) ) ;
#770 = CARTESIAN_POINT ( 'NONE',  ( -7.000000000000005300, 1.049999999999997800, -0.2000000000000014000 ) ) ;
#771 = ORIENTED_EDGE ( 'NONE', *, *, #7813, .T. ) ;
#772 = VECTOR ( 'NONE', #6934, 1000.000000000000000 ) ;
#773 = FACE_BOUND ( 'NONE', #4982, .T. ) ;
#774 = AXIS2_PLACEMENT_3D ( 'NONE', #558, #5181, #6624 ) ;
#775 = LINE ( 'NONE', #6052, #8594 ) ;
#776 = DIRECTION ( 'NONE',  ( -1.000000000000000000, 0.0000000000000000000, 0.0000000000000000000 ) ) ;
#777 = ORIENTED_EDGE ( 'NONE', *, *, #6362, .T. ) ;
#778 = DIRECTION ( 'NONE',  ( 1.000000000000000000, 0.0000000000000000000, 0.0000000000000000000 ) ) ;
#779 = FACE_OUTER_BOUND ( 'NONE', #7449, .T. ) ;
#780 = EDGE_CURVE ( 'NONE', #6394, #5820, #626, .T. ) ;
#781 = DIRECTION ( 'NONE',  ( 0.9986295347545739400, 0.05233595624294408400, 0.0000000000000000000 ) ) ;
#782 =( LENGTH_UNIT ( ) NAMED_UNIT ( * ) SI_UNIT ( .MILLI., .METRE. ) );
#783 = LINE ( 'NONE', #4866, #7537 ) ;
#784 = CARTESIAN_POINT ( 'NONE',  ( 6.375000000000000900, 13.00000000000000000, 8.049999999999997200 ) ) ;
#785 = EDGE_CURVE ( 'NONE', #9185, #4916, #857, .T. ) ;
#786 = VERTEX_POINT ( 'NONE', #1759 ) ;
#787 = CIRCLE ( 'NONE', #5812, 0.07499999999999998300 ) ;
#788 = FACE_BOUND ( 'NONE', #8650, .T. ) ;
#789 = DIRECTION ( 'NONE',  ( 0.0000000000000000000, -1.000000000000000000, 3.491481338843134100E-015 ) ) ;
#790 = CARTESIAN_POINT ( 'NONE',  ( -6.374999999999998200, 0.0000000000000000000, 7.790000000000000000 ) ) ;
#791 = VECTOR ( 'NONE', #4204, 1000.000000000000000 ) ;
#792 = ADVANCED_FACE ( 'NONE', ( #2067 ), #4857, .F. ) ;
#793 = CARTESIAN_POINT ( 'NONE',  ( 7.000000000000000900, 0.0000000000000000000, -23.80497317454280500 ) ) ;
#794 = DIRECTION ( 'NONE',  ( 0.05233595624294395300, 0.9986295347545739400, 0.0000000000000000000 ) ) ;
#795 = ORIENTED_EDGE ( 'NONE', *, *, #188, .T. ) ;
#796 = CARTESIAN_POINT ( 'NONE',  ( -6.500000000000005300, 4.999999999999997300, 7.800000000000018500 ) ) ;
#797 = ORIENTED_EDGE ( 'NONE', *, *, #3861, .T. ) ;
#798 = CARTESIAN_POINT ( 'NONE',  ( -6.874999999999998200, 0.0000000000000000000, 3.450000000000000600 ) ) ;
#799 = AXIS2_PLACEMENT_3D ( 'NONE', #5776, #5144, #4246 ) ;
#800 = ORIENTED_EDGE ( 'NONE', *, *, #6566, .F. ) ;
#801 = DIRECTION ( 'NONE',  ( 1.000000000000000000, 0.0000000000000000000, -1.296989514749014200E-016 ) ) ;
#802 = ORIENTED_EDGE ( 'NONE', *, *, #3992, .T. ) ;
#803 = ORIENTED_EDGE ( 'NONE', *, *, #9748, .F. ) ;
#804 = DIRECTION ( 'NONE',  ( 0.0000000000000000000, 0.0000000000000000000, -1.000000000000000000 ) ) ;
#805 = EDGE_CURVE ( 'NONE', #1304, #3047, #6446, .T. ) ;
#806 = VECTOR ( 'NONE', #6502, 1000.000000000000000 ) ;
#807 = DIRECTION ( 'NONE',  ( 0.0000000000000000000, 1.000000000000000000, 0.0000000000000000000 ) ) ;
#808 = ORIENTED_EDGE ( 'NONE', *, *, #1140, .F. ) ;
#809 = EDGE_LOOP ( 'NONE', ( #8877, #7303, #2910, #329, #3019, #4742 ) ) ;
#810 = CARTESIAN_POINT ( 'NONE',  ( 3.677205953146759600, -3.480000000000000000, 6.222794046853240800 ) ) ;
#811 = AXIS2_PLACEMENT_3D ( 'NONE', #9681, #3537, #5834 ) ;
#812 = ORIENTED_EDGE ( 'NONE', *, *, #7076, .T. ) ;
#813 = CARTESIAN_POINT ( 'NONE',  ( 6.625000000000001800, 1.049999999999999600, 1.799999999999998700 ) ) ;
#814 = CARTESIAN_POINT ( 'NONE',  ( 3.750000000000000900, -3.279999999999996300, 6.150000000000000400 ) ) ;
#815 = CIRCLE ( 'NONE', #9222, 0.2500000000000002200 ) ;
#816 = EDGE_CURVE ( 'NONE', #1307, #1307, #48, .T. ) ;
#817 = EDGE_CURVE ( 'NONE', #7768, #2525, #6193, .T. ) ;
#818 = EDGE_LOOP ( 'NONE', ( #7232, #3121, #4839, #6549 ) ) ;
#819 = VERTEX_POINT ( 'NONE', #8574 ) ;
#820 = VERTEX_POINT ( 'NONE', #310 ) ;
#821 = DIRECTION ( 'NONE',  ( 0.0000000000000000000, -1.000000000000000000, 0.0000000000000000000 ) ) ;
#822 = VECTOR ( 'NONE', #1112, 1000.000000000000000 ) ;
#823 = PRESENTATION_STYLE_ASSIGNMENT (( #7256 ) ) ;
#824 = VECTOR ( 'NONE', #1747, 1000.000000000000000 ) ;
#825 = DIRECTION ( 'NONE',  ( 1.000000000000000000, 0.0000000000000000000, 0.0000000000000000000 ) ) ;
#826 = AXIS2_PLACEMENT_3D ( 'NONE', #9588, #2008, #6510 ) ;
#827 = CARTESIAN_POINT ( 'NONE',  ( -2.575000000000001500, 4.849999999999998800, -15.58944443027283300 ) ) ;
#828 = CARTESIAN_POINT ( 'NONE',  ( -3.676691070772524200, -3.481414627696880300, 6.376691070772525700 ) ) ;
#829 = DIRECTION ( 'NONE',  ( -1.000000000000000000, 0.0000000000000000000, 0.0000000000000000000 ) ) ;
#830 = CLOSED_SHELL ( 'NONE', ( #8480, #4394, #9281, #2136, #717, #6668, #8974, #9391, #5601, #6767 ) ) ;
#831 = ORIENTED_EDGE ( 'NONE', *, *, #2582, .T. ) ;
#832 =( NAMED_UNIT ( * ) PLANE_ANGLE_UNIT ( ) SI_UNIT ( $, .RADIAN. ) );
#833 = AXIS2_PLACEMENT_3D ( 'NONE', #117, #4009, #4837 ) ;
#834 = VECTOR ( 'NONE', #3222, 1000.000000000000000 ) ;
#835 = EDGE_CURVE ( 'NONE', #3682, #7954, #6683, .T. ) ;
#836 = CARTESIAN_POINT ( 'NONE',  ( -6.874314767377286200, 2.263075017336865400, 2.100000000000001000 ) ) ;
#837 = ADVANCED_FACE ( 'NONE', ( #2169 ), #2650, .F. ) ;
#838 = DIRECTION ( 'NONE',  ( 0.0000000000000000000, 5.204170427930424200E-016, -1.000000000000000000 ) ) ;
#839 = DIRECTION ( 'NONE',  ( -0.0000000000000000000, -0.0000000000000000000, 1.000000000000000000 ) ) ;
#840 = DIRECTION ( 'NONE',  ( 1.000000000000000000, 0.0000000000000000000, 0.0000000000000000000 ) ) ;
#841 = EDGE_LOOP ( 'NONE', ( #2428, #7664, #3724, #2955, #394, #2054, #7028, #3492, #4376, #5261, #9023, #5910, #8820, #5847, #2167, #4531, #1975 ) ) ;
#842 = ORIENTED_EDGE ( 'NONE', *, *, #1026, .T. ) ;
#843 = DIRECTION ( 'NONE',  ( 0.0000000000000000000, 0.0000000000000000000, -1.000000000000000000 ) ) ;
#844 = VECTOR ( 'NONE', #1294, 1000.000000000000000 ) ;
#845 = DIRECTION ( 'NONE',  ( 1.334402673828313600E-016, -1.000000000000000000, -5.102127870520020000E-016 ) ) ;
#846 = EDGE_CURVE ( 'NONE', #3994, #6470, #4653, .T. ) ;
#847 = VERTEX_POINT ( 'NONE', #2518 ) ;
#848 = VERTEX_POINT ( 'NONE', #4934 ) ;
#849 = LINE ( 'NONE', #8739, #4875 ) ;
#850 = LINE ( 'NONE', #6259, #274 ) ;
#851 = CARTESIAN_POINT ( 'NONE',  ( 7.000000000000003600, 12.49999999999999500, -2.699999999999999300 ) ) ;
#852 = VERTEX_POINT ( 'NONE', #3502 ) ;
#853 = AXIS2_PLACEMENT_3D ( 'NONE', #7625, #1623, #2245 ) ;
#854 = ORIENTED_EDGE ( 'NONE', *, *, #817, .F. ) ;
#855 = ORIENTED_EDGE ( 'NONE', *, *, #4354, .F. ) ;
#856 = ADVANCED_FACE ( 'NONE', ( #1936, #2293 ), #7953, .F. ) ;
#857 = LINE ( 'NONE', #1043, #6572 ) ;
#858 = VERTEX_POINT ( 'NONE', #8809 ) ;
#859 = DIRECTION ( 'NONE',  ( 0.0000000000000000000, 0.0000000000000000000, 1.000000000000000000 ) ) ;
#860 = CARTESIAN_POINT ( 'NONE',  ( -0.4500000000000002900, 6.199999999999999300, -4.199999999999999300 ) ) ;
#861 = CARTESIAN_POINT ( 'NONE',  ( 6.875000000000001800, 2.349999999999989000, 5.199999999999993100 ) ) ;
#862 = FACE_OUTER_BOUND ( 'NONE', #989, .T. ) ;
#863 = DIRECTION ( 'NONE',  ( -0.0000000000000000000, -0.0000000000000000000, 1.000000000000000000 ) ) ;
#864 = SURFACE_SIDE_STYLE ('',( #8342 ) ) ;
#865 = EDGE_CURVE ( 'NONE', #3603, #8175, #7842, .T. ) ;
#866 = CARTESIAN_POINT ( 'NONE',  ( -7.000000000000005300, 1.049999999999999200, -2.699999999999999300 ) ) ;
#867 = VERTEX_POINT ( 'NONE', #2621 ) ;
#868 = LINE ( 'NONE', #6309, #880 ) ;
#869 = CIRCLE ( 'NONE', #1798, 0.2999999999999999300 ) ;
#870 = LINE ( 'NONE', #3434, #4190 ) ;
#871 = CARTESIAN_POINT ( 'NONE',  ( -1.000000000000000000, 4.174999999999999800, -3.849999999999993900 ) ) ;
#872 = AXIS2_PLACEMENT_3D ( 'NONE', #1519, #744, #2307 ) ;
#873 = CARTESIAN_POINT ( 'NONE',  ( 0.0000000000000000000, 6.500000000000000000, -4.449999999999999300 ) ) ;
#874 = CARTESIAN_POINT ( 'NONE',  ( -6.374999999999999100, 13.00000000000000000, 8.049999999999997200 ) ) ;
#875 = ORIENTED_EDGE ( 'NONE', *, *, #4506, .T. ) ;
#876 = CARTESIAN_POINT ( 'NONE',  ( -0.9499999999999986200, 0.0000000000000000000, 6.450000000000000200 ) ) ;
#877 = VERTEX_POINT ( 'NONE', #4164 ) ;
#878 = EDGE_CURVE ( 'NONE', #9181, #9231, #155, .T. ) ;
#879 = EDGE_LOOP ( 'NONE', ( #3536, #1777, #4904, #4225 ) ) ;
#880 = VECTOR ( 'NONE', #7080, 1000.000000000000000 ) ;
#881 = VECTOR ( 'NONE', #5537, 1000.000000000000000 ) ;
#882 = EDGE_CURVE ( 'NONE', #5025, #9784, #4543, .T. ) ;
#883 = CARTESIAN_POINT ( 'NONE',  ( 1.250000000000001600, 0.0000000000000000000, 6.150000000000000400 ) ) ;
#884 = VECTOR ( 'NONE', #6731, 1000.000000000000000 ) ;
#885 = FACE_OUTER_BOUND ( 'NONE', #5709, .T. ) ;
#886 = CARTESIAN_POINT ( 'NONE',  ( 6.875000000000000000, 13.00000000000000000, 1.799999999999998700 ) ) ;
#887 = EDGE_LOOP ( 'NONE', ( #38, #8098, #4864, #3512, #5420, #6246 ) ) ;
#888 = ADVANCED_FACE ( 'NONE', ( #6096, #9174 ), #5664, .T. ) ;
#889 = DIRECTION ( 'NONE',  ( 0.0000000000000000000, 0.0000000000000000000, -1.000000000000000000 ) ) ;
#890 = VERTEX_POINT ( 'NONE', #7160 ) ;
#891 = LINE ( 'NONE', #5525, #432 ) ;
#892 = LINE ( 'NONE', #9696, #1618 ) ;
#893 = FACE_OUTER_BOUND ( 'NONE', #4493, .T. ) ;
#894 = EDGE_CURVE ( 'NONE', #2699, #5575, #3825, .T. ) ;
#895 = EDGE_LOOP ( 'NONE', ( #2654, #1249, #5777, #4513 ) ) ;
#896 = EDGE_CURVE ( 'NONE', #1178, #3061, #8088, .T. ) ;
#897 = FACE_OUTER_BOUND ( 'NONE', #7729, .T. ) ;
#898 = DIRECTION ( 'NONE',  ( 0.0000000000000000000, 0.0000000000000000000, -1.000000000000000000 ) ) ;
#899 = PLANE ( 'NONE',  #5779 ) ;
#900 = DIRECTION ( 'NONE',  ( 0.0000000000000000000, 0.0000000000000000000, -1.000000000000000000 ) ) ;
#901 = VERTEX_POINT ( 'NONE', #4233 ) ;
#902 = CARTESIAN_POINT ( 'NONE',  ( -6.625000000000000900, 2.949999999999987300, 5.850000000000001400 ) ) ;
#903 = VECTOR ( 'NONE', #5488, 1000.000000000000100 ) ;
#904 = CARTESIAN_POINT ( 'NONE',  ( 7.000000000000005300, 1.899999999999998100, 7.800000000000029100 ) ) ;
#905 = DIRECTION ( 'NONE',  ( -1.000000000000000000, 0.0000000000000000000, 0.0000000000000000000 ) ) ;
#906 = EDGE_CURVE ( 'NONE', #5410, #5934, #7611, .T. ) ;
#907 = CARTESIAN_POINT ( 'NONE',  ( 7.000000000000006200, 3.974999999999988100, 5.850000000000000500 ) ) ;
#908 = DIRECTION ( 'NONE',  ( -1.000000000000000000, -0.0000000000000000000, 0.0000000000000000000 ) ) ;
#909 = AXIS2_PLACEMENT_3D ( 'NONE', #5938, #4473, #9775 ) ;
#910 = ORIENTED_EDGE ( 'NONE', *, *, #3846, .F. ) ;
#911 = CARTESIAN_POINT ( 'NONE',  ( -1.576691070772524800, -3.481414627696880300, 6.376691070772525700 ) ) ;
#912 = FACE_OUTER_BOUND ( 'NONE', #4610, .T. ) ;
#913 = CARTESIAN_POINT ( 'NONE',  ( -6.733986892264766800, 2.949999999999987700, 5.911211578271352400 ) ) ;
#914 = CARTESIAN_POINT ( 'NONE',  ( -6.624999999999998200, 2.924999999999986500, 5.875000000000000000 ) ) ;
#915 = EDGE_CURVE ( 'NONE', #5361, #2506, #3458, .T. ) ;
#916 = CARTESIAN_POINT ( 'NONE',  ( 7.000000000000003600, 0.0000000000000000000, -2.699999999999999300 ) ) ;
#917 = ORIENTED_EDGE ( 'NONE', *, *, #6270, .F. ) ;
#918 = CARTESIAN_POINT ( 'NONE',  ( 6.375000000000000900, 12.49999999999999800, 8.040000000000000900 ) ) ;
#919 = DIRECTION ( 'NONE',  ( 0.02792163872356208000, -0.9996101150403545700, -0.0000000000000000000 ) ) ;
#920 = DIRECTION ( 'NONE',  ( -1.000000000000000000, 0.0000000000000000000, 0.0000000000000000000 ) ) ;
#921 = ORIENTED_EDGE ( 'NONE', *, *, #1062, .T. ) ;
#922 = AXIS2_PLACEMENT_3D ( 'NONE', #9209, #845, #6100 ) ;
#923 = DIRECTION ( 'NONE',  ( -8.577375050694224600E-017, 0.6427876096865348100, 0.7660444431189817900 ) ) ;
#924 = FACE_OUTER_BOUND ( 'NONE', #5255, .T. ) ;
#925 = EDGE_CURVE ( 'NONE', #5551, #7682, #4046, .T. ) ;
#926 = CARTESIAN_POINT ( 'NONE',  ( 6.424999999999999800, 3.999999999999987100, 6.700000000000000200 ) ) ;
#927 = CARTESIAN_POINT ( 'NONE',  ( -6.749880075175053000, 3.959387729607293700, 5.855474196221783800 ) ) ;
#928 = DIRECTION ( 'NONE',  ( -1.000000000000000000, 0.0000000000000000000, 0.0000000000000000000 ) ) ;
#929 = PLANE ( 'NONE',  #6638 ) ;
#930 = CARTESIAN_POINT ( 'NONE',  ( -6.374999999999999100, 2.236907039215393100, 3.300000000000000700 ) ) ;
#931 = ORIENTED_EDGE ( 'NONE', *, *, #4156, .F. ) ;
#932 = DIRECTION ( 'NONE',  ( 7.285838599102583500E-014, 0.0000000000000000000, -1.000000000000000000 ) ) ;
#933 = ORIENTED_EDGE ( 'NONE', *, *, #7603, .T. ) ;
#934 = AXIS2_PLACEMENT_3D ( 'NONE', #4496, #1559, #2278 ) ;
#935 = CYLINDRICAL_SURFACE ( 'NONE', #31, 0.1250000000000053300 ) ;
#936 = DIRECTION ( 'NONE',  ( -0.0000000000000000000, 0.0000000000000000000, 1.000000000000000000 ) ) ;
#937 = ADVANCED_FACE ( 'NONE', ( #7145 ), #9472, .F. ) ;
#938 = ORIENTED_EDGE ( 'NONE', *, *, #8174, .F. ) ;
#939 = CARTESIAN_POINT ( 'NONE',  ( 3.050000000000000700, 0.0000000000000000000, 6.150000000000000400 ) ) ;
#940 = CARTESIAN_POINT ( 'NONE',  ( 0.6291033726784029900, -3.799999999999999800, -0.1250000000000000000 ) ) ;
#941 = CARTESIAN_POINT ( 'NONE',  ( -6.424999999999997200, 2.899999999999986600, 5.850000000000002300 ) ) ;
#942 = ORIENTED_EDGE ( 'NONE', *, *, #8955, .F. ) ;
#943 = DIRECTION ( 'NONE',  ( 1.000000000000000000, 0.0000000000000000000, 0.0000000000000000000 ) ) ;
#944 = CARTESIAN_POINT ( 'NONE',  ( -5.800000000000000700, 0.2500000000000000000, 0.1250000000000001100 ) ) ;
#945 = ORIENTED_EDGE ( 'NONE', *, *, #960, .F. ) ;
#946 = EDGE_CURVE ( 'NONE', #9345, #9345, #7713, .T. ) ;
#947 = CARTESIAN_POINT ( 'NONE',  ( -6.500000000000024000, 4.999999999999999100, 8.050000000000018500 ) ) ;
#948 = DIRECTION ( 'NONE',  ( -1.000000000000000000, 1.334402673828313600E-016, 0.0000000000000000000 ) ) ;
#949 = VECTOR ( 'NONE', #3444, 1000.000000000000000 ) ;
#950 = AXIS2_PLACEMENT_3D ( 'NONE', #7698, #8496, #4714 ) ;
#951 = CARTESIAN_POINT ( 'NONE',  ( -6.374999999999980500, 1.899999999999999000, 8.050000000000038000 ) ) ;
#952 = ORIENTED_EDGE ( 'NONE', *, *, #4172, .T. ) ;
#953 = ADVANCED_FACE ( 'NONE', ( #2517 ), #7960, .F. ) ;
#954 = ORIENTED_EDGE ( 'NONE', *, *, #8823, .F. ) ;
#955 = DIRECTION ( 'NONE',  ( 1.000000000000000000, 0.0000000000000000000, 0.0000000000000000000 ) ) ;
#956 = DIRECTION ( 'NONE',  ( 1.000000000000000000, 0.0000000000000000000, -0.0000000000000000000 ) ) ;
#957 = AXIS2_PLACEMENT_3D ( 'NONE', #3065, #7669, #898 ) ;
#958 = DIRECTION ( 'NONE',  ( 0.9986295347545739400, -0.05233595624294382100, 0.0000000000000000000 ) ) ;
#960 = EDGE_CURVE ( 'NONE', #747, #8003, #6799, .T. ) ;
#959 = LINE ( 'NONE', #746, #3170 ) ;
#961 = DIRECTION ( 'NONE',  ( -1.000000000000000000, 0.0000000000000000000, 0.0000000000000000000 ) ) ;
#962 = EDGE_CURVE ( 'NONE', #1531, #6147, #2769, .T. ) ;
#963 = VERTEX_POINT ( 'NONE', #6666 ) ;
#964 = ORIENTED_EDGE ( 'NONE', *, *, #2908, .T. ) ;
#965 = EDGE_LOOP ( 'NONE', ( #5218, #5735, #8034, #5681 ) ) ;
#966 = LINE ( 'NONE', #9810, #367 ) ;
#967 = STYLED_ITEM ( 'NONE', ( #4976 ), #8863 ) ;
#968 = DIRECTION ( 'NONE',  ( -0.0000000000000000000, -0.0000000000000000000, 1.000000000000000000 ) ) ;
#969 = DIRECTION ( 'NONE',  ( 1.000000000000000000, 0.0000000000000000000, 0.0000000000000000000 ) ) ;
#970 = DIRECTION ( 'NONE',  ( 0.0000000000000000000, 0.0000000000000000000, -1.000000000000000000 ) ) ;
#971 = CARTESIAN_POINT ( 'NONE',  ( 6.375000000000000000, 13.00000000000000000, -2.699999999999999300 ) ) ;
#972 = ORIENTED_EDGE ( 'NONE', *, *, #9026, .T. ) ;
#973 = EDGE_CURVE ( 'NONE', #5276, #852, #8914, .T. ) ;
#974 = ORIENTED_EDGE ( 'NONE', *, *, #7327, .F. ) ;
#975 = EDGE_CURVE ( 'NONE', #6788, #7118, #738, .T. ) ;
#976 = VECTOR ( 'NONE', #8325, 1000.000000000000000 ) ;
#977 = DIRECTION ( 'NONE',  ( -0.0000000000000000000, -0.0000000000000000000, 1.000000000000000000 ) ) ;
#978 = CARTESIAN_POINT ( 'NONE',  ( -7.000000000000006200, 2.224999999999985400, 2.025000000000000800 ) ) ;
#979 = CARTESIAN_POINT ( 'NONE',  ( -6.999165738677400700, 2.949999999999987300, 5.875000000000000000 ) ) ;
#980 = DIRECTION ( 'NONE',  ( -1.000000000000000000, -0.0000000000000000000, 0.0000000000000000000 ) ) ;
#981 = CARTESIAN_POINT ( 'NONE',  ( -6.424999999999997200, 2.899999999999986600, 5.850000000000002300 ) ) ;
#982 = ORIENTED_EDGE ( 'NONE', *, *, #3094, .F. ) ;
#983 = DIRECTION ( 'NONE',  ( -1.000000000000000000, 0.0000000000000000000, 0.0000000000000000000 ) ) ;
#984 = CARTESIAN_POINT ( 'NONE',  ( 0.0000000000000000000, 6.500000000000000000, -15.58944443027283300 ) ) ;
#985 = ORIENTED_EDGE ( 'NONE', *, *, #8854, .F. ) ;
#986 = ORIENTED_EDGE ( 'NONE', *, *, #1633, .F. ) ;
#987 = FACE_OUTER_BOUND ( 'NONE', #2196, .T. ) ;
#988 = FACE_OUTER_BOUND ( 'NONE', #7169, .T. ) ;
#989 = EDGE_LOOP ( 'NONE', ( #6859 ) ) ;
#990 = LINE ( 'NONE', #3457, #6802 ) ;
#991 = PLANE ( 'NONE',  #3839 ) ;
#992 = LINE ( 'NONE', #3633, #6805 ) ;
#993 = CARTESIAN_POINT ( 'NONE',  ( 1.250000000000001600, 0.0000000000000000000, 6.450000000000000200 ) ) ;
#994 = CARTESIAN_POINT ( 'NONE',  ( 6.748911853027517600, 2.948733093218436400, 5.866678067897440800 ) ) ;
#995 = CARTESIAN_POINT ( 'NONE',  ( -6.941813527419702400, 3.363537276877651500, 2.100000000000000500 ) ) ;
#996 = ORIENTED_EDGE ( 'NONE', *, *, #6522, .T. ) ;
#997 = ADVANCED_FACE ( 'NONE', ( #515 ), #7413, .F. ) ;
#998 = EDGE_LOOP ( 'NONE', ( #505, #125, #9752, #1512 ) ) ;
#999 = CARTESIAN_POINT ( 'NONE',  ( 2.449999999999999300, 6.199999999999999300, -2.699999999999999300 ) ) ;
#1000 = FACE_OUTER_BOUND ( 'NONE', #3227, .T. ) ;
#1001 = VECTOR ( 'NONE', #5236, 1000.000000000000000 ) ;
#1002 = VERTEX_POINT ( 'NONE', #5867 ) ;
#1003 = VECTOR ( 'NONE', #2698, 1000.000000000000000 ) ;
#1004 = AXIS2_PLACEMENT_3D ( 'NONE', #5612, #1879, #7146 ) ;
#1005 = PLANE ( 'NONE',  #482 ) ;
#1006 = CARTESIAN_POINT ( 'NONE',  ( -6.733986892264766800, 2.949999999999987700, 5.911211578271352400 ) ) ;
#1007 = DIRECTION ( 'NONE',  ( 1.000000000000000000, 0.0000000000000000000, -0.0000000000000000000 ) ) ;
#1008 = CARTESIAN_POINT ( 'NONE',  ( 3.050000000000000700, -3.279999999999996300, 6.450000000000000200 ) ) ;
#1009 = EDGE_LOOP ( 'NONE', ( #6157, #9097, #7201, #2648 ) ) ;
#1010 = CARTESIAN_POINT ( 'NONE',  ( -4.699999999999998400, -3.480000000000000000, -2.499999999999998700 ) ) ;
#1011 = EDGE_LOOP ( 'NONE', ( #8419, #9070, #6868, #7445 ) ) ;
#1012 = ADVANCED_FACE ( 'NONE', ( #5719 ), #4432, .F. ) ;
#1013 = FACE_OUTER_BOUND ( 'NONE', #7486, .T. ) ;
#1014 = DIRECTION ( 'NONE',  ( 0.0000000000000000000, 0.0000000000000000000, 1.000000000000000000 ) ) ;
#1015 = EDGE_CURVE ( 'NONE', #1609, #7787, #1811, .T. ) ;
#1016 = ORIENTED_EDGE ( 'NONE', *, *, #9196, .T. ) ;
#1017 = ORIENTED_EDGE ( 'NONE', *, *, #5899, .T. ) ;
#1018 = ORIENTED_EDGE ( 'NONE', *, *, #4332, .T. ) ;
#1019 = VECTOR ( 'NONE', #3530, 1000.000000000000000 ) ;
#1020 = DIRECTION ( 'NONE',  ( 1.000000000000000000, 0.0000000000000000000, 0.0000000000000000000 ) ) ;
#1021 = CARTESIAN_POINT ( 'NONE',  ( -6.624999999999998200, -1.656610674714111600, -0.2000000000000014000 ) ) ;
#1022 = VECTOR ( 'NONE', #1415, 1000.000000000000000 ) ;
#1023 = ORIENTED_EDGE ( 'NONE', *, *, #130, .F. ) ;
#1024 = FACE_OUTER_BOUND ( 'NONE', #2626, .T. ) ;
#1025 = EDGE_CURVE ( 'NONE', #2699, #3528, #1350, .T. ) ;
#1026 = EDGE_CURVE ( 'NONE', #1969, #9290, #3319, .T. ) ;
#1027 = ORIENTED_EDGE ( 'NONE', *, *, #7473, .F. ) ;
#1028 = LINE ( 'NONE', #2105, #6841 ) ;
#1029 = DIRECTION ( 'NONE',  ( -1.000000000000000000, 0.0000000000000000000, 0.0000000000000000000 ) ) ;
#1030 = CARTESIAN_POINT ( 'NONE',  ( 6.625000000000002700, -3.626785478522209300, 1.088048239005247500 ) ) ;
#1031 = LINE ( 'NONE', #3602, #1984 ) ;
#1032 = DIRECTION ( 'NONE',  ( 0.0000000000000000000, 1.000000000000000000, 0.0000000000000000000 ) ) ;
#1033 = EDGE_LOOP ( 'NONE', ( #249, #2131, #4194, #1907 ) ) ;
#1034 = AXIS2_PLACEMENT_3D ( 'NONE', #9273, #234, #969 ) ;
#1035 = VECTOR ( 'NONE', #5372, 1000.000000000000000 ) ;
#1036 = ORIENTED_EDGE ( 'NONE', *, *, #3543, .F. ) ;
#1037 = FACE_OUTER_BOUND ( 'NONE', #4054, .T. ) ;
#1038 = VECTOR ( 'NONE', #6266, 1000.000000000000100 ) ;
#1039 = AXIS2_PLACEMENT_3D ( 'NONE', #7081, #1057, #7806 ) ;
#1040 = CARTESIAN_POINT ( 'NONE',  ( 0.0000000000000000000, -3.799999999999999800, 1.007276981136500800 ) ) ;
#1041 = CARTESIAN_POINT ( 'NONE',  ( 1.075000000000000000, 0.9022884140034506100, 0.1250000000000001100 ) ) ;
#1042 = EDGE_CURVE ( 'NONE', #9111, #6138, #2282, .T. ) ;
#1043 = CARTESIAN_POINT ( 'NONE',  ( -6.624999999999998200, 0.0000000000000000000, 5.850000000000000500 ) ) ;
#1044 = VECTOR ( 'NONE', #7734, 1000.000000000000000 ) ;
#1045 = CARTESIAN_POINT ( 'NONE',  ( -6.750002494633400300, 3.969367246088382700, 5.850482746439621600 ) ) ;
#1046 = PLANE ( 'NONE',  #5974 ) ;
#1047 = DIRECTION ( 'NONE',  ( 0.0000000000000000000, 0.0000000000000000000, -1.000000000000000000 ) ) ;
#1048 = CARTESIAN_POINT ( 'NONE',  ( -1.075000000000000000, 0.2500000000000006100, -4.699999999999999300 ) ) ;
#1049 = CARTESIAN_POINT ( 'NONE',  ( -6.874999999999998200, -1.656610674714111600, -0.2000000000000014000 ) ) ;
#1050 = ORIENTED_EDGE ( 'NONE', *, *, #8907, .F. ) ;
#1051 = AXIS2_PLACEMENT_3D ( 'NONE', #5268, #8349, #9189 ) ;
#1052 = DIRECTION ( 'NONE',  ( -0.0000000000000000000, 1.000000000000000000, -0.0000000000000000000 ) ) ;
#1053 = ADVANCED_FACE ( 'NONE', ( #9517 ), #9735, .T. ) ;
#1054 = CARTESIAN_POINT ( 'NONE',  ( -3.049999999999998000, -3.279999999999996300, 3.950000000000001100 ) ) ;
#1055 = AXIS2_PLACEMENT_3D ( 'NONE', #2492, #3229, #2766 ) ;
#1056 = DIRECTION ( 'NONE',  ( 0.0000000000000000000, 0.0000000000000000000, -1.000000000000000000 ) ) ;
#1057 = DIRECTION ( 'NONE',  ( -0.0000000000000000000, -0.0000000000000000000, 1.000000000000000000 ) ) ;
#1058 = EDGE_LOOP ( 'NONE', ( #5641, #4589, #7600, #3053 ) ) ;
#1059 = FILL_AREA_STYLE ('',( #2497 ) ) ;
#1060 = CARTESIAN_POINT ( 'NONE',  ( 6.625000000000001800, -1.656610674714111600, -0.2000000000000014000 ) ) ;
#1061 = DIRECTION ( 'NONE',  ( 0.0000000000000000000, 1.000000000000000000, 0.0000000000000000000 ) ) ;
#1062 = EDGE_CURVE ( 'NONE', #9227, #9227, #8320, .T. ) ;
#1063 = ORIENTED_EDGE ( 'NONE', *, *, #1253, .F. ) ;
#1064 = VERTEX_POINT ( 'NONE', #8337 ) ;
#1065 = ADVANCED_FACE ( 'NONE', ( #9271 ), #6317, .T. ) ;
#1066 = ORIENTED_EDGE ( 'NONE', *, *, #6699, .T. ) ;
#1067 = CARTESIAN_POINT ( 'NONE',  ( -6.733986892264766800, 3.949999999999988200, 5.911211578271352400 ) ) ;
#1068 = DIRECTION ( 'NONE',  ( 1.334402673828313600E-016, -1.000000000000000000, -2.551063935260010000E-016 ) ) ;
#1069 = EDGE_LOOP ( 'NONE', ( #5205 ) ) ;
#1070 = DIRECTION ( 'NONE',  ( 1.000000000000000000, 0.0000000000000000000, -7.216449660063441800E-014 ) ) ;
#1071 = ORIENTED_EDGE ( 'NONE', *, *, #2342, .T. ) ;
#1072 = ORIENTED_EDGE ( 'NONE', *, *, #1241, .T. ) ;
#1073 = DIRECTION ( 'NONE',  ( 1.000000000000000000, 0.0000000000000000000, 0.0000000000000000000 ) ) ;
#1074 = EDGE_CURVE ( 'NONE', #9774, #5309, #5244, .T. ) ;
#1075 = LINE ( 'NONE', #8986, #7688 ) ;
#1076 = DIRECTION ( 'NONE',  ( -0.0000000000000000000, 1.000000000000000000, -0.0000000000000000000 ) ) ;
#1077 = ORIENTED_EDGE ( 'NONE', *, *, #3297, .F. ) ;
#1078 = DIRECTION ( 'NONE',  ( 0.3236155771181821700, -0.8891264907159901500, 0.3236155771181821700 ) ) ;
#1079 = CARTESIAN_POINT ( 'NONE',  ( -7.000000000000005300, -1.656610674714111600, -0.2000000000000014000 ) ) ;
#1080 = ORIENTED_EDGE ( 'NONE', *, *, #5688, .T. ) ;
#1081 = EDGE_LOOP ( 'NONE', ( #9254, #9589, #1817, #555 ) ) ;
#1082 = DIRECTION ( 'NONE',  ( -1.000000000000000000, 0.0000000000000000000, 0.0000000000000000000 ) ) ;
#1083 = ORIENTED_EDGE ( 'NONE', *, *, #4701, .T. ) ;
#1084 = FACE_BOUND ( 'NONE', #1459, .T. ) ;
#1085 = VECTOR ( 'NONE', #7850, 1000.000000000000000 ) ;
#1086 = CARTESIAN_POINT ( 'NONE',  ( -6.624999999999998200, 2.149999999999985300, 8.040000000000000900 ) ) ;
#1087 = DIRECTION ( 'NONE',  ( 1.000000000000000000, -0.0000000000000000000, -0.0000000000000000000 ) ) ;
#1088 = CARTESIAN_POINT ( 'NONE',  ( -7.000000000000005300, 1.899999999999998100, 7.800000000000029100 ) ) ;
#1089 = EDGE_CURVE ( 'NONE', #1531, #4478, #6559, .T. ) ;
#1090 = DIRECTION ( 'NONE',  ( 1.000000000000000000, 0.0000000000000000000, 0.0000000000000000000 ) ) ;
#1091 = DIRECTION ( 'NONE',  ( -1.000000000000000000, -1.334402673828313600E-016, 0.0000000000000000000 ) ) ;
#1092 = ORIENTED_EDGE ( 'NONE', *, *, #1832, .F. ) ;
#1093 = CARTESIAN_POINT ( 'NONE',  ( -1.000000000000000000, 4.174999999999999800, -2.699999999999999300 ) ) ;
#1094 = CARTESIAN_POINT ( 'NONE',  ( 1.000000000000000400, 11.39897948556635400, -20.82203461105328300 ) ) ;
#1095 = FACE_OUTER_BOUND ( 'NONE', #3071, .T. ) ;
#1096 = AXIS2_PLACEMENT_3D ( 'NONE', #1553, #7623, #3002 ) ;
#1097 = DIRECTION ( 'NONE',  ( -2.556604186739367600E-028, 1.000000000000000000, -3.542745126994888700E-015 ) ) ;
#1098 = DIRECTION ( 'NONE',  ( -1.000000000000000000, 0.0000000000000000000, 0.0000000000000000000 ) ) ;
#1099 = CARTESIAN_POINT ( 'NONE',  ( 6.748493491993867700, 2.949352792448080200, 5.869348318764610700 ) ) ;
#1100 = ORIENTED_EDGE ( 'NONE', *, *, #7913, .F. ) ;
#1101 = ORIENTED_EDGE ( 'NONE', *, *, #6178, .T. ) ;
#1102 = ORIENTED_EDGE ( 'NONE', *, *, #1576, .F. ) ;
#1103 = ADVANCED_FACE ( 'NONE', ( #988 ), #128, .F. ) ;
#1104 = EDGE_CURVE ( 'NONE', #3970, #2977, #3697, .T. ) ;
#1105 = VECTOR ( 'NONE', #4084, 1000.000000000000000 ) ;
#1106 = EDGE_CURVE ( 'NONE', #9132, #3054, #8079, .T. ) ;
#1107 = DIRECTION ( 'NONE',  ( 0.0000000000000000000, 0.0000000000000000000, 1.000000000000000000 ) ) ;
#1108 = ORIENTED_EDGE ( 'NONE', *, *, #1299, .T. ) ;
#1109 = DIRECTION ( 'NONE',  ( 1.000000000000000000, 0.0000000000000000000, 0.0000000000000000000 ) ) ;
#1110 = MECHANICAL_DESIGN_GEOMETRIC_PRESENTATION_REPRESENTATION (  '', ( #9346 ), #90 ) ;
#1111 = VECTOR ( 'NONE', #5150, 1000.000000000000100 ) ;
#1112 = DIRECTION ( 'NONE',  ( 0.0000000000000000000, 0.0000000000000000000, -1.000000000000000000 ) ) ;
#1113 = VECTOR ( 'NONE', #3216, 1000.000000000000000 ) ;
#1114 = DIRECTION ( 'NONE',  ( -0.0000000000000000000, -0.0000000000000000000, 1.000000000000000000 ) ) ;
#1115 = ADVANCED_FACE ( 'NONE', ( #2052 ), #9602, .F. ) ;
#1116 = VECTOR ( 'NONE', #9567, 1000.000000000000000 ) ;
#1117 = CARTESIAN_POINT ( 'NONE',  ( -3.049999999999998000, -3.279999999999996300, 3.650000000000001200 ) ) ;
#1118 = AXIS2_PLACEMENT_3D ( 'NONE', #1535, #3801, #6845 ) ;
#1119 = EDGE_LOOP ( 'NONE', ( #8086, #9719, #9702, #3698 ) ) ;
#1120 = EDGE_CURVE ( 'NONE', #2614, #963, #1694, .T. ) ;
#1121 = CARTESIAN_POINT ( 'NONE',  ( -1.000000000000000000, 12.11159513863927900, 0.1250000000000001100 ) ) ;
#1122 = ORIENTED_EDGE ( 'NONE', *, *, #3437, .F. ) ;
#1123 = ORIENTED_EDGE ( 'NONE', *, *, #6223, .T. ) ;
#1124 = DIRECTION ( 'NONE',  ( -0.9396926207859095400, 0.3420201433256658300, 0.0000000000000000000 ) ) ;
#1125 = VECTOR ( 'NONE', #8613, 1000.000000000000000 ) ;
#1126 = ORIENTED_EDGE ( 'NONE', *, *, #5772, .F. ) ;
#1127 = CARTESIAN_POINT ( 'NONE',  ( 6.625000000000001800, 2.149999999999987000, 2.025000000000000800 ) ) ;
#1128 = DIRECTION ( 'NONE',  ( -0.05233595624294441800, 0.9986295347545738300, -0.0000000000000000000 ) ) ;
#1129 = FACE_OUTER_BOUND ( 'NONE', #9375, .T. ) ;
#1130 = FACE_OUTER_BOUND ( 'NONE', #1322, .T. ) ;
#1131 = CARTESIAN_POINT ( 'NONE',  ( 2.575000000000001500, 4.850000000000000500, 0.1250000000000001100 ) ) ;
#1132 = CARTESIAN_POINT ( 'NONE',  ( 6.875000000000001800, 2.224999999999986800, 2.025000000000000800 ) ) ;
#1133 = CARTESIAN_POINT ( 'NONE',  ( -6.999999490822459900, 3.969475786362299800, 5.850617976589967700 ) ) ;
#1134 = ORIENTED_EDGE ( 'NONE', *, *, #805, .T. ) ;
#1135 = LINE ( 'NONE', #9095, #2781 ) ;
#1136 = FACE_OUTER_BOUND ( 'NONE', #8069, .T. ) ;
#1137 = PLANE ( 'NONE',  #2125 ) ;
#1138 = DIRECTION ( 'NONE',  ( -0.9396926207859095400, 0.3420201433256658300, 0.0000000000000000000 ) ) ;
#1139 = EDGE_LOOP ( 'NONE', ( #9134, #996, #5032, #8592 ) ) ;
#1140 = EDGE_CURVE ( 'NONE', #9245, #631, #849, .T. ) ;
#1141 = DIRECTION ( 'NONE',  ( 0.0000000000000000000, -3.542745126994888700E-015, -1.000000000000000000 ) ) ;
#1142 = VERTEX_POINT ( 'NONE', #5749 ) ;
#1143 = ORIENTED_EDGE ( 'NONE', *, *, #1253, .T. ) ;
#1144 = CIRCLE ( 'NONE', #5591, 0.5000000000000004400 ) ;
#1145 = VECTOR ( 'NONE', #5318, 1000.000000000000000 ) ;
#1146 = DIRECTION ( 'NONE',  ( 0.0000000000000000000, 1.000000000000000000, 0.0000000000000000000 ) ) ;
#1147 = ORIENTED_EDGE ( 'NONE', *, *, #4788, .F. ) ;
#1148 = CARTESIAN_POINT ( 'NONE',  ( 6.625000000000001800, 2.224999999999986800, 2.025000000000000800 ) ) ;
#1149 = DIRECTION ( 'NONE',  ( -0.0000000000000000000, 1.000000000000000000, -0.0000000000000000000 ) ) ;
#1150 = CARTESIAN_POINT ( 'NONE',  ( 6.375000000000000900, 12.75000000000000000, 8.050000000000000700 ) ) ;
#1151 = ORIENTED_EDGE ( 'NONE', *, *, #5983, .F. ) ;
#1152 = EDGE_CURVE ( 'NONE', #372, #1625, #6086, .T. ) ;
#1153 = VECTOR ( 'NONE', #5723, 1000.000000000000100 ) ;
#1154 = VECTOR ( 'NONE', #119, 1000.000000000000000 ) ;
#1155 = LINE ( 'NONE', #7117, #3963 ) ;
#1156 = CARTESIAN_POINT ( 'NONE',  ( 1.250000000000001600, -3.279999999999996300, 6.150000000000000400 ) ) ;
#1157 = ADVANCED_FACE ( 'NONE', ( #7491, #5593, #270 ), #8797, .F. ) ;
#1158 = ORIENTED_EDGE ( 'NONE', *, *, #9596, .T. ) ;
#1159 = LINE ( 'NONE', #8375, #5765 ) ;
#1160 = CARTESIAN_POINT ( 'NONE',  ( -6.750000000000005300, 2.098616088517478100, 7.800000000000029100 ) ) ;
#1161 = STYLED_ITEM ( 'NONE', ( #1461 ), #6932 ) ;
#1162 = ORIENTED_EDGE ( 'NONE', *, *, #6786, .T. ) ;
#1163 = CYLINDRICAL_SURFACE ( 'NONE', #1945, 0.4000000000000001900 ) ;
#1164 = CARTESIAN_POINT ( 'NONE',  ( -6.874999999999998200, -3.799999999999999800, 0.8161559028942522200 ) ) ;
#1165 = VECTOR ( 'NONE', #3998, 1000.000000000000000 ) ;
#1166 = CARTESIAN_POINT ( 'NONE',  ( -6.999965458102522600, 3.959354321273132400, 5.855301727733910300 ) ) ;
#1167 = EDGE_CURVE ( 'NONE', #9290, #8175, #5839, .T. ) ;
#1168 = ORIENTED_EDGE ( 'NONE', *, *, #5851, .T. ) ;
#1169 = EDGE_CURVE ( 'NONE', #2447, #9231, #7602, .T. ) ;
#1170 = DIRECTION ( 'NONE',  ( 0.0000000000000000000, 0.0000000000000000000, 1.000000000000000000 ) ) ;
#1171 = ADVANCED_FACE ( 'NONE', ( #9047 ), #5817, .F. ) ;
#1172 = DIRECTION ( 'NONE',  ( -1.000000000000000000, 0.0000000000000000000, 0.0000000000000000000 ) ) ;
#1173 = CARTESIAN_POINT ( 'NONE',  ( -5.800000000000000700, 0.2500000000000000000, 0.1250000000000001100 ) ) ;
#1174 = VERTEX_POINT ( 'NONE', #5780 ) ;
#1175 = CIRCLE ( 'NONE', #8412, 0.2500000000000000000 ) ;
#1176 = CARTESIAN_POINT ( 'NONE',  ( 6.625000000000000900, 2.949999999999987300, 5.850000000000001400 ) ) ;
#1177 = STYLED_ITEM ( 'NONE', ( #2135 ), #9178 ) ;
#1178 = VERTEX_POINT ( 'NONE', #1989 ) ;
#1179 = DIRECTION ( 'NONE',  ( 0.0000000000000000000, 0.0000000000000000000, -1.000000000000000000 ) ) ;
#1180 = EDGE_LOOP ( 'NONE', ( #7814, #5852, #4648, #6606 ) ) ;
#1181 = EDGE_CURVE ( 'NONE', #6980, #6980, #5010, .T. ) ;
#1182 = DIRECTION ( 'NONE',  ( -0.0000000000000000000, -0.0000000000000000000, -1.000000000000000000 ) ) ;
#1183 = CARTESIAN_POINT ( 'NONE',  ( -6.748911853027517600, 3.951266906781539600, 5.866678067897440800 ) ) ;
#1184 = CARTESIAN_POINT ( 'NONE',  ( 0.0000000000000000000, 0.0000000000000000000, 0.0000000000000000000 ) ) ;
#1185 = DIRECTION ( 'NONE',  ( -0.0000000000000000000, 1.000000000000000000, -3.491481338843133400E-015 ) ) ;
#1186 = CARTESIAN_POINT ( 'NONE',  ( 1.250000000000001600, -3.279999999999996300, 6.450000000000000200 ) ) ;
#1187 = VECTOR ( 'NONE', #9257, 1000.000000000000000 ) ;
#1188 = CARTESIAN_POINT ( 'NONE',  ( -0.9999999999999995600, 6.500000000000000000, 0.1250000000000000000 ) ) ;
#1189 = VERTEX_POINT ( 'NONE', #4955 ) ;
#1190 = VERTEX_POINT ( 'NONE', #6604 ) ;
#1191 = DIRECTION ( 'NONE',  ( -1.000000000000000000, 0.0000000000000000000, 0.0000000000000000000 ) ) ;
#1192 = ORIENTED_EDGE ( 'NONE', *, *, #915, .T. ) ;
#1193 = AXIS2_PLACEMENT_3D ( 'NONE', #6708, #2925, #4174 ) ;
#1194 = DIRECTION ( 'NONE',  ( 0.0000000000000000000, 0.0000000000000000000, -1.000000000000000000 ) ) ;
#1195 = CARTESIAN_POINT ( 'NONE',  ( -6.624999999999997300, 12.49999999999999800, 7.790000000000000000 ) ) ;
#1196 = ORIENTED_EDGE ( 'NONE', *, *, #2312, .F. ) ;
#1197 = CARTESIAN_POINT ( 'NONE',  ( -6.742652905300590600, -0.001497648141261299400, 3.300000000000000700 ) ) ;
#1198 = EDGE_LOOP ( 'NONE', ( #6214, #1381, #523, #462, #1771, #4289, #1433, #1329, #1950, #4464, #5128, #8395 ) ) ;
#1199 = VECTOR ( 'NONE', #9809, 1000.000000000000000 ) ;
#1200 = ORIENTED_EDGE ( 'NONE', *, *, #2414, .F. ) ;
#1201 = ORIENTED_EDGE ( 'NONE', *, *, #1152, .T. ) ;
#1202 = ORIENTED_EDGE ( 'NONE', *, *, #6423, .T. ) ;
#1203 = ORIENTED_EDGE ( 'NONE', *, *, #171, .F. ) ;
#1204 = AXIS2_PLACEMENT_3D ( 'NONE', #1947, #6513, #7244 ) ;
#1205 = FACE_OUTER_BOUND ( 'NONE', #2536, .T. ) ;
#1206 = CARTESIAN_POINT ( 'NONE',  ( 6.375000000000000000, 12.75000000000000200, 8.040000000000000900 ) ) ;
#1207 = EDGE_LOOP ( 'NONE', ( #7627, #1523, #7521, #3959 ) ) ;
#1208 = ORIENTED_EDGE ( 'NONE', *, *, #7327, .T. ) ;
#1209 = EDGE_CURVE ( 'NONE', #3175, #1189, #40, .T. ) ;
#1210 = CARTESIAN_POINT ( 'NONE',  ( -6.750000000000006200, 3.949999999999987300, 5.850000000000001400 ) ) ;
#1211 = VECTOR ( 'NONE', #9218, 1000.000000000000100 ) ;
#1212 = DIRECTION ( 'NONE',  ( -1.000000000000000000, 0.0000000000000000000, 0.0000000000000000000 ) ) ;
#1213 = DIRECTION ( 'NONE',  ( 0.0000000000000000000, 0.0000000000000000000, 1.000000000000000000 ) ) ;
#1214 = FACE_OUTER_BOUND ( 'NONE', #2418, .T. ) ;
#1215 = DIRECTION ( 'NONE',  ( 1.000000000000000000, 0.0000000000000000000, -0.0000000000000000000 ) ) ;
#1216 = DIRECTION ( 'NONE',  ( 0.0000000000000000000, 1.000000000000000000, 0.0000000000000000000 ) ) ;
#1217 = DIRECTION ( 'NONE',  ( 0.0000000000000000000, 0.0000000000000000000, -1.000000000000000000 ) ) ;
#1218 = ADVANCED_FACE ( 'NONE', ( #1240 ), #2744, .F. ) ;
#1219 = AXIS2_PLACEMENT_3D ( 'NONE', #4989, #5781, #1269 ) ;
#1220 = ORIENTED_EDGE ( 'NONE', *, *, #1877, .T. ) ;
#1221 = EDGE_LOOP ( 'NONE', ( #5625, #9467, #6202, #1773 ) ) ;
#1222 = EDGE_LOOP ( 'NONE', ( #5231, #758, #8373, #8299 ) ) ;
#1223 = DIRECTION ( 'NONE',  ( 0.0000000000000000000, 0.0000000000000000000, 1.000000000000000000 ) ) ;
#1224 = VECTOR ( 'NONE', #8083, 1000.000000000000000 ) ;
#1225 = EDGE_CURVE ( 'NONE', #9032, #5098, #2877, .T. ) ;
#1226 = EDGE_CURVE ( 'NONE', #5154, #9774, #9388, .T. ) ;
#1227 = CARTESIAN_POINT ( 'NONE',  ( -6.874999999999998200, 12.49999999999999100, 8.040000000000000900 ) ) ;
#1228 = PLANE ( 'NONE',  #4442 ) ;
#1229 = PLANE ( 'NONE',  #799 ) ;
#1230 = VERTEX_POINT ( 'NONE', #645 ) ;
#1231 = EDGE_LOOP ( 'NONE', ( #7547, #572, #2478, #6454 ) ) ;
#1232 = VECTOR ( 'NONE', #9005, 1000.000000000000000 ) ;
#1233 = LINE ( 'NONE', #6053, #5459 ) ;
#1234 = LINE ( 'NONE', #2462, #508 ) ;
#1235 = CARTESIAN_POINT ( 'NONE',  ( 2.449999999999999300, 6.199999999999999300, -2.699999999999999300 ) ) ;
#1236 = ORIENTED_EDGE ( 'NONE', *, *, #8433, .T. ) ;
#1237 = EDGE_CURVE ( 'NONE', #6665, #5392, #7368, .T. ) ;
#1238 = VERTEX_POINT ( 'NONE', #431 ) ;
#1239 = CARTESIAN_POINT ( 'NONE',  ( 6.375000000000000900, 12.75000000000000000, 8.050000000000000700 ) ) ;
#1240 = FACE_OUTER_BOUND ( 'NONE', #3095, .T. ) ;
#1241 = EDGE_CURVE ( 'NONE', #2294, #2263, #4525, .T. ) ;
#1242 = LINE ( 'NONE', #9362, #4756 ) ;
#1243 = LINE ( 'NONE', #2870, #9050 ) ;
#1244 = ORIENTED_EDGE ( 'NONE', *, *, #380, .F. ) ;
#1245 = CARTESIAN_POINT ( 'NONE',  ( -0.8999999999999999100, 0.8715010882118843200, 0.1250000000000000000 ) ) ;
#1246 = CARTESIAN_POINT ( 'NONE',  ( 3.750000000000000900, -3.279999999999996300, 6.150000000000000400 ) ) ;
#1247 = ORIENTED_EDGE ( 'NONE', *, *, #8135, .F. ) ;
#1248 = DIRECTION ( 'NONE',  ( 0.0000000000000000000, -1.000000000000000000, 0.0000000000000000000 ) ) ;
#1249 = ORIENTED_EDGE ( 'NONE', *, *, #2033, .T. ) ;
#1250 = LINE ( 'NONE', #2833, #3007 ) ;
#1251 = ORIENTED_EDGE ( 'NONE', *, *, #202, .T. ) ;
#1252 = CARTESIAN_POINT ( 'NONE',  ( 0.0000000000000000000, 8.220000000000000600, -2.699999999999999300 ) ) ;
#1253 = EDGE_CURVE ( 'NONE', #166, #3660, #3385, .T. ) ;
#1254 = CARTESIAN_POINT ( 'NONE',  ( -6.747474487139165000, 2.949999999999987300, 5.875000000000000000 ) ) ;
#1255 = DIRECTION ( 'NONE',  ( 0.05233595624294408400, -0.9986295347545739400, 0.0000000000000000000 ) ) ;
#1256 = VERTEX_POINT ( 'NONE', #5919 ) ;
#1257 = CARTESIAN_POINT ( 'NONE',  ( 3.123308929227475600, -3.481414627696880300, 3.723308929227475300 ) ) ;
#1258 = VECTOR ( 'NONE', #9483, 1000.000000000000000 ) ;
#1259 = FILL_AREA_STYLE ('',( #2864 ) ) ;
#1260 = CARTESIAN_POINT ( 'NONE',  ( 1.000000000000000400, 11.53495530793510300, -4.183228552863506700 ) ) ;
#1261 = CARTESIAN_POINT ( 'NONE',  ( -7.000000000000006200, 3.499999999999985300, 3.450000000000000600 ) ) ;
#1262 = DIRECTION ( 'NONE',  ( 0.0000000000000000000, 0.0000000000000000000, -1.000000000000000000 ) ) ;
#1263 = VERTEX_POINT ( 'NONE', #6654 ) ;
#1264 = AXIS2_PLACEMENT_3D ( 'NONE', #2692, #8773, #2619 ) ;
#1265 = ADVANCED_FACE ( 'NONE', ( #6672 ), #2393, .F. ) ;
#1266 = ORIENTED_EDGE ( 'NONE', *, *, #7618, .F. ) ;
#1267 = EDGE_LOOP ( 'NONE', ( #3217, #5964, #5669, #2019, #1686, #2315, #7414, #5605 ) ) ;
#1268 = LINE ( 'NONE', #6331, #6592 ) ;
#1269 = DIRECTION ( 'NONE',  ( -0.0000000000000000000, -3.542745126994888700E-015, -1.000000000000000000 ) ) ;
#1270 = LINE ( 'NONE', #9024, #8112 ) ;
#1271 = EDGE_CURVE ( 'NONE', #6363, #2113, #5232, .T. ) ;
#1272 = DIRECTION ( 'NONE',  ( 0.0000000000000000000, 1.000000000000000000, 0.0000000000000000000 ) ) ;
#1273 = VERTEX_POINT ( 'NONE', #2339 ) ;
#1274 = LINE ( 'NONE', #5855, #9082 ) ;
#1275 = EDGE_LOOP ( 'NONE', ( #7190, #8119, #5826, #6716 ) ) ;
#1276 = VECTOR ( 'NONE', #7896, 1000.000000000000000 ) ;
#1277 = VECTOR ( 'NONE', #7935, 1000.000000000000100 ) ;
#1278 = DIRECTION ( 'NONE',  ( 1.334402673828313600E-016, -1.000000000000000000, 0.0000000000000000000 ) ) ;
#1279 = DIRECTION ( 'NONE',  ( -1.000000000000000000, 0.0000000000000000000, 0.0000000000000000000 ) ) ;
#1280 = DIRECTION ( 'NONE',  ( 0.0000000000000000000, 0.0000000000000000000, -1.000000000000000000 ) ) ;
#1281 = CARTESIAN_POINT ( 'NONE',  ( -0.6000000000000000900, 4.174999999999999800, -3.849999999999993900 ) ) ;
#1282 = DIRECTION ( 'NONE',  ( -0.0000000000000000000, -0.0000000000000000000, 1.000000000000000000 ) ) ;
#1283 = ORIENTED_EDGE ( 'NONE', *, *, #764, .F. ) ;
#1284 = VECTOR ( 'NONE', #2516, 1000.000000000000000 ) ;
#1285 = DIRECTION ( 'NONE',  ( 0.0000000000000000000, 0.0000000000000000000, -1.000000000000000000 ) ) ;
#1286 = EDGE_CURVE ( 'NONE', #6418, #3831, #2508, .T. ) ;
#1287 = VERTEX_POINT ( 'NONE', #1547 ) ;
#1288 = VECTOR ( 'NONE', #7834, 1000.000000000000100 ) ;
#1289 = CARTESIAN_POINT ( 'NONE',  ( 1.650000000000000800, -3.279999999999996300, 3.650000000000000800 ) ) ;
#1290 = ORIENTED_EDGE ( 'NONE', *, *, #1673, .F. ) ;
#1291 = AXIS2_PLACEMENT_3D ( 'NONE', #9605, #9502, #1272 ) ;
#1292 = CARTESIAN_POINT ( 'NONE',  ( 6.875000000000000900, 2.224999999999986800, 2.025000000000000800 ) ) ;
#1293 = FILL_AREA_STYLE_COLOUR ( '', #360 ) ;
#1294 = DIRECTION ( 'NONE',  ( 1.000000000000000000, 0.0000000000000000000, 0.0000000000000000000 ) ) ;
#1295 = CARTESIAN_POINT ( 'NONE',  ( 7.000000000000006200, 2.924999999999986500, 5.850000000000000500 ) ) ;
#1296 = VERTEX_POINT ( 'NONE', #7532 ) ;
#1297 = DIRECTION ( 'NONE',  ( 0.0000000000000000000, -1.000000000000000000, 0.0000000000000000000 ) ) ;
#1298 = EDGE_CURVE ( 'NONE', #2776, #8206, #8067, .T. ) ;
#1299 = EDGE_CURVE ( 'NONE', #1901, #1359, #8306, .T. ) ;
#1300 = DIRECTION ( 'NONE',  ( 1.000000000000000000, 1.334402673828313600E-016, 0.0000000000000000000 ) ) ;
#1301 = ORIENTED_EDGE ( 'NONE', *, *, #5577, .T. ) ;
#1302 = DIRECTION ( 'NONE',  ( 0.0000000000000000000, 0.0000000000000000000, -1.000000000000000000 ) ) ;
#1303 = AXIS2_PLACEMENT_3D ( 'NONE', #6533, #6637, #9642 ) ;
#1304 = VERTEX_POINT ( 'NONE', #8286 ) ;
#1305 = EDGE_CURVE ( 'NONE', #1238, #6657, #384, .T. ) ;
#1306 = EDGE_LOOP ( 'NONE', ( #279, #7673, #4133, #7951 ) ) ;
#1307 = VERTEX_POINT ( 'NONE', #2853 ) ;
#1308 = CARTESIAN_POINT ( 'NONE',  ( 6.875000000000002700, -3.500000000000000000, 0.8161559028942522200 ) ) ;
#1309 = CARTESIAN_POINT ( 'NONE',  ( 6.375000000000000900, 13.00000000000000000, 8.049999999999997200 ) ) ;
#1310 = EDGE_CURVE ( 'NONE', #5309, #3668, #6074, .T. ) ;
#1311 = CARTESIAN_POINT ( 'NONE',  ( -6.624999999999998200, -2.501847198195503300, -0.01261557407330320800 ) ) ;
#1312 = ORIENTED_EDGE ( 'NONE', *, *, #5644, .F. ) ;
#1313 = CARTESIAN_POINT ( 'NONE',  ( -2.050000000000000300, 6.200000000000000200, -2.699999999999999300 ) ) ;
#1314 = CARTESIAN_POINT ( 'NONE',  ( 6.500000000000003600, 13.00000000000000000, -4.699999999999999300 ) ) ;
#1315 = DIRECTION ( 'NONE',  ( 0.0000000000000000000, 0.0000000000000000000, 1.000000000000000000 ) ) ;
#1316 = VERTEX_POINT ( 'NONE', #4586 ) ;
#1317 = ADVANCED_FACE ( 'NONE', ( #7022 ), #2366, .F. ) ;
#1318 = DIRECTION ( 'NONE',  ( -0.3236155771181821700, -0.8891264907159901500, 0.3236155771181821700 ) ) ;
#1319 = VERTEX_POINT ( 'NONE', #7653 ) ;
#1320 = FACE_OUTER_BOUND ( 'NONE', #7057, .T. ) ;
#1321 = AXIS2_PLACEMENT_3D ( 'NONE', #5928, #2146, #9767 ) ;
#1322 = EDGE_LOOP ( 'NONE', ( #6084, #3475, #8029, #2254 ) ) ;
#1323 = DIRECTION ( 'NONE',  ( -1.000000000000000000, -1.334402673828313600E-016, 0.0000000000000000000 ) ) ;
#1324 = EDGE_LOOP ( 'NONE', ( #7628 ) ) ;
#1325 = CARTESIAN_POINT ( 'NONE',  ( 1.250000000000001600, -3.279999999999996300, 6.450000000000000200 ) ) ;
#1326 = ORIENTED_EDGE ( 'NONE', *, *, #9137, .F. ) ;
#1327 = CARTESIAN_POINT ( 'NONE',  ( -3.749999999999998200, -7.721577310586390300, 3.950000000000001100 ) ) ;
#1328 = CARTESIAN_POINT ( 'NONE',  ( -0.9499999999999977400, 0.0000000000000000000, 3.950000000000001100 ) ) ;
#1329 = ORIENTED_EDGE ( 'NONE', *, *, #9043, .T. ) ;
#1330 = CIRCLE ( 'NONE', #8127, 0.7500000000000041100 ) ;
#1331 = EDGE_CURVE ( 'NONE', #8376, #9132, #9035, .T. ) ;
#1332 = VECTOR ( 'NONE', #6051, 1000.000000000000000 ) ;
#1333 = ORIENTED_EDGE ( 'NONE', *, *, #1906, .F. ) ;
#1334 = LINE ( 'NONE', #8251, #5444 ) ;
#1335 = CARTESIAN_POINT ( 'NONE',  ( -6.624999999999998200, -3.626785478522209300, 1.088048239005247500 ) ) ;
#1336 = ADVANCED_FACE ( 'NONE', ( #2638 ), #3754, .F. ) ;
#1337 = DIRECTION ( 'NONE',  ( 1.000000000000000000, 1.334402673828313600E-016, -0.0000000000000000000 ) ) ;
#1338 = EDGE_CURVE ( 'NONE', #2294, #1788, #1233, .T. ) ;
#1339 = ORIENTED_EDGE ( 'NONE', *, *, #2625, .F. ) ;
#1340 = ORIENTED_EDGE ( 'NONE', *, *, #1599, .F. ) ;
#1341 = CARTESIAN_POINT ( 'NONE',  ( 1.250000000000001600, -7.721577310586390300, 6.150000000000000400 ) ) ;
#1342 = CARTESIAN_POINT ( 'NONE',  ( 3.200000000000003700, 6.199999999999999300, -4.199999999999999300 ) ) ;
#1343 = CARTESIAN_POINT ( 'NONE',  ( 1.177205953146760500, -3.480000000000000000, 0.0000000000000000000 ) ) ;
#1344 = DIRECTION ( 'NONE',  ( 2.556604186739367600E-028, -1.000000000000000000, 3.542745126994888700E-015 ) ) ;
#1345 = CARTESIAN_POINT ( 'NONE',  ( -7.000000000000005300, 2.149999999999985300, 3.300000000000000700 ) ) ;
#1346 = AXIS2_PLACEMENT_3D ( 'NONE', #7034, #238, #9373 ) ;
#1347 = ORIENTED_EDGE ( 'NONE', *, *, #1801, .F. ) ;
#1348 = ORIENTED_EDGE ( 'NONE', *, *, #7660, .F. ) ;
#1349 = VECTOR ( 'NONE', #1107, 1000.000000000000000 ) ;
#1350 = LINE ( 'NONE', #8170, #4535 ) ;
#1351 = EDGE_CURVE ( 'NONE', #8669, #4916, #1800, .T. ) ;
#1352 = DIRECTION ( 'NONE',  ( -1.000000000000000000, -1.334402673828313600E-016, -0.0000000000000000000 ) ) ;
#1353 = LINE ( 'NONE', #3526, #9166 ) ;
#1354 = EDGE_CURVE ( 'NONE', #527, #3887, #616, .T. ) ;
#1355 = LINE ( 'NONE', #6181, #9167 ) ;
#1356 = CARTESIAN_POINT ( 'NONE',  ( 1.075000000000000000, 0.2500000000000006100, -4.699999999999999300 ) ) ;
#1357 = DIRECTION ( 'NONE',  ( 1.000000000000000000, 0.0000000000000000000, 0.0000000000000000000 ) ) ;
#1358 = CARTESIAN_POINT ( 'NONE',  ( -7.000000000000005300, 1.049999999999997800, 1.799999999999998700 ) ) ;
#1359 = VERTEX_POINT ( 'NONE', #6120 ) ;
#1360 = EDGE_LOOP ( 'NONE', ( #7764, #6428, #9117, #1776, #219, #1503, #5130, #7193, #4748, #2057, #4885, #220 ) ) ;
#1361 = AXIS2_PLACEMENT_3D ( 'NONE', #8827, #575, #2808 ) ;
#1362 = LINE ( 'NONE', #9309, #1125 ) ;
#1363 = VERTEX_POINT ( 'NONE', #1518 ) ;
#1364 = ADVANCED_FACE ( 'NONE', ( #4743 ), #26, .F. ) ;
#1365 = VECTOR ( 'NONE', #9212, 1000.000000000000000 ) ;
#1366 = CARTESIAN_POINT ( 'NONE',  ( 6.605784270717713900, 3.949999999999986400, 6.650000000000000400 ) ) ;
#1367 = PLANE ( 'NONE',  #6886 ) ;
#1368 = DIRECTION ( 'NONE',  ( 0.4896926261707817400, 0.0000000000000000000, -0.8718951381180898300 ) ) ;
#1369 = CARTESIAN_POINT ( 'NONE',  ( 6.749802566270732400, 3.957078853082214300, 5.857351812240958500 ) ) ;
#1370 = EDGE_CURVE ( 'NONE', #2281, #8903, #4997, .T. ) ;
#1371 = VERTEX_POINT ( 'NONE', #5280 ) ;
#1372 = VECTOR ( 'NONE', #8246, 1000.000000000000000 ) ;
#1373 = CARTESIAN_POINT ( 'NONE',  ( -0.9999999999999995600, 9.500000000000000000, 0.6250000000000001100 ) ) ;
#1374 = LINE ( 'NONE', #7347, #6813 ) ;
#1375 = EDGE_LOOP ( 'NONE', ( #7364, #972, #2244, #4565 ) ) ;
#1376 = CARTESIAN_POINT ( 'NONE',  ( 0.6233089292274752700, -3.481414627696880300, 6.376691070772525700 ) ) ;
#1377 = CARTESIAN_POINT ( 'NONE',  ( 0.0000000000000000000, 8.220000000000000600, -2.699999999999999300 ) ) ;
#1378 = FILL_AREA_STYLE ('',( #5067 ) ) ;
#1379 = AXIS2_PLACEMENT_3D ( 'NONE', #7930, #2622, #4069 ) ;
#1380 = VERTEX_POINT ( 'NONE', #741 ) ;
#1381 = ORIENTED_EDGE ( 'NONE', *, *, #579, .T. ) ;
#1382 = ORIENTED_EDGE ( 'NONE', *, *, #4032, .T. ) ;
#1383 = LINE ( 'NONE', #7439, #7175 ) ;
#1384 = LINE ( 'NONE', #4276, #2547 ) ;
#1385 = CARTESIAN_POINT ( 'NONE',  ( 2.575000000000001500, 4.850000000000000500, -4.199999999999999300 ) ) ;
#1386 = ADVANCED_FACE ( 'NONE', ( #6304 ), #7805, .F. ) ;
#1387 = CARTESIAN_POINT ( 'NONE',  ( 6.500000000000005300, 4.999999999999987600, 5.199999999999983300 ) ) ;
#1388 = ORIENTED_EDGE ( 'NONE', *, *, #1445, .F. ) ;
#1389 = PLANE ( 'NONE',  #1738 ) ;
#1390 = PLANE ( 'NONE',  #8466 ) ;
#1391 = LINE ( 'NONE', #9556, #1856 ) ;
#1392 = CYLINDRICAL_SURFACE ( 'NONE', #872, 0.3750000000000055500 ) ;
#1393 = FACE_OUTER_BOUND ( 'NONE', #8666, .T. ) ;
#1394 = CARTESIAN_POINT ( 'NONE',  ( -7.000000000000005300, 1.049999999999997800, 1.799999999999998700 ) ) ;
#1395 = VECTOR ( 'NONE', #174, 1000.000000000000000 ) ;
#1396 = ORIENTED_EDGE ( 'NONE', *, *, #2523, .F. ) ;
#1397 = EDGE_CURVE ( 'NONE', #7333, #1721, #8791, .T. ) ;
#1398 = LINE ( 'NONE', #6700, #2924 ) ;
#1399 = CARTESIAN_POINT ( 'NONE',  ( 6.749890416458252500, 3.959184620889132600, 5.855441752909563000 ) ) ;
#1400 = DIRECTION ( 'NONE',  ( 0.0000000000000000000, -5.102127870520020000E-016, 1.000000000000000000 ) ) ;
#1401 = ORIENTED_EDGE ( 'NONE', *, *, #6020, .F. ) ;
#1402 = DIRECTION ( 'NONE',  ( 1.000000000000000000, 0.0000000000000000000, 0.0000000000000000000 ) ) ;
#1403 = ADVANCED_FACE ( 'NONE', ( #2755 ), #1581, .F. ) ;
#1404 = EDGE_CURVE ( 'NONE', #9611, #2614, #8194, .T. ) ;
#1405 = DIRECTION ( 'NONE',  ( 0.0000000000000000000, 0.0000000000000000000, 1.000000000000000000 ) ) ;
#1406 = ORIENTED_EDGE ( 'NONE', *, *, #9412, .F. ) ;
#1407 = EDGE_CURVE ( 'NONE', #236, #6645, #8547, .T. ) ;
#1408 = VERTEX_POINT ( 'NONE', #3137 ) ;
#1409 = CARTESIAN_POINT ( 'NONE',  ( -6.733986892264766800, 3.949999999999988200, 5.911211578271352400 ) ) ;
#1410 = DIRECTION ( 'NONE',  ( 0.0000000000000000000, 0.0000000000000000000, 1.000000000000000000 ) ) ;
#1411 = DIRECTION ( 'NONE',  ( 0.0000000000000000000, -1.000000000000000000, 6.982962677686266700E-015 ) ) ;
#1412 = ORIENTED_EDGE ( 'NONE', *, *, #9164, .T. ) ;
#1413 = CARTESIAN_POINT ( 'NONE',  ( 6.625000000000000900, 3.999999999999987100, 6.700000000000000200 ) ) ;
#1414 = DIRECTION ( 'NONE',  ( 0.0000000000000000000, -1.000000000000000000, 3.491481338843134100E-015 ) ) ;
#1415 = DIRECTION ( 'NONE',  ( 1.000000000000000000, 0.0000000000000000000, 0.0000000000000000000 ) ) ;
#1416 = EDGE_CURVE ( 'NONE', #3088, #8024, #2153, .T. ) ;
#1417 = EDGE_LOOP ( 'NONE', ( #5963, #9777, #3144, #5904, #4754, #7229, #9750, #9306 ) ) ;
#1418 = FILL_AREA_STYLE ('',( #4454 ) ) ;
#1419 = EDGE_LOOP ( 'NONE', ( #6525, #1072, #797, #8638 ) ) ;
#1420 = DIRECTION ( 'NONE',  ( 0.0000000000000000000, -3.469446951953611000E-015, -1.000000000000000000 ) ) ;
#1421 = PRODUCT_RELATED_PRODUCT_CATEGORY ( 'part', '', ( #4700 ) ) ;
#1422 = ORIENTED_EDGE ( 'NONE', *, *, #3293, .T. ) ;
#1423 = ADVANCED_FACE ( 'NONE', ( #2042 ), #497, .F. ) ;
#1424 = DIRECTION ( 'NONE',  ( 0.0000000000000000000, 1.000000000000000000, 0.0000000000000000000 ) ) ;
#1425 = VERTEX_POINT ( 'NONE', #5911 ) ;
#1426 = EDGE_CURVE ( 'NONE', #1256, #589, #32, .T. ) ;
#1427 = ORIENTED_EDGE ( 'NONE', *, *, #4893, .F. ) ;
#1428 = VECTOR ( 'NONE', #9723, 1000.000000000000000 ) ;
#1429 = CARTESIAN_POINT ( 'NONE',  ( -6.992310288989234100, 0.01158634091947473300, 3.300000000000000700 ) ) ;
#1430 = EDGE_CURVE ( 'NONE', #5098, #6445, #62, .T. ) ;
#1431 = VECTOR ( 'NONE', #2194, 1000.000000000000000 ) ;
#1432 = CARTESIAN_POINT ( 'NONE',  ( -6.374999999999999100, 2.236907039215393100, 3.925892442448258200 ) ) ;
#1433 = ORIENTED_EDGE ( 'NONE', *, *, #6507, .F. ) ;
#1434 = ORIENTED_EDGE ( 'NONE', *, *, #5657, .T. ) ;
#1435 = EDGE_LOOP ( 'NONE', ( #8468, #7504, #1534, #1158 ) ) ;
#1436 = LINE ( 'NONE', #2452, #4855 ) ;
#1437 = PRESENTATION_STYLE_ASSIGNMENT (( #6826 ) ) ;
#1438 = DIRECTION ( 'NONE',  ( 0.0000000000000000000, 0.0000000000000000000, 1.000000000000000000 ) ) ;
#1439 = CARTESIAN_POINT ( 'NONE',  ( 7.000000000000006200, 3.999999999999987100, 5.875000000000000000 ) ) ;
#1440 = DIRECTION ( 'NONE',  ( 1.000000000000000000, 1.334402673828313600E-016, 0.0000000000000000000 ) ) ;
#1441 = PLANE ( 'NONE',  #7785 ) ;
#1442 = PLANE ( 'NONE',  #2898 ) ;
#1443 = VERTEX_POINT ( 'NONE', #1413 ) ;
#1444 = ORIENTED_EDGE ( 'NONE', *, *, #5688, .F. ) ;
#1445 = EDGE_CURVE ( 'NONE', #3061, #228, #5381, .T. ) ;
#1446 = LINE ( 'NONE', #3445, #724 ) ;
#1447 = ADVANCED_FACE ( 'NONE', ( #5870 ), #4351, .T. ) ;
#1448 = DIRECTION ( 'NONE',  ( 1.000000000000000000, 0.0000000000000000000, 0.0000000000000000000 ) ) ;
#1449 = PLANE ( 'NONE',  #4615 ) ;
#1450 = ORIENTED_EDGE ( 'NONE', *, *, #3636, .T. ) ;
#1451 = ORIENTED_EDGE ( 'NONE', *, *, #1298, .F. ) ;
#1452 = CARTESIAN_POINT ( 'NONE',  ( -0.6291033726784029900, -3.799999999999999800, 0.1250000000000000000 ) ) ;
#1453 = VECTOR ( 'NONE', #6059, 1000.000000000000000 ) ;
#1454 = CARTESIAN_POINT ( 'NONE',  ( -6.624999999999998200, 2.899999999999983900, 8.040000000000002700 ) ) ;
#1455 = EDGE_CURVE ( 'NONE', #476, #1263, #7393, .T. ) ;
#1456 = CARTESIAN_POINT ( 'NONE',  ( -5.800000000000000700, 0.2500000000000000000, -4.699999999999999300 ) ) ;
#1457 = ORIENTED_EDGE ( 'NONE', *, *, #5163, .T. ) ;
#1458 = ORIENTED_EDGE ( 'NONE', *, *, #9518, .T. ) ;
#1459 = EDGE_LOOP ( 'NONE', ( #4047 ) ) ;
#1460 = VECTOR ( 'NONE', #2785, 1000.000000000000000 ) ;
#1461 = PRESENTATION_STYLE_ASSIGNMENT (( #3667 ) ) ;
#1462 = DIRECTION ( 'NONE',  ( 0.0000000000000000000, 0.0000000000000000000, -1.000000000000000000 ) ) ;
#1463 = AXIS2_PLACEMENT_3D ( 'NONE', #3946, #948, #1681 ) ;
#1464 = LINE ( 'NONE', #5813, #5016 ) ;
#1465 = VECTOR ( 'NONE', #7401, 1000.000000000000000 ) ;
#1466 = EDGE_LOOP ( 'NONE', ( #2239, #8058, #465, #9356 ) ) ;
#1467 = EDGE_CURVE ( 'NONE', #6237, #7934, #4783, .T. ) ;
#1468 = CARTESIAN_POINT ( 'NONE',  ( 6.500000000000042600, 4.999999999999999100, 8.300000000000018500 ) ) ;
#1469 = ORIENTED_EDGE ( 'NONE', *, *, #7618, .T. ) ;
#1470 = DIRECTION ( 'NONE',  ( 0.0000000000000000000, -3.469446951953611000E-015, -1.000000000000000000 ) ) ;
#1471 = ADVANCED_FACE ( 'NONE', ( #5622 ), #9812, .F. ) ;
#1472 = LINE ( 'NONE', #4440, #4899 ) ;
#1473 = EDGE_CURVE ( 'NONE', #4095, #2913, #176, .T. ) ;
#1474 = ORIENTED_EDGE ( 'NONE', *, *, #4049, .F. ) ;
#1475 = CARTESIAN_POINT ( 'NONE',  ( 7.000000000000005300, 4.999999999999999100, 8.299999999999982900 ) ) ;
#1476 = CARTESIAN_POINT ( 'NONE',  ( 6.625000000000001800, -1.656610674714108100, -0.2000000000000014000 ) ) ;
#1477 = VECTOR ( 'NONE', #1700, 1000.000000000000000 ) ;
#1478 = DIRECTION ( 'NONE',  ( 0.0000000000000000000, 1.000000000000000000, 0.0000000000000000000 ) ) ;
#1479 = CARTESIAN_POINT ( 'NONE',  ( 6.875000000000001800, -3.799999999999999800, 0.7838440971057467600 ) ) ;
#1480 = AXIS2_PLACEMENT_3D ( 'NONE', #5844, #7304, #4244 ) ;
#1481 = ORIENTED_EDGE ( 'NONE', *, *, #2878, .T. ) ;
#1483 = DIRECTION ( 'NONE',  ( -1.000000000000000000, -1.334402673828313600E-016, 0.0000000000000000000 ) ) ;
#1482 = DIRECTION ( 'NONE',  ( -0.9396926207859095400, 0.3420201433256658300, 0.0000000000000000000 ) ) ;
#1484 = FACE_OUTER_BOUND ( 'NONE', #2488, .T. ) ;
#1485 = CARTESIAN_POINT ( 'NONE',  ( -7.038999959144346600, 2.630833889476434700, 2.100000000000000500 ) ) ;
#1486 = VECTOR ( 'NONE', #6959, 1000.000000000000000 ) ;
#1487 = CARTESIAN_POINT ( 'NONE',  ( -0.9999999999999995600, 0.0000000000000000000, -4.449999999999999300 ) ) ;
#1488 = ORIENTED_EDGE ( 'NONE', *, *, #6996, .F. ) ;
#1489 = EDGE_CURVE ( 'NONE', #4095, #867, #1135, .T. ) ;
#1490 = ORIENTED_EDGE ( 'NONE', *, *, #4451, .T. ) ;
#1491 = ORIENTED_EDGE ( 'NONE', *, *, #2943, .T. ) ;
#1492 = CIRCLE ( 'NONE', #602, 0.2999999999999999300 ) ;
#1493 = LINE ( 'NONE', #4140, #6945 ) ;
#1494 = DIRECTION ( 'NONE',  ( -0.0000000000000000000, 1.000000000000000000, -0.0000000000000000000 ) ) ;
#1495 = DIRECTION ( 'NONE',  ( 0.0000000000000000000, 0.0000000000000000000, -1.000000000000000000 ) ) ;
#1496 =( NAMED_UNIT ( * ) SI_UNIT ( $, .STERADIAN. ) SOLID_ANGLE_UNIT ( ) );
#1497 = ORIENTED_EDGE ( 'NONE', *, *, #4774, .T. ) ;
#1498 = PLANE ( 'NONE',  #7137 ) ;
#1499 = AXIS2_PLACEMENT_3D ( 'NONE', #9042, #5162, #7471 ) ;
#1500 = FACE_OUTER_BOUND ( 'NONE', #4949, .T. ) ;
#1501 = ADVANCED_FACE ( 'NONE', ( #1819 ), #4163, .T. ) ;
#1502 = DIRECTION ( 'NONE',  ( -1.000000000000000000, 0.0000000000000000000, -0.0000000000000000000 ) ) ;
#1503 = ORIENTED_EDGE ( 'NONE', *, *, #7848, .F. ) ;
#1504 = LINE ( 'NONE', #8674, #6489 ) ;
#1505 = FACE_OUTER_BOUND ( 'NONE', #321, .T. ) ;
#1506 = CARTESIAN_POINT ( 'NONE',  ( 2.375000000000000000, 3.469839113182271500, -15.58944443027283300 ) ) ;
#1507 = LINE ( 'NONE', #2356, #6717 ) ;
#1508 = DIRECTION ( 'NONE',  ( -1.334402673828313600E-016, -1.000000000000000000, -2.551063935260010000E-016 ) ) ;
#1509 = DIRECTION ( 'NONE',  ( 8.075993836018656900E-017, -0.0000000000000000000, 1.000000000000000000 ) ) ;
#1510 = DIRECTION ( 'NONE',  ( 1.000000000000000000, 0.0000000000000000000, 0.0000000000000000000 ) ) ;
#1511 = CARTESIAN_POINT ( 'NONE',  ( -6.799999999999998900, -3.480000000000000000, -2.499999999999998700 ) ) ;
#1512 = ORIENTED_EDGE ( 'NONE', *, *, #6105, .F. ) ;
#1513 = FACE_OUTER_BOUND ( 'NONE', #6072, .T. ) ;
#1514 = DIRECTION ( 'NONE',  ( 0.0000000000000000000, 1.000000000000000000, 1.606225440719265900E-016 ) ) ;
#1515 = AXIS2_PLACEMENT_3D ( 'NONE', #5680, #9492, #2674 ) ;
#1516 = LINE ( 'NONE', #4355, #3039 ) ;
#1517 = EDGE_LOOP ( 'NONE', ( #2118, #6327, #5926, #8790 ) ) ;
#1518 = CARTESIAN_POINT ( 'NONE',  ( 6.375000000000000900, 13.00000000000000000, 8.049999999999997200 ) ) ;
#1519 = CARTESIAN_POINT ( 'NONE',  ( 6.625000000000000900, 3.949999999999987300, 5.850000000000001400 ) ) ;
#1520 = DIRECTION ( 'NONE',  ( 0.0000000000000000000, 0.0000000000000000000, 1.000000000000000000 ) ) ;
#1521 = EDGE_CURVE ( 'NONE', #6514, #6418, #8802, .T. ) ;
#1522 = ORIENTED_EDGE ( 'NONE', *, *, #365, .F. ) ;
#1523 = ORIENTED_EDGE ( 'NONE', *, *, #9795, .T. ) ;
#1524 = ADVANCED_BREP_SHAPE_REPRESENTATION ( 'KMDGX-8S-AS', ( #8682, #4428, #606, #5158, #6381, #9178, #5043, #6082, #6932, #8863, #9600, #8551, #3104 ), #3428 ) ;
#1525 =( NAMED_UNIT ( * ) PLANE_ANGLE_UNIT ( ) SI_UNIT ( $, .RADIAN. ) );
#1526 = CARTESIAN_POINT ( 'NONE',  ( 1.000000000000000400, 12.11159513863927900, 4.485059523282288300 ) ) ;
#1527 = DIRECTION ( 'NONE',  ( -0.0000000000000000000, -0.0000000000000000000, -1.000000000000000000 ) ) ;
#1528 = ORIENTED_EDGE ( 'NONE', *, *, #707, .F. ) ;
#1529 = EDGE_CURVE ( 'NONE', #3438, #6537, #4205, .T. ) ;
#1530 = CARTESIAN_POINT ( 'NONE',  ( 1.249357707624858100, -2.107554504209499400, -0.1250000000000000000 ) ) ;
#1531 = VERTEX_POINT ( 'NONE', #3746 ) ;
#1532 = EDGE_CURVE ( 'NONE', #2113, #1901, #4909, .T. ) ;
#1533 = VERTEX_POINT ( 'NONE', #6045 ) ;
#1534 = ORIENTED_EDGE ( 'NONE', *, *, #9147, .T. ) ;
#1535 = CARTESIAN_POINT ( 'NONE',  ( 6.625000000000001800, 2.224999999999986800, 3.375000000000000900 ) ) ;
#1536 = PLANE ( 'NONE',  #1557 ) ;
#1537 = AXIS2_PLACEMENT_3D ( 'NONE', #6710, #3745, #7426 ) ;
#1538 = CARTESIAN_POINT ( 'NONE',  ( 0.8999999999999999100, 0.8715010882118842100, 0.1250000000000000000 ) ) ;
#1539 = DIRECTION ( 'NONE',  ( 0.0000000000000000000, 1.000000000000000000, 0.0000000000000000000 ) ) ;
#1540 = ORIENTED_EDGE ( 'NONE', *, *, #1467, .F. ) ;
#1541 = DIRECTION ( 'NONE',  ( -1.000000000000000000, 0.0000000000000000000, 0.0000000000000000000 ) ) ;
#1542 = ORIENTED_EDGE ( 'NONE', *, *, #7993, .T. ) ;
#1543 = CIRCLE ( 'NONE', #3228, 0.5000000000000004400 ) ;
#1544 = EDGE_CURVE ( 'NONE', #3047, #1174, #1923, .T. ) ;
#1545 = ADVANCED_FACE ( 'NONE', ( #2995 ), #7796, .F. ) ;
#1546 = ORIENTED_EDGE ( 'NONE', *, *, #8491, .T. ) ;
#1547 = CARTESIAN_POINT ( 'NONE',  ( -6.374999999999998200, 12.75000000000000200, 8.040000000000000900 ) ) ;
#1548 = VERTEX_POINT ( 'NONE', #6814 ) ;
#1549 = CARTESIAN_POINT ( 'NONE',  ( 6.567327451886732200, 3.343911293286549600, 3.300000000000000700 ) ) ;
#1550 = CARTESIAN_POINT ( 'NONE',  ( -6.750000000000006200, 2.924999999999986500, 5.850000000000000500 ) ) ;
#1551 = VERTEX_POINT ( 'NONE', #5304 ) ;
#1552 = VECTOR ( 'NONE', #5793, 1000.000000000000000 ) ;
#1553 = CARTESIAN_POINT ( 'NONE',  ( 1.650000000000000800, -3.279999999999996300, 3.650000000000000800 ) ) ;
#1554 = VECTOR ( 'NONE', #9493, 1000.000000000000000 ) ;
#1555 = AXIS2_PLACEMENT_3D ( 'NONE', #15, #1509, #2260 ) ;
#1556 = FACE_OUTER_BOUND ( 'NONE', #8519, .T. ) ;
#1557 = AXIS2_PLACEMENT_3D ( 'NONE', #6078, #9123, #3770 ) ;
#1558 = VECTOR ( 'NONE', #3138, 1000.000000000000000 ) ;
#1559 = DIRECTION ( 'NONE',  ( -0.0000000000000000000, -0.0000000000000000000, -1.000000000000000000 ) ) ;
#1560 = ORIENTED_EDGE ( 'NONE', *, *, #8671, .T. ) ;
#1561 = ORIENTED_EDGE ( 'NONE', *, *, #6615, .T. ) ;
#1562 = DIRECTION ( 'NONE',  ( 0.0000000000000000000, 0.0000000000000000000, -1.000000000000000000 ) ) ;
#1563 = DIRECTION ( 'NONE',  ( -1.000000000000000000, 0.0000000000000000000, 0.0000000000000000000 ) ) ;
#1564 = EDGE_CURVE ( 'NONE', #2243, #6102, #1864, .T. ) ;
#1565 = VERTEX_POINT ( 'NONE', #8578 ) ;
#1566 = CIRCLE ( 'NONE', #6809, 0.5000000000000004400 ) ;
#1567 = DIRECTION ( 'NONE',  ( 0.0000000000000000000, 1.000000000000000000, 0.0000000000000000000 ) ) ;
#1568 = CARTESIAN_POINT ( 'NONE',  ( 6.375000000000001800, 2.236907039215394500, 2.100000000000001000 ) ) ;
#1569 = ORIENTED_EDGE ( 'NONE', *, *, #4258, .F. ) ;
#1570 = ORIENTED_EDGE ( 'NONE', *, *, #8761, .F. ) ;
#1571 = AXIS2_PLACEMENT_3D ( 'NONE', #36, #1563, #157 ) ;
#1572 = ORIENTED_EDGE ( 'NONE', *, *, #8819, .T. ) ;
#1573 = VECTOR ( 'NONE', #3052, 1000.000000000000000 ) ;
#1574 = DIRECTION ( 'NONE',  ( -1.000000000000000000, 0.0000000000000000000, 0.0000000000000000000 ) ) ;
#1575 = DIRECTION ( 'NONE',  ( 1.000000000000000000, 0.0000000000000000000, -0.0000000000000000000 ) ) ;
#1576 = EDGE_CURVE ( 'NONE', #4662, #3134, #5649, .T. ) ;
#1577 = VERTEX_POINT ( 'NONE', #6335 ) ;
#1578 = VECTOR ( 'NONE', #8055, 1000.000000000000000 ) ;
#1579 = FACE_OUTER_BOUND ( 'NONE', #1375, .T. ) ;
#1580 = CARTESIAN_POINT ( 'NONE',  ( -6.624999999999998200, 0.0000000000000000000, 6.700000000000000200 ) ) ;
#1581 = PLANE ( 'NONE',  #3566 ) ;
#1582 = FACE_OUTER_BOUND ( 'NONE', #2166, .T. ) ;
#1583 = AXIS2_PLACEMENT_3D ( 'NONE', #94, #2340, #2269 ) ;
#1584 = CARTESIAN_POINT ( 'NONE',  ( 2.375000000000000000, 3.469839113182271500, -4.199999999999999300 ) ) ;
#1585 = ORIENTED_EDGE ( 'NONE', *, *, #9087, .T. ) ;
#1586 = VECTOR ( 'NONE', #2226, 1000.000000000000000 ) ;
#1587 = ORIENTED_EDGE ( 'NONE', *, *, #5085, .T. ) ;
#1588 = DIRECTION ( 'NONE',  ( -0.0000000000000000000, -0.0000000000000000000, 1.000000000000000000 ) ) ;
#1589 = CYLINDRICAL_SURFACE ( 'NONE', #6866, 0.5000000000000004400 ) ;
#1590 = EDGE_CURVE ( 'NONE', #2832, #1625, #7313, .T. ) ;
#1591 = CARTESIAN_POINT ( 'NONE',  ( -6.874999999999998200, -2.501847198195506800, 1.612615574073300600 ) ) ;
#1592 = ADVANCED_FACE ( 'NONE', ( #3630 ), #929, .F. ) ;
#1593 = ORIENTED_EDGE ( 'NONE', *, *, #7790, .T. ) ;
#1594 = DIRECTION ( 'NONE',  ( -1.000000000000000000, 0.0000000000000000000, 0.0000000000000000000 ) ) ;
#1595 = AXIS2_PLACEMENT_3D ( 'NONE', #984, #1749, #9288 ) ;
#1596 = VECTOR ( 'NONE', #4311, 1000.000000000000000 ) ;
#1597 = VECTOR ( 'NONE', #1736, 1000.000000000000000 ) ;
#1598 = DIRECTION ( 'NONE',  ( -0.3236155771181821700, -0.8891264907159901500, 0.3236155771181821700 ) ) ;
#1599 = EDGE_CURVE ( 'NONE', #5025, #1319, #5401, .T. ) ;
#1600 = DIRECTION ( 'NONE',  ( 0.0000000000000000000, 0.0000000000000000000, 1.000000000000000000 ) ) ;
#1601 = EDGE_CURVE ( 'NONE', #2840, #9620, #4460, .T. ) ;
#1602 = ORIENTED_EDGE ( 'NONE', *, *, #3737, .F. ) ;
#1603 = DIRECTION ( 'NONE',  ( 1.000000000000000000, 1.334402673828313600E-016, -0.0000000000000000000 ) ) ;
#1604 = ORIENTED_EDGE ( 'NONE', *, *, #1619, .T. ) ;
#1605 = CARTESIAN_POINT ( 'NONE',  ( -7.000000000000005300, 2.349999999999988100, 4.749999999999992900 ) ) ;
#1606 = ORIENTED_EDGE ( 'NONE', *, *, #6001, .F. ) ;
#1607 = VECTOR ( 'NONE', #8598, 1000.000000000000000 ) ;
#1608 = VECTOR ( 'NONE', #5500, 1000.000000000000100 ) ;
#1609 = VERTEX_POINT ( 'NONE', #7733 ) ;
#1610 = LINE ( 'NONE', #6783, #5290 ) ;
#1611 = PLANE ( 'NONE',  #4214 ) ;
#1612 = DIRECTION ( 'NONE',  ( 0.0000000000000000000, 0.3420201433256658300, 0.9396926207859095400 ) ) ;
#1613 = VERTEX_POINT ( 'NONE', #4721 ) ;
#1614 = DIRECTION ( 'NONE',  ( 0.8718951381180892700, 0.0000000000000000000, -0.4896926261707828500 ) ) ;
#1615 = DIRECTION ( 'NONE',  ( 1.000000000000000000, 0.0000000000000000000, -0.0000000000000000000 ) ) ;
#1616 = FACE_OUTER_BOUND ( 'NONE', #7984, .T. ) ;
#1617 = DIRECTION ( 'NONE',  ( 1.000000000000000000, -0.0000000000000000000, 0.0000000000000000000 ) ) ;
#1618 = VECTOR ( 'NONE', #6686, 1000.000000000000000 ) ;
#1619 = EDGE_CURVE ( 'NONE', #4430, #420, #5059, .T. ) ;
#1620 = ORIENTED_EDGE ( 'NONE', *, *, #1042, .F. ) ;
#1621 = ADVANCED_FACE ( 'NONE', ( #2100 ), #6235, .F. ) ;
#1622 = LINE ( 'NONE', #2494, #8605 ) ;
#1623 = DIRECTION ( 'NONE',  ( 0.0000000000000000000, 0.0000000000000000000, 1.000000000000000000 ) ) ;
#1624 = CARTESIAN_POINT ( 'NONE',  ( -7.000000000000005300, -9.340818716798201800E-016, -0.2000000000000014000 ) ) ;
#1625 = VERTEX_POINT ( 'NONE', #3932 ) ;
#1626 = VECTOR ( 'NONE', #8945, 1000.000000000000000 ) ;
#1627 = CARTESIAN_POINT ( 'NONE',  ( 6.625000000000000900, 3.949999999999987300, 5.850000000000001400 ) ) ;
#1628 = LINE ( 'NONE', #4696, #1165 ) ;
#1629 = AXIS2_PLACEMENT_3D ( 'NONE', #6861, #5440, #2444 ) ;
#1630 = CARTESIAN_POINT ( 'NONE',  ( 6.374999999999999100, 1.899999999999999700, 8.300000000000038000 ) ) ;
#1631 = ORIENTED_EDGE ( 'NONE', *, *, #2888, .F. ) ;
#1632 = ORIENTED_EDGE ( 'NONE', *, *, #6391, .F. ) ;
#1633 = EDGE_CURVE ( 'NONE', #4434, #5988, #1628, .T. ) ;
#1634 = DIRECTION ( 'NONE',  ( 1.000000000000000000, 0.0000000000000000000, -0.0000000000000000000 ) ) ;
#1635 = CARTESIAN_POINT ( 'NONE',  ( 7.000000000000006200, 2.899999999999986600, 5.875000000000000000 ) ) ;
#1636 = ORIENTED_EDGE ( 'NONE', *, *, #8721, .F. ) ;
#1637 = DIRECTION ( 'NONE',  ( -1.000000000000000000, -1.214306433183763900E-014, 0.0000000000000000000 ) ) ;
#1638 = DIRECTION ( 'NONE',  ( 1.000000000000000000, 1.334402673828313600E-016, -0.0000000000000000000 ) ) ;
#1639 = AXIS2_PLACEMENT_3D ( 'NONE', #2581, #4099, #9440 ) ;
#1640 = ORIENTED_EDGE ( 'NONE', *, *, #3148, .F. ) ;
#1641 = DIRECTION ( 'NONE',  ( 0.0000000000000000000, -5.204170427930424200E-016, 1.000000000000000000 ) ) ;
#1642 = ADVANCED_FACE ( 'NONE', ( #4687 ), #167, .F. ) ;
#1643 = CARTESIAN_POINT ( 'NONE',  ( -6.624999999999998200, 2.149999999999985300, 8.040000000000000900 ) ) ;
#1644 = FACE_OUTER_BOUND ( 'NONE', #3350, .T. ) ;
#1645 = DIRECTION ( 'NONE',  ( -1.000000000000000000, 0.0000000000000000000, 0.0000000000000000000 ) ) ;
#1646 = ORIENTED_EDGE ( 'NONE', *, *, #2460, .F. ) ;
#1647 = CARTESIAN_POINT ( 'NONE',  ( 3.122794046853242900, -3.480000000000000000, -2.499999999999998700 ) ) ;
#1648 = EDGE_CURVE ( 'NONE', #1189, #4674, #3254, .T. ) ;
#1649 = PRESENTATION_STYLE_ASSIGNMENT (( #2025 ) ) ;
#1650 = CARTESIAN_POINT ( 'NONE',  ( 1.000000000000000400, 10.21786228900426100, -4.199999999999999300 ) ) ;
#1651 = DIRECTION ( 'NONE',  ( -1.334402673828313600E-016, -1.000000000000000000, -2.551063935260010000E-016 ) ) ;
#1652 = AXIS2_PLACEMENT_3D ( 'NONE', #2253, #8982, #4537 ) ;
#1653 = VERTEX_POINT ( 'NONE', #3132 ) ;
#1654 = PLANE ( 'NONE',  #745 ) ;
#1655 = DIRECTION ( 'NONE',  ( 0.0000000000000000000, 1.000000000000000000, 0.0000000000000000000 ) ) ;
#1656 = FACE_OUTER_BOUND ( 'NONE', #8967, .T. ) ;
#1657 = EDGE_CURVE ( 'NONE', #2050, #9561, #4584, .T. ) ;
#1658 = EDGE_LOOP ( 'NONE', ( #3766, #7754, #302, #6627 ) ) ;
#1659 = CARTESIAN_POINT ( 'NONE',  ( -1.055190116215857700, -1.709633081912044900, 0.1250000000000000000 ) ) ;
#1660 = EDGE_CURVE ( 'NONE', #5117, #2591, #6491, .T. ) ;
#1661 = ORIENTED_EDGE ( 'NONE', *, *, #4556, .T. ) ;
#1662 = ORIENTED_EDGE ( 'NONE', *, *, #4961, .T. ) ;
#1663 = EDGE_LOOP ( 'NONE', ( #6406 ) ) ;
#1664 = LINE ( 'NONE', #8393, #4256 ) ;
#1665 = SURFACE_STYLE_FILL_AREA ( #3391 ) ;
#1666 = FACE_OUTER_BOUND ( 'NONE', #643, .T. ) ;
#1667 = DIRECTION ( 'NONE',  ( -0.0000000000000000000, -3.491481338843133400E-015, -1.000000000000000000 ) ) ;
#1668 = DIRECTION ( 'NONE',  ( -0.0000000000000000000, 1.000000000000000000, -0.0000000000000000000 ) ) ;
#1669 = CARTESIAN_POINT ( 'NONE',  ( 6.625000000000000900, 6.720982249481860300, 13.30872147861530200 ) ) ;
#1670 = ORIENTED_EDGE ( 'NONE', *, *, #8671, .F. ) ;
#1671 = EDGE_LOOP ( 'NONE', ( #7267, #736, #1162, #1859, #1474, #2927, #8154, #363, #7919, #4657, #2647, #1546, #4712, #6984, #2368, #8474, #3151, #6820, #3715, #4846, #3525 ) ) ;
#1672 = CARTESIAN_POINT ( 'NONE',  ( 0.0000000000000000000, 0.0000000000000000000, -4.199999999999999300 ) ) ;
#1673 = EDGE_CURVE ( 'NONE', #8360, #8175, #9443, .T. ) ;
#1674 = VECTOR ( 'NONE', #7795, 1000.000000000000000 ) ;
#1675 = B_SPLINE_CURVE_WITH_KNOTS ( 'NONE', 3,
 ( #6255, #3243, #8525, #4740, #8563, #8763, #5028, #391, #3384, #7281, #3486, #5747, #9495, #8796, #9533, #1883 ),
 .UNSPECIFIED., .F., .F.,
 ( 4, 3, 3, 3, 3, 4 ),
 ( 0.0000000000000000000, 8.393951437960601800E-006, 1.678798147087552600E-005, 2.518042205449129400E-005, 3.356619145068191700E-005, 3.907151856569777400E-005 ),
 .UNSPECIFIED. ) ;
#1676 = EDGE_CURVE ( 'NONE', #5737, #2918, #2445, .T. ) ;
#1677 = DIRECTION ( 'NONE',  ( 1.000000000000000000, -0.0000000000000000000, -0.0000000000000000000 ) ) ;
#1678 = DIRECTION ( 'NONE',  ( -1.334402673828313600E-016, -1.000000000000000000, -2.551063935260010000E-016 ) ) ;
#1679 = DIRECTION ( 'NONE',  ( -0.0000000000000000000, -0.0000000000000000000, -1.000000000000000000 ) ) ;
#1680 = VERTEX_POINT ( 'NONE', #1896 ) ;
#1681 = DIRECTION ( 'NONE',  ( 0.0000000000000000000, -1.000000000000000000, 0.0000000000000000000 ) ) ;
#1682 = ORIENTED_EDGE ( 'NONE', *, *, #545, .T. ) ;
#1683 = VECTOR ( 'NONE', #3679, 1000.000000000000000 ) ;
#1684 = CARTESIAN_POINT ( 'NONE',  ( -6.374999999999999100, 12.49999999999999600, 8.040000000000000900 ) ) ;
#1685 = CARTESIAN_POINT ( 'NONE',  ( -6.874999999999998200, 4.999999999999997300, 7.800000000000018500 ) ) ;
#1686 = ORIENTED_EDGE ( 'NONE', *, *, #9614, .F. ) ;
#1687 = ORIENTED_EDGE ( 'NONE', *, *, #1104, .F. ) ;
#1688 = ADVANCED_FACE ( 'NONE', ( #4102 ), #8735, .T. ) ;
#1689 = FACE_OUTER_BOUND ( 'NONE', #2311, .T. ) ;
#1690 = CARTESIAN_POINT ( 'NONE',  ( -2.375000000000000000, 3.469839113182270600, -4.199999999999999300 ) ) ;
#1691 = AXIS2_PLACEMENT_3D ( 'NONE', #1394, #2107, #7391 ) ;
#1692 = ORIENTED_EDGE ( 'NONE', *, *, #7435, .T. ) ;
#1693 = ORIENTED_EDGE ( 'NONE', *, *, #2083, .T. ) ;
#1694 = LINE ( 'NONE', #8094, #5120 ) ;
#1695 = DIRECTION ( 'NONE',  ( -0.0000000000000000000, -0.0000000000000000000, -1.000000000000000000 ) ) ;
#1696 = CARTESIAN_POINT ( 'NONE',  ( -6.749803666956317700, 3.957207733477842800, 5.857217258346888200 ) ) ;
#1697 = FACE_BOUND ( 'NONE', #3810, .T. ) ;
#1698 = CARTESIAN_POINT ( 'NONE',  ( -7.000000000000005300, 2.149999999999985300, 3.450000000000000600 ) ) ;
#1699 = ADVANCED_FACE ( 'NONE', ( #5295 ), #4129, .F. ) ;
#1700 = DIRECTION ( 'NONE',  ( 0.0000000000000000000, 0.0000000000000000000, -1.000000000000000000 ) ) ;
#1701 = EDGE_LOOP ( 'NONE', ( #4684, #1735, #9606, #9151, #4242, #4281, #5818 ) ) ;
#1702 = VERTEX_POINT ( 'NONE', #6371 ) ;
#1703 = CARTESIAN_POINT ( 'NONE',  ( 3.750000000000002200, -3.279999999999996300, 3.950000000000001100 ) ) ;
#1704 = VECTOR ( 'NONE', #1352, 1000.000000000000000 ) ;
#1705 = ORIENTED_EDGE ( 'NONE', *, *, #4958, .T. ) ;
#1706 = VECTOR ( 'NONE', #4905, 1000.000000000000000 ) ;
#1707 = CIRCLE ( 'NONE', #7417, 0.2500000000000002200 ) ;
#1708 = CARTESIAN_POINT ( 'NONE',  ( -3.677205953146756900, -3.480000000000000000, 0.0000000000000000000 ) ) ;
#1709 = AXIS2_PLACEMENT_3D ( 'NONE', #6915, #8362, #781 ) ;
#1710 = CARTESIAN_POINT ( 'NONE',  ( 6.750000000000005300, 4.999999999999999100, 8.299999999999982900 ) ) ;
#1711 = DIRECTION ( 'NONE',  ( 0.0000000000000000000, 0.0000000000000000000, 1.000000000000000000 ) ) ;
#1712 = DIRECTION ( 'NONE',  ( 0.0000000000000000000, -1.000000000000000000, 0.0000000000000000000 ) ) ;
#1713 = EDGE_CURVE ( 'NONE', #8965, #5900, #2817, .T. ) ;
#1714 = ORIENTED_EDGE ( 'NONE', *, *, #2222, .F. ) ;
#1715 = FACE_OUTER_BOUND ( 'NONE', #5982, .T. ) ;
#1716 = EDGE_CURVE ( 'NONE', #9052, #6394, #7650, .T. ) ;
#1717 = DIRECTION ( 'NONE',  ( -0.0000000000000000000, -0.0000000000000000000, -1.000000000000000000 ) ) ;
#1718 = CYLINDRICAL_SURFACE ( 'NONE', #9427, 0.3999999999999999700 ) ;
#1719 = VECTOR ( 'NONE', #6338, 1000.000000000000000 ) ;
#1720 = DIRECTION ( 'NONE',  ( 0.0000000000000000000, 0.0000000000000000000, -1.000000000000000000 ) ) ;
#1721 = VERTEX_POINT ( 'NONE', #4269 ) ;
#1722 = VECTOR ( 'NONE', #5589, 1000.000000000000000 ) ;
#1723 = AXIS2_PLACEMENT_3D ( 'NONE', #5206, #7522, #2894 ) ;
#1724 = VERTEX_POINT ( 'NONE', #7345 ) ;
#1725 = EDGE_LOOP ( 'NONE', ( #6075, #351, #8344, #1382 ) ) ;
#1726 = LINE ( 'NONE', #8997, #514 ) ;
#1727 = VECTOR ( 'NONE', #3031, 1000.000000000000000 ) ;
#1728 = LINE ( 'NONE', #1067, #5507 ) ;
#1729 = EDGE_CURVE ( 'NONE', #120, #2960, #8477, .T. ) ;
#1730 = CIRCLE ( 'NONE', #728, 0.4000000000000001900 ) ;
#1731 = CARTESIAN_POINT ( 'NONE',  ( -3.049999999999998000, -3.279999999999996300, 3.950000000000001100 ) ) ;
#1732 = CARTESIAN_POINT ( 'NONE',  ( -7.000000000000005300, 2.149999999999985300, 3.450000000000000600 ) ) ;
#1733 = CARTESIAN_POINT ( 'NONE',  ( 3.123308929227475600, -3.481414627696880300, 3.876691070772527500 ) ) ;
#1734 = CARTESIAN_POINT ( 'NONE',  ( 3.750000000000000900, 0.0000000000000000000, 6.450000000000000200 ) ) ;
#1735 = ORIENTED_EDGE ( 'NONE', *, *, #4051, .F. ) ;
#1736 = DIRECTION ( 'NONE',  ( -0.0000000000000000000, 1.000000000000000000, -0.0000000000000000000 ) ) ;
#1737 = VECTOR ( 'NONE', #3803, 1000.000000000000000 ) ;
#1738 = AXIS2_PLACEMENT_3D ( 'NONE', #1475, #5104, #1410 ) ;
#1739 = LINE ( 'NONE', #4221, #4688 ) ;
#1740 = ADVANCED_FACE ( 'NONE', ( #7084 ), #8847, .F. ) ;
#1741 = AXIS2_PLACEMENT_3D ( 'NONE', #7970, #9155, #2982 ) ;
#1742 = VECTOR ( 'NONE', #977, 1000.000000000000000 ) ;
#1743 = CARTESIAN_POINT ( 'NONE',  ( -6.624999999999998200, -3.799999999999999800, -0.2000000000000014000 ) ) ;
#1744 = CARTESIAN_POINT ( 'NONE',  ( -0.6291033726784029900, -3.799999999999999800, 0.1250000000000000000 ) ) ;
#1745 = CARTESIAN_POINT ( 'NONE',  ( -6.750000000000005300, 4.999999999999997300, 7.800000000000018500 ) ) ;
#1746 = ORIENTED_EDGE ( 'NONE', *, *, #4677, .F. ) ;
#1747 = DIRECTION ( 'NONE',  ( -0.0000000000000000000, -1.000000000000000000, -0.0000000000000000000 ) ) ;
#1748 = VECTOR ( 'NONE', #7355, 1000.000000000000000 ) ;
#1749 = DIRECTION ( 'NONE',  ( -0.0000000000000000000, -0.0000000000000000000, 1.000000000000000000 ) ) ;
#1750 = FACE_OUTER_BOUND ( 'NONE', #1058, .T. ) ;
#1751 = CARTESIAN_POINT ( 'NONE',  ( -6.981670027342433500, 1.536913624466017300, 2.100000000000000500 ) ) ;
#1752 = ADVANCED_FACE ( 'NONE', ( #6723 ), #9679, .F. ) ;
#1753 = CARTESIAN_POINT ( 'NONE',  ( 6.625000000000000900, 2.924999999999986500, 5.875000000000000000 ) ) ;
#1754 = ORIENTED_EDGE ( 'NONE', *, *, #7348, .T. ) ;
#1755 = VERTEX_POINT ( 'NONE', #5868 ) ;
#1756 = VERTEX_POINT ( 'NONE', #8106 ) ;
#1757 = DIRECTION ( 'NONE',  ( -0.0000000000000000000, -0.0000000000000000000, 1.000000000000000000 ) ) ;
#1758 = CARTESIAN_POINT ( 'NONE',  ( 1.000000000000000400, 11.39897948556635600, -4.050000000000005200 ) ) ;
#1759 = CARTESIAN_POINT ( 'NONE',  ( -3.749999999999998200, 0.0000000000000000000, 6.150000000000000400 ) ) ;
#1760 =( NAMED_UNIT ( * ) PLANE_ANGLE_UNIT ( ) SI_UNIT ( $, .RADIAN. ) );
#1761 = CARTESIAN_POINT ( 'NONE',  ( 1.275528258147577300, -2.481329165221064100, -0.1250000000000000000 ) ) ;
#1762 = ORIENTED_EDGE ( 'NONE', *, *, #4132, .F. ) ;
#1763 = DIRECTION ( 'NONE',  ( 0.0000000000000000000, 1.000000000000000000, -0.0000000000000000000 ) ) ;
#1764 = AXIS2_PLACEMENT_3D ( 'NONE', #7570, #2178, #4529 ) ;
#1765 = LINE ( 'NONE', #2388, #9712 ) ;
#1766 = DIRECTION ( 'NONE',  ( 1.000000000000000000, -0.0000000000000000000, -0.0000000000000000000 ) ) ;
#1767 = ORIENTED_EDGE ( 'NONE', *, *, #6617, .T. ) ;
#1768 = EDGE_LOOP ( 'NONE', ( #8269, #1220, #3008, #5371 ) ) ;
#1769 = CARTESIAN_POINT ( 'NONE',  ( 6.424999999999999800, 2.899999999999986600, 6.700000000000000200 ) ) ;
#1770 = DIRECTION ( 'NONE',  ( 0.0000000000000000000, -1.000000000000000000, 3.491481338843134100E-015 ) ) ;
#1771 = ORIENTED_EDGE ( 'NONE', *, *, #7261, .F. ) ;
#1772 = SURFACE_STYLE_USAGE ( .BOTH. , #4772 ) ;
#1773 = ORIENTED_EDGE ( 'NONE', *, *, #81, .F. ) ;
#1774 = EDGE_CURVE ( 'NONE', #3539, #6770, #4811, .T. ) ;
#1775 = CARTESIAN_POINT ( 'NONE',  ( -7.000000000000174100, 3.973147109416163200, 5.849999999999872600 ) ) ;
#1776 = ORIENTED_EDGE ( 'NONE', *, *, #328, .F. ) ;
#1777 = ORIENTED_EDGE ( 'NONE', *, *, #6486, .F. ) ;
#1778 = CARTESIAN_POINT ( 'NONE',  ( 6.749671576520857000, 2.944701130385584800, 5.859359902479832600 ) ) ;
#1779 = ORIENTED_EDGE ( 'NONE', *, *, #81, .T. ) ;
#1780 = VECTOR ( 'NONE', #9820, 1000.000000000000100 ) ;
#1781 = VECTOR ( 'NONE', #6286, 1000.000000000000000 ) ;
#1782 = ADVANCED_FACE ( 'NONE', ( #561 ), #8778, .F. ) ;
#1784 = EDGE_CURVE ( 'NONE', #5080, #5551, #9210, .T. ) ;
#1783 = CYLINDRICAL_SURFACE ( 'NONE', #4327, 0.5000000000000002200 ) ;
#1785 = EDGE_CURVE ( 'NONE', #1994, #2011, #8610, .T. ) ;
#1786 = VERTEX_POINT ( 'NONE', #4532 ) ;
#1787 = ORIENTED_EDGE ( 'NONE', *, *, #1521, .F. ) ;
#1788 = VERTEX_POINT ( 'NONE', #5167 ) ;
#1789 = LINE ( 'NONE', #5423, #9621 ) ;
#1790 = PLANE ( 'NONE',  #104 ) ;
#1791 = DIRECTION ( 'NONE',  ( -0.0000000000000000000, -0.0000000000000000000, 1.000000000000000000 ) ) ;
#1792 = CARTESIAN_POINT ( 'NONE',  ( -3.676691070772524200, -3.481414627696880300, 3.723308929227475300 ) ) ;
#1793 = PLANE ( 'NONE',  #8096 ) ;
#1794 = ADVANCED_FACE ( 'NONE', ( #3856 ), #625, .F. ) ;
#1795 = CARTESIAN_POINT ( 'NONE',  ( -6.374999999999999100, 12.49999999999999600, 8.040000000000000900 ) ) ;
#1796 = EDGE_CURVE ( 'NONE', #8627, #901, #7883, .T. ) ;
#1797 = ORIENTED_EDGE ( 'NONE', *, *, #6669, .F. ) ;
#1798 = AXIS2_PLACEMENT_3D ( 'NONE', #9088, #3833, #2290 ) ;
#1799 = ORIENTED_EDGE ( 'NONE', *, *, #2800, .F. ) ;
#1800 = LINE ( 'NONE', #3817, #3448 ) ;
#1801 = EDGE_CURVE ( 'NONE', #1901, #5545, #5171, .T. ) ;
#1802 = ORIENTED_EDGE ( 'NONE', *, *, #1089, .F. ) ;
#1803 = DIRECTION ( 'NONE',  ( 0.0000000000000000000, 0.0000000000000000000, -1.000000000000000000 ) ) ;
#1804 = DIRECTION ( 'NONE',  ( 1.000000000000000000, 0.0000000000000000000, -0.0000000000000000000 ) ) ;
#1805 = CARTESIAN_POINT ( 'NONE',  ( 0.8999999999999999100, 0.8715010882118843200, -0.1250000000000000000 ) ) ;
#1806 = CARTESIAN_POINT ( 'NONE',  ( -6.387810486188191000, 3.949999999999986400, 6.527576843457304700 ) ) ;
#1807 = DIRECTION ( 'NONE',  ( -1.334402673828313600E-016, 1.000000000000000000, 0.0000000000000000000 ) ) ;
#1808 = DIRECTION ( 'NONE',  ( 0.9986295347545739400, 0.05233595624294408400, 0.0000000000000000000 ) ) ;
#1809 = VERTEX_POINT ( 'NONE', #725 ) ;
#1810 = ORIENTED_EDGE ( 'NONE', *, *, #8157, .F. ) ;
#1811 = CIRCLE ( 'NONE', #4924, 0.4499999999999999000 ) ;
#1812 = VECTOR ( 'NONE', #1302, 1000.000000000000000 ) ;
#1813 = VECTOR ( 'NONE', #6661, 1000.000000000000000 ) ;
#1814 = DIRECTION ( 'NONE',  ( -0.3236155771181821700, -0.8891264907159901500, 0.3236155771181821700 ) ) ;
#1815 = EDGE_CURVE ( 'NONE', #4970, #3070, #1398, .T. ) ;
#1816 = ORIENTED_EDGE ( 'NONE', *, *, #3472, .T. ) ;
#1817 = ORIENTED_EDGE ( 'NONE', *, *, #7233, .F. ) ;
#1818 = PLANE ( 'NONE',  #1913 ) ;
#1819 = FACE_OUTER_BOUND ( 'NONE', #5825, .T. ) ;
#1820 = ORIENTED_EDGE ( 'NONE', *, *, #4750, .T. ) ;
#1821 = DIRECTION ( 'NONE',  ( -1.209379534333128700E-016, 0.9063077870366509400, 0.4226182617406974400 ) ) ;
#1822 = PRESENTATION_LAYER_ASSIGNMENT (  '', '', ( #3461 ) ) ;
#1823 = DIRECTION ( 'NONE',  ( 0.05233595624294442400, -0.9986295347545738300, 0.0000000000000000000 ) ) ;
#1824 = DIRECTION ( 'NONE',  ( 1.000000000000000000, -0.0000000000000000000, -0.0000000000000000000 ) ) ;
#1825 = DIRECTION ( 'NONE',  ( 0.0000000000000000000, -6.982962677686266700E-015, -1.000000000000000000 ) ) ;
#1826 = CARTESIAN_POINT ( 'NONE',  ( 1.000000000000000400, 4.174999999999999800, -4.199999999999999300 ) ) ;
#1827 = ORIENTED_EDGE ( 'NONE', *, *, #5906, .T. ) ;
#1828 = CARTESIAN_POINT ( 'NONE',  ( 0.0000000000000000000, 0.0000000000000000000, 0.0000000000000000000 ) ) ;
#1829 = FACE_OUTER_BOUND ( 'NONE', #2174, .T. ) ;
#1830 = LINE ( 'NONE', #6169, #9657 ) ;
#1831 = CARTESIAN_POINT ( 'NONE',  ( 3.050000000000000700, 0.0000000000000000000, 6.450000000000000200 ) ) ;
#1832 = EDGE_CURVE ( 'NONE', #290, #5988, #8855, .T. ) ;
#1833 = EDGE_LOOP ( 'NONE', ( #3463, #9670, #4665, #5971 ) ) ;
#1834 = ADVANCED_FACE ( 'NONE', ( #6962 ), #1498, .T. ) ;
#1835 = VECTOR ( 'NONE', #2129, 1000.000000000000000 ) ;
#1836 = ORIENTED_EDGE ( 'NONE', *, *, #2436, .T. ) ;
#1837 = DIRECTION ( 'NONE',  ( -0.0000000000000000000, 0.0000000000000000000, 1.000000000000000000 ) ) ;
#1838 = VERTEX_POINT ( 'NONE', #8371 ) ;
#1839 = AXIS2_PLACEMENT_3D ( 'NONE', #1672, #3897, #1575 ) ;
#1840 = DIRECTION ( 'NONE',  ( 1.000000000000000000, -2.556604186739367600E-028, 8.926335808808728500E-043 ) ) ;
#1841 = ORIENTED_EDGE ( 'NONE', *, *, #460, .T. ) ;
#1842 = CIRCLE ( 'NONE', #7751, 0.2500000000000002200 ) ;
#1843 = CARTESIAN_POINT ( 'NONE',  ( -4.699999999999999300, -3.480000000000000000, 0.0000000000000000000 ) ) ;
#1844 = CARTESIAN_POINT ( 'NONE',  ( -7.038999959144346600, 2.630833889476434700, 3.300000000000000700 ) ) ;
#1845 = VECTOR ( 'NONE', #7105, 1000.000000000000000 ) ;
#1846 = CARTESIAN_POINT ( 'NONE',  ( 7.000000000000005300, 2.349999999999989000, 5.199999999999993100 ) ) ;
#1847 = ORIENTED_EDGE ( 'NONE', *, *, #6615, .F. ) ;
#1848 = CYLINDRICAL_SURFACE ( 'NONE', #6322, 0.2500000000000002200 ) ;
#1849 = EDGE_CURVE ( 'NONE', #5399, #6788, #6613, .T. ) ;
#1850 = EDGE_CURVE ( 'NONE', #166, #8526, #4574, .T. ) ;
#1851 = CARTESIAN_POINT ( 'NONE',  ( 6.874314767377289700, 2.263075017336866800, 3.300000000000000700 ) ) ;
#1852 = ADVANCED_FACE ( 'NONE', ( #4932 ), #8695, .F. ) ;
#1853 = ORIENTED_EDGE ( 'NONE', *, *, #8446, .F. ) ;
#1854 = CARTESIAN_POINT ( 'NONE',  ( 6.375000000000000900, 12.49999999999999800, 8.040000000000000900 ) ) ;
#1855 = DIRECTION ( 'NONE',  ( -1.334402673828313600E-016, 1.000000000000000000, 1.606225440719265900E-016 ) ) ;
#1856 = VECTOR ( 'NONE', #9583, 1000.000000000000100 ) ;
#1857 = CIRCLE ( 'NONE', #9004, 0.2999999999999999300 ) ;
#1858 = PLANE ( 'NONE',  #9715 ) ;
#1859 = ORIENTED_EDGE ( 'NONE', *, *, #4585, .T. ) ;
#1860 = AXIS2_PLACEMENT_3D ( 'NONE', #5845, #7331, #7982 ) ;
#1861 = FACE_OUTER_BOUND ( 'NONE', #6926, .T. ) ;
#1862 = ORIENTED_EDGE ( 'NONE', *, *, #3673, .T. ) ;
#1863 = DIRECTION ( 'NONE',  ( 1.000000000000000000, 1.334402673828313600E-016, -0.0000000000000000000 ) ) ;
#1864 = LINE ( 'NONE', #1733, #903 ) ;
#1865 = EDGE_CURVE ( 'NONE', #3061, #7338, #3034, .T. ) ;
#1866 = CARTESIAN_POINT ( 'NONE',  ( 6.733986892264766800, 2.949999999999987700, 5.911211578271352400 ) ) ;
#1867 = LINE ( 'NONE', #971, #7761 ) ;
#1868 = EDGE_LOOP ( 'NONE', ( #9504, #7651, #1301 ) ) ;
#1869 = CARTESIAN_POINT ( 'NONE',  ( 6.375000000000000900, 13.00000000000000000, 8.049999999999997200 ) ) ;
#1870 = ORIENTED_EDGE ( 'NONE', *, *, #3206, .F. ) ;
#1871 = AXIS2_PLACEMENT_3D ( 'NONE', #9347, #7077, #8684 ) ;
#1872 = CARTESIAN_POINT ( 'NONE',  ( -6.999999999999996400, 0.0000000000000000000, -2.699999999999997500 ) ) ;
#1873 = ORIENTED_EDGE ( 'NONE', *, *, #9614, .T. ) ;
#1874 = CARTESIAN_POINT ( 'NONE',  ( 2.375000000000000000, 3.469839113182271500, 0.1250000000000000000 ) ) ;
#1875 = DIRECTION ( 'NONE',  ( -1.000000000000000000, 0.0000000000000000000, 0.0000000000000000000 ) ) ;
#1876 = CARTESIAN_POINT ( 'NONE',  ( 6.424999999999999800, 3.499999999999987100, 1.950000000000000800 ) ) ;
#1877 = EDGE_CURVE ( 'NONE', #118, #2040, #6599, .T. ) ;
#1878 = ORIENTED_EDGE ( 'NONE', *, *, #6143, .F. ) ;
#1879 = DIRECTION ( 'NONE',  ( -0.0000000000000000000, -0.0000000000000000000, 1.000000000000000000 ) ) ;
#1880 = DIRECTION ( 'NONE',  ( 0.0000000000000000000, 0.0000000000000000000, -1.000000000000000000 ) ) ;
#1881 = LINE ( 'NONE', #876, #7214 ) ;
#1882 = ORIENTED_EDGE ( 'NONE', *, *, #3636, .F. ) ;
#1883 = CARTESIAN_POINT ( 'NONE',  ( -6.999165738677400700, 2.949999999999987300, 5.875000000000000000 ) ) ;
#1884 = VERTEX_POINT ( 'NONE', #8776 ) ;
#1885 = AXIS2_PLACEMENT_3D ( 'NONE', #1010, #5003, #6534 ) ;
#1886 = ADVANCED_FACE ( 'NONE', ( #6843 ), #5706, .F. ) ;
#1887 = CARTESIAN_POINT ( 'NONE',  ( -6.624999999999998200, 0.0000000000000000000, -2.699999999999999300 ) ) ;
#1888 = EDGE_LOOP ( 'NONE', ( #6384, #6282, #7218, #7907 ) ) ;
#1889 = CARTESIAN_POINT ( 'NONE',  ( 6.625000000000002700, -3.799999999999998900, 1.007276981136501200 ) ) ;
#1890 = EDGE_CURVE ( 'NONE', #7524, #9032, #9675, .T. ) ;
#1891 = VECTOR ( 'NONE', #1667, 1000.000000000000000 ) ;
#1892 = DIRECTION ( 'NONE',  ( -0.4385323276481791200, 0.8987154152497163200, -0.0000000000000000000 ) ) ;
#1893 = ORIENTED_EDGE ( 'NONE', *, *, #9415, .T. ) ;
#1894 = DIRECTION ( 'NONE',  ( 0.0000000000000000000, 0.0000000000000000000, -1.000000000000000000 ) ) ;
#1895 = DIRECTION ( 'NONE',  ( 0.0000000000000000000, -3.542745126994888700E-015, -1.000000000000000000 ) ) ;
#1896 = CARTESIAN_POINT ( 'NONE',  ( 3.750000000000002200, 0.0000000000000000000, 3.650000000000001200 ) ) ;
#1897 = ORIENTED_EDGE ( 'NONE', *, *, #8355, .T. ) ;
#1898 = ADVANCED_FACE ( 'NONE', ( #4799 ), #2567, .T. ) ;
#1899 = ORIENTED_EDGE ( 'NONE', *, *, #5908, .T. ) ;
#1900 = CARTESIAN_POINT ( 'NONE',  ( -6.424999999999998000, 3.499999999999987100, 3.450000000000001500 ) ) ;
#1901 = VERTEX_POINT ( 'NONE', #7849 ) ;
#1902 = COLOUR_RGB ( '',0.7921568627450980000, 0.8196078431372548800, 0.9333333333333333500 ) ;
#1903 = DIRECTION ( 'NONE',  ( 1.000000000000000000, 0.0000000000000000000, 0.0000000000000000000 ) ) ;
#1904 = EDGE_CURVE ( 'NONE', #9620, #1809, #4333, .T. ) ;
#1905 = CARTESIAN_POINT ( 'NONE',  ( 6.999352244973985100, 2.949999999999987700, 5.872208629350821800 ) ) ;
#1906 = EDGE_CURVE ( 'NONE', #6647, #2398, #8124, .T. ) ;
#1907 = ORIENTED_EDGE ( 'NONE', *, *, #1397, .T. ) ;
#1908 = DIRECTION ( 'NONE',  ( -1.000000000000000000, 0.0000000000000000000, 0.0000000000000000000 ) ) ;
#1909 = ORIENTED_EDGE ( 'NONE', *, *, #7424, .T. ) ;
#1910 = ORIENTED_EDGE ( 'NONE', *, *, #5005, .T. ) ;
#1911 = CARTESIAN_POINT ( 'NONE',  ( -6.999352244973985100, 3.949999999999988200, 5.872208629350821800 ) ) ;
#1912 = LINE ( 'NONE', #3820, #7008 ) ;
#1913 = AXIS2_PLACEMENT_3D ( 'NONE', #9435, #5621, #7822 ) ;
#1914 = ORIENTED_EDGE ( 'NONE', *, *, #7740, .T. ) ;
#1915 = EDGE_LOOP ( 'NONE', ( #6756 ) ) ;
#1916 = ORIENTED_EDGE ( 'NONE', *, *, #3942, .T. ) ;
#1917 = EDGE_CURVE ( 'NONE', #3831, #8687, #4091, .T. ) ;
#1918 = CYLINDRICAL_SURFACE ( 'NONE', #1361, 0.4499999999999999000 ) ;
#1919 = DIRECTION ( 'NONE',  ( 0.4385323276481791200, 0.8987154152497163200, 0.0000000000000000000 ) ) ;
#1920 = EDGE_CURVE ( 'NONE', #9150, #3192, #1031, .T. ) ;
#1921 = ORIENTED_EDGE ( 'NONE', *, *, #4199, .T. ) ;
#1922 = ORIENTED_EDGE ( 'NONE', *, *, #1407, .T. ) ;
#1923 = LINE ( 'NONE', #3774, #7056 ) ;
#1924 = DIRECTION ( 'NONE',  ( -0.0000000000000000000, -0.0000000000000000000, -1.000000000000000000 ) ) ;
#1925 = CARTESIAN_POINT ( 'NONE',  ( -6.748493491993867700, 3.950647207551895700, 5.869348318764610700 ) ) ;
#1926 = PLANE ( 'NONE',  #4250 ) ;
#1927 = LINE ( 'NONE', #6124, #3802 ) ;
#1928 = DIRECTION ( 'NONE',  ( 1.000000000000000000, 0.0000000000000000000, 0.0000000000000000000 ) ) ;
#1929 = CARTESIAN_POINT ( 'NONE',  ( 2.000000000000000000, 8.220000000000000600, -2.699999999999999300 ) ) ;
#1930 = EDGE_CURVE ( 'NONE', #7757, #4161, #7307, .T. ) ;
#1931 = VERTEX_POINT ( 'NONE', #3328 ) ;
#1932 = EDGE_CURVE ( 'NONE', #86, #2095, #5286, .T. ) ;
#1933 = ORIENTED_EDGE ( 'NONE', *, *, #8147, .F. ) ;
#1934 = ADVANCED_FACE ( 'NONE', ( #2810 ), #2560, .T. ) ;
#1935 = EDGE_LOOP ( 'NONE', ( #8836, #8176, #2992, #7607, #9073, #1406, #8435, #3327, #7561, #196, #3165, #1202, #4010, #1779, #127, #2724, #5620, #1893, #3712, #8879 ) ) ;
#1936 = FACE_OUTER_BOUND ( 'NONE', #3141, .T. ) ;
#1937 = DIRECTION ( 'NONE',  ( 0.0000000000000000000, 0.0000000000000000000, 1.000000000000000000 ) ) ;
#1938 = PLANE ( 'NONE',  #7125 ) ;
#1939 = FACE_OUTER_BOUND ( 'NONE', #8160, .T. ) ;
#1940 = CARTESIAN_POINT ( 'NONE',  ( 6.999626248341230400, 2.948595465175438700, 5.866738400574103500 ) ) ;
#1941 = CARTESIAN_POINT ( 'NONE',  ( -6.750000000000005300, 4.999999999999997300, 7.800000000000018500 ) ) ;
#1942 = VECTOR ( 'NONE', #3009, 1000.000000000000100 ) ;
#1943 = CARTESIAN_POINT ( 'NONE',  ( 1.301042606982605300E-015, -3.480000000000000000, 3.722794046853242600 ) ) ;
#1944 = ORIENTED_EDGE ( 'NONE', *, *, #3208, .T. ) ;
#1945 = AXIS2_PLACEMENT_3D ( 'NONE', #9470, #6435, #6367 ) ;
#1946 = ORIENTED_EDGE ( 'NONE', *, *, #8536, .T. ) ;
#1947 = CARTESIAN_POINT ( 'NONE',  ( 7.000000000000005300, 4.999999999999986700, 4.749999999999983100 ) ) ;
#1948 = EDGE_LOOP ( 'NONE', ( #6950, #2291, #3453, #9011, #9240, #283, #5281, #4245, #2627, #5962, #3659, #7249, #2527, #9818, #933, #2413, #8436 ) ) ;
#1949 = LINE ( 'NONE', #3614, #5731 ) ;
#1950 = ORIENTED_EDGE ( 'NONE', *, *, #8943, .T. ) ;
#1951 = ADVANCED_FACE ( 'NONE', ( #7075 ), #4004, .T. ) ;
#1952 = LINE ( 'NONE', #7443, #5484 ) ;
#1953 = CARTESIAN_POINT ( 'NONE',  ( 3.122794046853242900, -3.480000000000000000, 3.722794046853242600 ) ) ;
#1954 =( BOUNDED_CURVE ( )  B_SPLINE_CURVE ( 3, ( #1206, #4290, #5824, #7282 ),
 .UNSPECIFIED., .F., .T. ) 
 B_SPLINE_CURVE_WITH_KNOTS ( ( 4, 4 ),
 ( 3.141592653589793100, 4.712388980384695000 ),
 .UNSPECIFIED. ) 
 CURVE ( )  GEOMETRIC_REPRESENTATION_ITEM ( )  RATIONAL_B_SPLINE_CURVE ( ( 1.000000000000000000, 0.8047378541243637200, 0.8047378541243637200, 1.000000000000000000 ) ) 
 REPRESENTATION_ITEM ( '' )  );
#1955 = VERTEX_POINT ( 'NONE', #7769 ) ;
#1956 = VERTEX_POINT ( 'NONE', #5672 ) ;
#1957 = LINE ( 'NONE', #5048, #1258 ) ;
#1958 = FACE_OUTER_BOUND ( 'NONE', #7292, .T. ) ;
#1959 = CIRCLE ( 'NONE', #7237, 2.000000000000000000 ) ;
#1960 = AXIS2_PLACEMENT_3D ( 'NONE', #3011, #718, #7469 ) ;
#1961 = CARTESIAN_POINT ( 'NONE',  ( -6.999143459221614600, 2.269617011867233600, 2.100000000000000500 ) ) ;
#1962 = EDGE_LOOP ( 'NONE', ( #5798, #8177, #5701, #5549, #8927, #213, #2869, #2481, #749, #4146 ) ) ;
#1963 = CARTESIAN_POINT ( 'NONE',  ( 6.625000000000001800, 2.224999999999987200, 3.300000000000000700 ) ) ;
#1964 = CARTESIAN_POINT ( 'NONE',  ( 1.000000000000000400, 0.0000000000000000000, 0.1250000000000000000 ) ) ;
#1965 = CARTESIAN_POINT ( 'NONE',  ( 0.0000000000000000000, 0.0000000000000000000, 0.0000000000000000000 ) ) ;
#1966 = CARTESIAN_POINT ( 'NONE',  ( -3.676691070772524200, -3.481414627696880300, 6.223308929227473900 ) ) ;
#1967 = EDGE_LOOP ( 'NONE', ( #9726, #5583, #3173, #9568 ) ) ;
#1968 = DIRECTION ( 'NONE',  ( 0.0000000000000000000, -6.982962677686266700E-015, -1.000000000000000000 ) ) ;
#1969 = VERTEX_POINT ( 'NONE', #7839 ) ;
#1970 = EDGE_CURVE ( 'NONE', #819, #6174, #192, .T. ) ;
#1971 = VECTOR ( 'NONE', #7509, 1000.000000000000000 ) ;
#1972 = VECTOR ( 'NONE', #2396, 1000.000000000000000 ) ;
#1973 = LINE ( 'NONE', #3975, #7749 ) ;
#1974 = CARTESIAN_POINT ( 'NONE',  ( -6.749215880616260300, 2.947729527119231200, 5.864227124694401100 ) ) ;
#1975 = ORIENTED_EDGE ( 'NONE', *, *, #9554, .T. ) ;
#1976 = VECTOR ( 'NONE', #7783, 1000.000000000000000 ) ;
#1977 = AXIS2_PLACEMENT_3D ( 'NONE', #1093, #9353, #6383 ) ;
#1978 = CARTESIAN_POINT ( 'NONE',  ( -6.951960676794288800, 2.949999999999987700, 6.033634734814048000 ) ) ;
#1979 = DIRECTION ( 'NONE',  ( -1.000000000000000000, -1.262034274850851900E-016, 0.0000000000000000000 ) ) ;
#1980 = EDGE_LOOP ( 'NONE', ( #3446, #9324, #1606, #2734, #4439, #6867 ) ) ;
#1981 = DIRECTION ( 'NONE',  ( 0.0000000000000000000, 0.0000000000000000000, -1.000000000000000000 ) ) ;
#1982 = FACE_OUTER_BOUND ( 'NONE', #5009, .T. ) ;
#1983 = DIRECTION ( 'NONE',  ( -0.0000000000000000000, 0.0000000000000000000, -1.000000000000000000 ) ) ;
#1984 = VECTOR ( 'NONE', #1766, 1000.000000000000000 ) ;
#1985 = EDGE_CURVE ( 'NONE', #6027, #280, #318, .T. ) ;
#1986 = ORIENTED_EDGE ( 'NONE', *, *, #7956, .T. ) ;
#1987 = VECTOR ( 'NONE', #1598, 1000.000000000000100 ) ;
#1988 = DIRECTION ( 'NONE',  ( -1.000000000000000000, 0.0000000000000000000, 0.0000000000000000000 ) ) ;
#1989 = CARTESIAN_POINT ( 'NONE',  ( 6.999165738677400700, 3.949999999999987300, 5.875000000000000000 ) ) ;
#1990 = VECTOR ( 'NONE', #1414, 1000.000000000000000 ) ;
#1991 = CARTESIAN_POINT ( 'NONE',  ( 0.0000000000000000000, -3.799999999999999800, 0.0000000000000000000 ) ) ;
#1992 = AXIS2_PLACEMENT_3D ( 'NONE', #5707, #1981, #2733 ) ;
#1993 = ORIENTED_EDGE ( 'NONE', *, *, #53, .T. ) ;
#1994 = VERTEX_POINT ( 'NONE', #5640 ) ;
#1995 = DIRECTION ( 'NONE',  ( 0.0000000000000000000, 0.0000000000000000000, 1.000000000000000000 ) ) ;
#1996 = CARTESIAN_POINT ( 'NONE',  ( -6.374999999999999100, 12.75000000000000200, 8.300000000000000700 ) ) ;
#1997 = EDGE_CURVE ( 'NONE', #5954, #3403, #3366, .T. ) ;
#1998 = DIRECTION ( 'NONE',  ( 0.0000000000000000000, 1.000000000000000000, 0.0000000000000000000 ) ) ;
#1999 = CARTESIAN_POINT ( 'NONE',  ( 0.3999999999999998600, 8.220000000000000600, -2.699999999999999300 ) ) ;
#2000 = DIRECTION ( 'NONE',  ( 0.0000000000000000000, 0.0000000000000000000, -1.000000000000000000 ) ) ;
#2001 = ADVANCED_FACE ( 'NONE', ( #1505 ), #4036, .F. ) ;
#2002 = CARTESIAN_POINT ( 'NONE',  ( 3.050000000000002000, -3.279999999999996300, 3.950000000000001100 ) ) ;
#2003 = ORIENTED_EDGE ( 'NONE', *, *, #6020, .T. ) ;
#2004 = PLANE ( 'NONE',  #8981 ) ;
#2005 = ORIENTED_EDGE ( 'NONE', *, *, #1426, .T. ) ;
#2006 = CARTESIAN_POINT ( 'NONE',  ( 6.625000000000000900, 3.974999999999987200, 5.850000000000000500 ) ) ;
#2007 = DIRECTION ( 'NONE',  ( 0.3236155771181821700, -0.8891264907159901500, 0.3236155771181821700 ) ) ;
#2008 = DIRECTION ( 'NONE',  ( 1.334402673828313600E-016, 1.000000000000000000, 2.551063935260010000E-016 ) ) ;
#2009 = PRESENTATION_STYLE_ASSIGNMENT (( #2451 ) ) ;
#2010 = EDGE_LOOP ( 'NONE', ( #9710, #2319, #9108, #9824 ) ) ;
#2011 = VERTEX_POINT ( 'NONE', #1121 ) ;
#2012 = EDGE_LOOP ( 'NONE', ( #5807, #4995, #9476, #5323 ) ) ;
#2013 = DIRECTION ( 'NONE',  ( 0.0000000000000000000, 0.0000000000000000000, 1.000000000000000000 ) ) ;
#2014 = ORIENTED_EDGE ( 'NONE', *, *, #2220, .T. ) ;
#2015 = CARTESIAN_POINT ( 'NONE',  ( -3.677205953146756900, -3.480000000000000000, -2.499999999999998700 ) ) ;
#2016 = VECTOR ( 'NONE', #804, 1000.000000000000000 ) ;
#2017 = AXIS2_PLACEMENT_3D ( 'NONE', #458, #554, #2779 ) ;
#2018 = DIRECTION ( 'NONE',  ( 0.0000000000000000000, 0.0000000000000000000, 1.000000000000000000 ) ) ;
#2019 = ORIENTED_EDGE ( 'NONE', *, *, #7076, .F. ) ;
#2020 = VERTEX_POINT ( 'NONE', #4762 ) ;
#2021 = EDGE_CURVE ( 'NONE', #6340, #5345, #2558, .T. ) ;
#2022 = LINE ( 'NONE', #5901, #6058 ) ;
#2023 = CARTESIAN_POINT ( 'NONE',  ( -1.075000000000000000, 0.9022884140034506100, -4.699999999999999300 ) ) ;
#2024 = FACE_OUTER_BOUND ( 'NONE', #4831, .T. ) ;
#2025 = SURFACE_STYLE_USAGE ( .BOTH. , #3503 ) ;
#2026 = DIRECTION ( 'NONE',  ( -0.0000000000000000000, 1.000000000000000000, -0.0000000000000000000 ) ) ;
#2027 = DIRECTION ( 'NONE',  ( -1.000000000000000000, 0.0000000000000000000, 0.0000000000000000000 ) ) ;
#2028 = PLANE ( 'NONE',  #9186 ) ;
#2029 = PLANE ( 'NONE',  #811 ) ;
#2030 = ORIENTED_EDGE ( 'NONE', *, *, #9628, .F. ) ;
#2031 = ORIENTED_EDGE ( 'NONE', *, *, #5179, .T. ) ;
#2032 = LINE ( 'NONE', #7386, #7464 ) ;
#2033 = EDGE_CURVE ( 'NONE', #6102, #2113, #9793, .T. ) ;
#2034 = DIRECTION ( 'NONE',  ( 0.0000000000000000000, 0.0000000000000000000, -1.000000000000000000 ) ) ;
#2035 = EDGE_CURVE ( 'NONE', #4662, #3047, #783, .T. ) ;
#2036 = DIRECTION ( 'NONE',  ( -0.0000000000000000000, -0.0000000000000000000, -1.000000000000000000 ) ) ;
#2037 = CARTESIAN_POINT ( 'NONE',  ( -6.424999999999997200, 3.999999999999987100, 5.850000000000002300 ) ) ;
#2038 = CARTESIAN_POINT ( 'NONE',  ( 6.875000000000000900, 3.499999999999987100, 3.450000000000000600 ) ) ;
#2039 = DIRECTION ( 'NONE',  ( 0.0000000000000000000, 0.3420201433256658300, -0.9396926207859095400 ) ) ;
#2040 = VERTEX_POINT ( 'NONE', #1156 ) ;
#2041 = ORIENTED_EDGE ( 'NONE', *, *, #5086, .T. ) ;
#2042 = FACE_OUTER_BOUND ( 'NONE', #7242, .T. ) ;
#2043 = VECTOR ( 'NONE', #5470, 1000.000000000000000 ) ;
#2044 = ADVANCED_FACE ( 'NONE', ( #551 ), #242, .F. ) ;
#2045 = VECTOR ( 'NONE', #1880, 1000.000000000000000 ) ;
#2046 = CARTESIAN_POINT ( 'NONE',  ( 1.000000000000000400, 9.500000000000000000, 0.6250000000000001100 ) ) ;
#2047 = DIRECTION ( 'NONE',  ( -1.000000000000000000, 0.0000000000000000000, 0.0000000000000000000 ) ) ;
#2048 = ORIENTED_EDGE ( 'NONE', *, *, #2748, .F. ) ;
#2049 = EDGE_CURVE ( 'NONE', #5575, #7297, #7998, .T. ) ;
#2050 = VERTEX_POINT ( 'NONE', #346 ) ;
#2051 = DIRECTION ( 'NONE',  ( 1.000000000000000000, 1.334402673828313600E-016, 0.0000000000000000000 ) ) ;
#2052 = FACE_OUTER_BOUND ( 'NONE', #1267, .T. ) ;
#2053 = EDGE_CURVE ( 'NONE', #3927, #9530, #2323, .T. ) ;
#2054 = ORIENTED_EDGE ( 'NONE', *, *, #2473, .F. ) ;
#2055 = FACE_OUTER_BOUND ( 'NONE', #7365, .T. ) ;
#2056 = LINE ( 'NONE', #5778, #9524 ) ;
#2057 = ORIENTED_EDGE ( 'NONE', *, *, #1310, .F. ) ;
#2058 = PLANE ( 'NONE',  #4534 ) ;
#2059 = DIRECTION ( 'NONE',  ( -1.000000000000000000, 0.0000000000000000000, -0.0000000000000000000 ) ) ;
#2060 = AXIS2_PLACEMENT_3D ( 'NONE', #7200, #8811, #8844 ) ;
#2061 = ORIENTED_EDGE ( 'NONE', *, *, #6294, .T. ) ;
#2062 = DIRECTION ( 'NONE',  ( 1.000000000000000000, -0.0000000000000000000, -0.0000000000000000000 ) ) ;
#2063 = DIRECTION ( 'NONE',  ( -0.8718951381180901600, 8.577799438434874600E-018, -0.4896926261707814100 ) ) ;
#2064 = PLANE ( 'NONE',  #525 ) ;
#2065 = EDGE_LOOP ( 'NONE', ( #2399, #3080, #6940, #2202 ) ) ;
#2066 = AXIS2_PLACEMENT_3D ( 'NONE', #6847, #825, #1600 ) ;
#2067 = FACE_OUTER_BOUND ( 'NONE', #1231, .T. ) ;
#2068 = EDGE_LOOP ( 'NONE', ( #9734, #5137, #1802, #6434 ) ) ;
#2069 = DIRECTION ( 'NONE',  ( 0.0000000000000000000, -1.000000000000000000, 3.491481338843134100E-015 ) ) ;
#2070 = EDGE_CURVE ( 'NONE', #4662, #3868, #1391, .T. ) ;
#2071 = DIRECTION ( 'NONE',  ( 0.0000000000000000000, -0.0000000000000000000, 1.000000000000000000 ) ) ;
#2072 = VERTEX_POINT ( 'NONE', #2727 ) ;
#2073 = LINE ( 'NONE', #2101, #4424 ) ;
#2074 = DIRECTION ( 'NONE',  ( 1.296989514749014200E-016, 0.0000000000000000000, 1.000000000000000000 ) ) ;
#2075 = CARTESIAN_POINT ( 'NONE',  ( -7.000000000000005300, 1.049999999999997800, 6.550308009257218300 ) ) ;
#2076 = VECTOR ( 'NONE', #9128, 1000.000000000000000 ) ;
#2077 = ORIENTED_EDGE ( 'NONE', *, *, #785, .F. ) ;
#2078 = AXIS2_PLACEMENT_3D ( 'NONE', #8461, #5441, #920 ) ;
#2079 = ORIENTED_EDGE ( 'NONE', *, *, #8553, .F. ) ;
#2080 = CARTESIAN_POINT ( 'NONE',  ( -3.049999999999998000, -3.279999999999996300, 3.650000000000001200 ) ) ;
#2081 = ORIENTED_EDGE ( 'NONE', *, *, #7246, .T. ) ;
#2082 = VECTOR ( 'NONE', #6154, 1000.000000000000000 ) ;
#2083 = EDGE_CURVE ( 'NONE', #8587, #8669, #3813, .T. ) ;
#2084 = LINE ( 'NONE', #2593, #6946 ) ;
#2085 = DIRECTION ( 'NONE',  ( -0.02792163872356208000, -0.9996101150403545700, 0.0000000000000000000 ) ) ;
#2086 = PLANE ( 'NONE',  #3524 ) ;
#2087 = CLOSED_SHELL ( 'NONE', ( #6306, #7100, #1471, #1012, #6778, #7986, #5897, #1317, #1621, #5548 ) ) ;
#2088 = AXIS2_PLACEMENT_3D ( 'NONE', #6784, #3653, #2905 ) ;
#2089 = VECTOR ( 'NONE', #1803, 1000.000000000000000 ) ;
#2090 = FACE_OUTER_BOUND ( 'NONE', #5691, .T. ) ;
#2091 = DIRECTION ( 'NONE',  ( 1.000000000000000000, -8.758115402030106700E-047, 6.115759297924548800E-061 ) ) ;
#2092 = DIRECTION ( 'NONE',  ( 1.000000000000000000, 0.0000000000000000000, -0.0000000000000000000 ) ) ;
#2093 = CARTESIAN_POINT ( 'NONE',  ( -1.699999999999996600, 6.200000000000000200, -4.199999999999999300 ) ) ;
#2094 = SURFACE_STYLE_USAGE ( .BOTH. , #3601 ) ;
#2095 = VERTEX_POINT ( 'NONE', #1439 ) ;
#2096 = LINE ( 'NONE', #3195, #1742 ) ;
#2097 = ADVANCED_FACE ( 'NONE', ( #5638 ), #4212, .F. ) ;
#2098 = CARTESIAN_POINT ( 'NONE',  ( 6.375000000000000900, 12.75000000000000000, -2.699999999999999300 ) ) ;
#2099 = CYLINDRICAL_SURFACE ( 'NONE', #7640, 0.5000000000000001100 ) ;
#2100 = FACE_OUTER_BOUND ( 'NONE', #3062, .T. ) ;
#2101 = CARTESIAN_POINT ( 'NONE',  ( 1.577205953146759700, -3.480000000000000000, -2.499999999999999100 ) ) ;
#2102 = AXIS2_PLACEMENT_3D ( 'NONE', #106, #961, #9265 ) ;
#2103 = DIRECTION ( 'NONE',  ( -0.05233595624294382100, -0.9986295347545739400, 0.0000000000000000000 ) ) ;
#2104 = DIRECTION ( 'NONE',  ( -1.000000000000000000, 0.0000000000000000000, -0.0000000000000000000 ) ) ;
#2105 = CARTESIAN_POINT ( 'NONE',  ( -6.424999999999997200, 2.899999999999986600, 5.850000000000002300 ) ) ;
#2106 = ORIENTED_EDGE ( 'NONE', *, *, #3859, .T. ) ;
#2107 = DIRECTION ( 'NONE',  ( -1.334402673828313600E-016, 1.000000000000000000, 0.0000000000000000000 ) ) ;
#2108 = EDGE_CURVE ( 'NONE', #2138, #7684, #7756, .T. ) ;
#2109 = CIRCLE ( 'NONE', #1515, 0.2500000000000002200 ) ;
#2110 = ORIENTED_EDGE ( 'NONE', *, *, #6727, .F. ) ;
#2111 =( NAMED_UNIT ( * ) SI_UNIT ( $, .STERADIAN. ) SOLID_ANGLE_UNIT ( ) );
#2112 = CARTESIAN_POINT ( 'NONE',  ( 6.999959989698508500, 3.959383240830137500, 5.855477786117076800 ) ) ;
#2113 = VERTEX_POINT ( 'NONE', #5973 ) ;
#2114 = DIRECTION ( 'NONE',  ( 1.000000000000000000, -0.0000000000000000000, 0.0000000000000000000 ) ) ;
#2115 = ADVANCED_FACE ( 'NONE', ( #8841 ), #2004, .F. ) ;
#2116 = CARTESIAN_POINT ( 'NONE',  ( 1.275528258147577300, -2.481329165221064100, 0.1250000000000000000 ) ) ;
#2117 = EDGE_CURVE ( 'NONE', #5187, #5716, #76, .T. ) ;
#2118 = ORIENTED_EDGE ( 'NONE', *, *, #8957, .T. ) ;
#2119 = DIRECTION ( 'NONE',  ( 0.0000000000000000000, 0.0000000000000000000, 1.000000000000000000 ) ) ;
#2120 = EDGE_CURVE ( 'NONE', #3097, #747, #3739, .T. ) ;
#2121 = CARTESIAN_POINT ( 'NONE',  ( 6.625000000000001800, 2.224999999999986800, 3.375000000000000900 ) ) ;
#2122 = VERTEX_POINT ( 'NONE', #7234 ) ;
#2123 = CARTESIAN_POINT ( 'NONE',  ( 6.875000000000001800, -2.501847198195503300, -0.01261557407330320800 ) ) ;
#2124 = ORIENTED_EDGE ( 'NONE', *, *, #1576, .T. ) ;
#2125 = AXIS2_PLACEMENT_3D ( 'NONE', #8663, #7149, #1172 ) ;
#2126 = CARTESIAN_POINT ( 'NONE',  ( -7.000000000000005300, 2.149999999999985300, 2.100000000000000500 ) ) ;
#2127 = ORIENTED_EDGE ( 'NONE', *, *, #9180, .T. ) ;
#2128 = PLANE ( 'NONE',  #1537 ) ;
#2129 = DIRECTION ( 'NONE',  ( 0.0000000000000000000, 1.000000000000000000, 0.0000000000000000000 ) ) ;
#2130 = DIRECTION ( 'NONE',  ( 0.0000000000000000000, -3.491481338843133400E-015, -1.000000000000000000 ) ) ;
#2131 = ORIENTED_EDGE ( 'NONE', *, *, #6225, .T. ) ;
#2132 = FACE_OUTER_BOUND ( 'NONE', #4055, .T. ) ;
#2133 = EDGE_CURVE ( 'NONE', #4807, #1316, #3617, .T. ) ;
#2134 = CARTESIAN_POINT ( 'NONE',  ( -1.577205953146757700, -3.480000000000000000, 0.0000000000000000000 ) ) ;
#2135 = PRESENTATION_STYLE_ASSIGNMENT (( #5050 ) ) ;
#2136 = ADVANCED_FACE ( 'NONE', ( #1616 ), #416, .F. ) ;
#2137 = ORIENTED_EDGE ( 'NONE', *, *, #8998, .T. ) ;
#2138 = VERTEX_POINT ( 'NONE', #6480 ) ;
#2139 = PLANE ( 'NONE',  #178 ) ;
#2140 = VERTEX_POINT ( 'NONE', #80 ) ;
#2141 = LINE ( 'NONE', #6677, #7588 ) ;
#2142 = CARTESIAN_POINT ( 'NONE',  ( 6.749998117797482600, 3.969183844021831700, 5.850685964349007200 ) ) ;
#2143 = EDGE_CURVE ( 'NONE', #1316, #5716, #9315, .T. ) ;
#2144 = ORIENTED_EDGE ( 'NONE', *, *, #2980, .F. ) ;
#2145 = ORIENTED_EDGE ( 'NONE', *, *, #532, .F. ) ;
#2146 = DIRECTION ( 'NONE',  ( 1.000000000000000000, -0.0000000000000000000, -0.0000000000000000000 ) ) ;
#2147 = ORIENTED_EDGE ( 'NONE', *, *, #579, .F. ) ;
#2148 = CARTESIAN_POINT ( 'NONE',  ( -6.605784270717713900, 3.949999999999986400, 6.650000000000000400 ) ) ;
#2149 = CYLINDRICAL_SURFACE ( 'NONE', #2466, 0.3999999999999997400 ) ;
#2150 = DIRECTION ( 'NONE',  ( 0.0000000000000000000, -3.469446951953611000E-015, -1.000000000000000000 ) ) ;
#2151 = ORIENTED_EDGE ( 'NONE', *, *, #1544, .F. ) ;
#2152 = VERTEX_POINT ( 'NONE', #5234 ) ;
#2153 = LINE ( 'NONE', #7040, #144 ) ;
#2154 = EDGE_CURVE ( 'NONE', #5933, #2347, #5760, .T. ) ;
#2155 = PLANE ( 'NONE',  #909 ) ;
#2156 = VECTOR ( 'NONE', #5250, 1000.000000000000000 ) ;
#2157 = ADVANCED_FACE ( 'NONE', ( #9432 ), #1536, .F. ) ;
#2158 = EDGE_CURVE ( 'NONE', #185, #3553, #5517, .T. ) ;
#2159 = DIRECTION ( 'NONE',  ( 0.0000000000000000000, -0.0000000000000000000, 1.000000000000000000 ) ) ;
#2160 = LINE ( 'NONE', #5544, #731 ) ;
#2161 = DIRECTION ( 'NONE',  ( 0.0000000000000000000, 1.000000000000000000, 1.606225440719265900E-016 ) ) ;
#2162 = CARTESIAN_POINT ( 'NONE',  ( 3.750000000000000900, 0.0000000000000000000, 6.150000000000000400 ) ) ;
#2163 = CARTESIAN_POINT ( 'NONE',  ( -7.000000000000006200, 3.999999999999987100, 5.850000000000000500 ) ) ;
#2164 = VERTEX_POINT ( 'NONE', #9055 ) ;
#2165 = FILL_AREA_STYLE_COLOUR ( '', #58 ) ;
#2166 = EDGE_LOOP ( 'NONE', ( #1108, #3650, #917, #1347 ) ) ;
#2167 = ORIENTED_EDGE ( 'NONE', *, *, #6042, .T. ) ;
#2168 = AXIS2_PLACEMENT_3D ( 'NONE', #873, #7592, #3784 ) ;
#2169 = FACE_OUTER_BOUND ( 'NONE', #8672, .T. ) ;
#2170 = ORIENTED_EDGE ( 'NONE', *, *, #5835, .F. ) ;
#2171 = VECTOR ( 'NONE', #2921, 1000.000000000000000 ) ;
#2172 = CARTESIAN_POINT ( 'NONE',  ( 6.999934461877805900, 3.957198842921684000, 5.857225191215290400 ) ) ;
#2173 = EDGE_CURVE ( 'NONE', #3200, #9052, #6239, .T. ) ;
#2174 = EDGE_LOOP ( 'NONE', ( #4937, #9651, #3956, #9662 ) ) ;
#2175 = FACE_OUTER_BOUND ( 'NONE', #3232, .T. ) ;
#2176 = PLANE ( 'NONE',  #2270 ) ;
#2177 = VECTOR ( 'NONE', #1318, 1000.000000000000100 ) ;
#2178 = DIRECTION ( 'NONE',  ( -1.000000000000000000, -0.0000000000000000000, 0.0000000000000000000 ) ) ;
#2179 = ORIENTED_EDGE ( 'NONE', *, *, #3420, .F. ) ;
#2180 = PLANE ( 'NONE',  #4841 ) ;
#2181 = DIRECTION ( 'NONE',  ( -1.000000000000000000, 0.0000000000000000000, 0.0000000000000000000 ) ) ;
#2182 = AXIS2_PLACEMENT_3D ( 'NONE', #8447, #6199, #3900 ) ;
#2183 = ADVANCED_FACE ( 'NONE', ( #3497 ), #13, .F. ) ;
#2184 = ORIENTED_EDGE ( 'NONE', *, *, #5924, .F. ) ;
#2185 = VERTEX_POINT ( 'NONE', #7481 ) ;
#2186 =( NAMED_UNIT ( * ) PLANE_ANGLE_UNIT ( ) SI_UNIT ( $, .RADIAN. ) );
#2187 = LINE ( 'NONE', #9559, #168 ) ;
#2188 = LINE ( 'NONE', #4530, #8953 ) ;
#2189 = LINE ( 'NONE', #5530, #1719 ) ;
#2190 = LINE ( 'NONE', #1743, #3722 ) ;
#2191 = CYLINDRICAL_SURFACE ( 'NONE', #6978, 0.02499999999999984900 ) ;
#2192 = DIRECTION ( 'NONE',  ( -1.209379534333128700E-016, 0.9063077870366509400, -0.4226182617406975000 ) ) ;
#2193 = ORIENTED_EDGE ( 'NONE', *, *, #9709, .F. ) ;
#2194 = DIRECTION ( 'NONE',  ( 0.0000000000000000000, -1.000000000000000000, 0.0000000000000000000 ) ) ;
#2195 = PLANE ( 'NONE',  #305 ) ;
#2196 = EDGE_LOOP ( 'NONE', ( #1101, #3158, #1670, #4153 ) ) ;
#2197 = FACE_OUTER_BOUND ( 'NONE', #4283, .T. ) ;
#2198 = LINE ( 'NONE', #3077, #9204 ) ;
#2199 = CARTESIAN_POINT ( 'NONE',  ( -6.624999999999998200, -1.656610674714111600, 1.799999999999998700 ) ) ;
#2200 = AXIS2_PLACEMENT_3D ( 'NONE', #3449, #8792, #4248 ) ;
#2201 = FACE_OUTER_BOUND ( 'NONE', #4544, .T. ) ;
#2202 = ORIENTED_EDGE ( 'NONE', *, *, #3042, .T. ) ;
#2203 = FACE_OUTER_BOUND ( 'NONE', #6635, .T. ) ;
#2205 = PLANE ( 'NONE',  #3768 ) ;
#2204 = CARTESIAN_POINT ( 'NONE',  ( 1.055190116215857700, -1.709633081912044900, -0.1250000000000000000 ) ) ;
#2206 = DIRECTION ( 'NONE',  ( 1.000000000000000000, 0.0000000000000000000, 0.0000000000000000000 ) ) ;
#2207 = ORIENTED_EDGE ( 'NONE', *, *, #8394, .F. ) ;
#2208 = CARTESIAN_POINT ( 'NONE',  ( 5.800000000000000700, 0.0000000000000000000, 17.08448840921516900 ) ) ;
#2209 = FACE_OUTER_BOUND ( 'NONE', #9457, .T. ) ;
#2210 = CARTESIAN_POINT ( 'NONE',  ( -6.374999999999999100, 12.75000000000000000, -2.699999999999999300 ) ) ;
#2211 = EDGE_CURVE ( 'NONE', #1724, #8297, #3244, .T. ) ;
#2212 = VECTOR ( 'NONE', #6378, 999.9999999999998900 ) ;
#2213 = PLANE ( 'NONE',  #1096 ) ;
#2214 = ADVANCED_FACE ( 'NONE', ( #9565 ), #3705, .F. ) ;
#2215 = CARTESIAN_POINT ( 'NONE',  ( 1.000000000000000400, 4.174999999999999800, -2.699999999999999300 ) ) ;
#2216 = AXIS2_PLACEMENT_3D ( 'NONE', #5794, #4302, #4842 ) ;
#2217 = EDGE_LOOP ( 'NONE', ( #6769, #5483, #7745, #3555 ) ) ;
#2218 = LINE ( 'NONE', #7388, #8007 ) ;
#2219 = DIRECTION ( 'NONE',  ( 1.000000000000000000, -9.599961581310927900E-016, 0.0000000000000000000 ) ) ;
#2220 = EDGE_CURVE ( 'NONE', #7384, #7499, #8832, .T. ) ;
#2221 = EDGE_LOOP ( 'NONE', ( #2077, #5771, #8, #8754 ) ) ;
#2222 = EDGE_CURVE ( 'NONE', #6470, #3539, #7990, .T. ) ;
#2223 = VERTEX_POINT ( 'NONE', #47 ) ;
#2224 = CARTESIAN_POINT ( 'NONE',  ( 1.650000000000000800, -7.721577310586390300, 3.950000000000000200 ) ) ;
#2225 = CARTESIAN_POINT ( 'NONE',  ( 0.9500000000000007300, -3.279999999999996300, 3.950000000000000200 ) ) ;
#2226 = DIRECTION ( 'NONE',  ( 1.000000000000000000, 0.0000000000000000000, 0.0000000000000000000 ) ) ;
#2227 = COLOUR_RGB ( '',0.7921568627450980000, 0.8196078431372548800, 0.9333333333333333500 ) ;
#2228 = DIRECTION ( 'NONE',  ( 1.000000000000000000, 0.0000000000000000000, 0.0000000000000000000 ) ) ;
#2229 = DIRECTION ( 'NONE',  ( 0.0000000000000000000, 0.0000000000000000000, 1.000000000000000000 ) ) ;
#2230 = ORIENTED_EDGE ( 'NONE', *, *, #1025, .T. ) ;
#2231 = CARTESIAN_POINT ( 'NONE',  ( 6.951960676794288800, 3.949999999999988200, 6.033634734814048000 ) ) ;
#2232 = CARTESIAN_POINT ( 'NONE',  ( -6.874999999999998200, 4.999999999999986700, 4.749999999999983100 ) ) ;
#2233 = CARTESIAN_POINT ( 'NONE',  ( -7.000000000000006200, 3.499999999999985300, 1.950000000000000800 ) ) ;
#2234 = EDGE_CURVE ( 'NONE', #8780, #6200, #4209, .T. ) ;
#2235 = EDGE_CURVE ( 'NONE', #8764, #6420, #5503, .T. ) ;
#2236 = ADVANCED_FACE ( 'NONE', ( #3236 ), #1005, .F. ) ;
#2237 = ORIENTED_EDGE ( 'NONE', *, *, #9105, .T. ) ;
#2238 = CARTESIAN_POINT ( 'NONE',  ( 6.750000000000005300, 2.098616088517479400, 7.800000000000029100 ) ) ;
#2239 = ORIENTED_EDGE ( 'NONE', *, *, #2234, .F. ) ;
#2240 = DIRECTION ( 'NONE',  ( 7.285838599102583500E-014, 3.469446951953611000E-015, 1.000000000000000000 ) ) ;
#2241 = VECTOR ( 'NONE', #4105, 1000.000000000000000 ) ;
#2242 = AXIS2_PLACEMENT_3D ( 'NONE', #4446, #9717, #3644 ) ;
#2243 = VERTEX_POINT ( 'NONE', #9402 ) ;
#2244 = ORIENTED_EDGE ( 'NONE', *, *, #8536, .F. ) ;
#2245 = DIRECTION ( 'NONE',  ( 1.000000000000000000, 0.0000000000000000000, -0.0000000000000000000 ) ) ;
#2246 = ORIENTED_EDGE ( 'NONE', *, *, #2676, .F. ) ;
#2247 = UNCERTAINTY_MEASURE_WITH_UNIT (LENGTH_MEASURE( 1.000000000000000100E-005 ), #4947, 'distance_accuracy_value', 'NONE');
#2248 = ORIENTED_EDGE ( 'NONE', *, *, #581, .F. ) ;
#2249 = COLOUR_RGB ( '',0.7921568627450980000, 0.8196078431372548800, 0.9333333333333333500 ) ;
#2250 = EDGE_CURVE ( 'NONE', #6418, #6506, #891, .T. ) ;
#2251 = VECTOR ( 'NONE', #2893, 1000.000000000000000 ) ;
#2252 = CARTESIAN_POINT ( 'NONE',  ( 3.750000000000002200, -3.279999999999996300, 3.650000000000001200 ) ) ;
#2253 = CARTESIAN_POINT ( 'NONE',  ( 2.449999999999999300, 6.199999999999999300, -3.849999999999993900 ) ) ;
#2254 = ORIENTED_EDGE ( 'NONE', *, *, #1169, .T. ) ;
#2255 = ORIENTED_EDGE ( 'NONE', *, *, #9653, .F. ) ;
#2256 = AXIS2_PLACEMENT_3D ( 'NONE', #7128, #567, #2754 ) ;
#2257 = VECTOR ( 'NONE', #8082, 1000.000000000000000 ) ;
#2258 = ADVANCED_FACE ( 'NONE', ( #8590 ), #4063, .T. ) ;
#2259 = DIRECTION ( 'NONE',  ( 0.0000000000000000000, 0.0000000000000000000, -1.000000000000000000 ) ) ;
#2260 = DIRECTION ( 'NONE',  ( 1.000000000000000000, 0.0000000000000000000, -8.075993836018656900E-017 ) ) ;
#2261 = CARTESIAN_POINT ( 'NONE',  ( 6.747474487139165000, 2.949999999999987300, 5.875000000000000000 ) ) ;
#2262 = DIRECTION ( 'NONE',  ( 0.0000000000000000000, 1.000000000000000000, -0.0000000000000000000 ) ) ;
#2263 = VERTEX_POINT ( 'NONE', #8572 ) ;
#2264 = ORIENTED_EDGE ( 'NONE', *, *, #6889, .F. ) ;
#2265 = EDGE_CURVE ( 'NONE', #8376, #1142, #4322, .T. ) ;
#2266 = CIRCLE ( 'NONE', #333, 0.1999999999999996500 ) ;
#2267 = DIRECTION ( 'NONE',  ( -0.0000000000000000000, 0.0000000000000000000, 1.000000000000000000 ) ) ;
#2268 = DIRECTION ( 'NONE',  ( -0.0000000000000000000, -0.0000000000000000000, -1.000000000000000000 ) ) ;
#2269 = DIRECTION ( 'NONE',  ( 0.0000000000000000000, 0.0000000000000000000, -1.000000000000000000 ) ) ;
#2270 = AXIS2_PLACEMENT_3D ( 'NONE', #2116, #7337, #4425 ) ;
#2271 = CARTESIAN_POINT ( 'NONE',  ( 1.250000000000001600, 0.0000000000000000000, 6.150000000000000400 ) ) ;
#2272 = ORIENTED_EDGE ( 'NONE', *, *, #518, .F. ) ;
#2273 = ORIENTED_EDGE ( 'NONE', *, *, #6346, .T. ) ;
#2274 = DIRECTION ( 'NONE',  ( 1.000000000000000000, 0.0000000000000000000, 0.0000000000000000000 ) ) ;
#2275 = LINE ( 'NONE', #4325, #3920 ) ;
#2276 = CIRCLE ( 'NONE', #6396, 0.5000000000000004400 ) ;
#2277 = EDGE_CURVE ( 'NONE', #4115, #3910, #3729, .T. ) ;
#2278 = DIRECTION ( 'NONE',  ( 1.000000000000000000, 0.0000000000000000000, 0.0000000000000000000 ) ) ;
#2279 = PLANE ( 'NONE',  #1629 ) ;
#2280 = ORIENTED_EDGE ( 'NONE', *, *, #3737, .T. ) ;
#2281 = VERTEX_POINT ( 'NONE', #4127 ) ;
#2282 = LINE ( 'NONE', #4297, #5475 ) ;
#2283 = ADVANCED_FACE ( 'NONE', ( #657 ), #5662, .F. ) ;
#2284 = FILL_AREA_STYLE ('',( #4470 ) ) ;
#2285 = AXIS2_PLACEMENT_3D ( 'NONE', #5858, #2114, #7403 ) ;
#2286 = VECTOR ( 'NONE', #492, 1000.000000000000000 ) ;
#2287 = ORIENTED_EDGE ( 'NONE', *, *, #6522, .F. ) ;
#2288 = ORIENTED_EDGE ( 'NONE', *, *, #3948, .T. ) ;
#2289 = EDGE_CURVE ( 'NONE', #6323, #5276, #9780, .T. ) ;
#2290 = DIRECTION ( 'NONE',  ( -1.000000000000000000, 0.0000000000000000000, 0.0000000000000000000 ) ) ;
#2291 = ORIENTED_EDGE ( 'NONE', *, *, #9090, .T. ) ;
#2292 = DIRECTION ( 'NONE',  ( 0.0000000000000000000, 0.0000000000000000000, -1.000000000000000000 ) ) ;
#2293 = FACE_OUTER_BOUND ( 'NONE', #1069, .T. ) ;
#2294 = VERTEX_POINT ( 'NONE', #2653 ) ;
#2295 = CARTESIAN_POINT ( 'NONE',  ( -6.733986892264766800, 3.949999999999988200, 5.911211578271352400 ) ) ;
#2296 = DIRECTION ( 'NONE',  ( -2.556604186739367600E-028, -1.000000000000000000, 3.542745126994888700E-015 ) ) ;
#2297 = DIRECTION ( 'NONE',  ( 1.000000000000000000, 0.0000000000000000000, -0.0000000000000000000 ) ) ;
#2298 = DIRECTION ( 'NONE',  ( 1.000000000000000000, 1.334402673828313600E-016, -0.0000000000000000000 ) ) ;
#2299 = SURFACE_STYLE_USAGE ( .BOTH. , #864 ) ;
#2300 = AXIS2_PLACEMENT_3D ( 'NONE', #8487, #9228, #215 ) ;
#2301 = ORIENTED_EDGE ( 'NONE', *, *, #2220, .F. ) ;
#2302 = DIRECTION ( 'NONE',  ( -1.296989514749014200E-016, 0.0000000000000000000, -1.000000000000000000 ) ) ;
#2303 = VECTOR ( 'NONE', #3406, 1000.000000000000000 ) ;
#2304 = CARTESIAN_POINT ( 'NONE',  ( 3.750000000000002200, -3.279999999999996300, 3.650000000000001200 ) ) ;
#2305 = LINE ( 'NONE', #2928, #7285 ) ;
#2306 = EDGE_CURVE ( 'NONE', #86, #1443, #7059, .T. ) ;
#2307 = DIRECTION ( 'NONE',  ( 0.0000000000000000000, 0.0000000000000000000, -1.000000000000000000 ) ) ;
#2308 = CARTESIAN_POINT ( 'NONE',  ( -6.500000000000024000, 1.899999999999999000, 8.050000000000029100 ) ) ;
#2309 = AXIS2_PLACEMENT_3D ( 'NONE', #7581, #8307, #8346 ) ;
#2310 = DIRECTION ( 'NONE',  ( -0.0000000000000000000, 1.000000000000000000, -0.0000000000000000000 ) ) ;
#2311 = EDGE_LOOP ( 'NONE', ( #9663, #3621, #7203, #4208 ) ) ;
#2312 = EDGE_CURVE ( 'NONE', #6174, #7811, #1268, .T. ) ;
#2313 = CARTESIAN_POINT ( 'NONE',  ( -3.049999999999998000, 0.0000000000000000000, 3.650000000000001200 ) ) ;
#2314 = ORIENTED_EDGE ( 'NONE', *, *, #4570, .F. ) ;
#2315 = ORIENTED_EDGE ( 'NONE', *, *, #8659, .F. ) ;
#2316 = CARTESIAN_POINT ( 'NONE',  ( 0.5500000000000014900, -7.721577310586390300, 6.450000000000000200 ) ) ;
#2317 = LINE ( 'NONE', #5695, #8352 ) ;
#2318 = FACE_BOUND ( 'NONE', #1915, .T. ) ;
#2319 = ORIENTED_EDGE ( 'NONE', *, *, #7390, .F. ) ;
#2320 = CARTESIAN_POINT ( 'NONE',  ( 6.625000000000000000, 2.224999999999986800, 3.450000000000000600 ) ) ;
#2321 = AXIS2_PLACEMENT_3D ( 'NONE', #8509, #9165, #92 ) ;
#2322 = LINE ( 'NONE', #5185, #5523 ) ;
#2323 = CIRCLE ( 'NONE', #4402, 0.02499999999999984900 ) ;
#2324 = VECTOR ( 'NONE', #7654, 1000.000000000000100 ) ;
#2325 = EDGE_CURVE ( 'NONE', #8202, #2607, #4447, .T. ) ;
#2326 = CARTESIAN_POINT ( 'NONE',  ( 6.875000000000000900, 7.146943347483220200, -4.511920497456814300 ) ) ;
#2327 = VECTOR ( 'NONE', #6273, 1000.000000000000000 ) ;
#2328 = PLANE ( 'NONE',  #2937 ) ;
#2329 = CARTESIAN_POINT ( 'NONE',  ( 1.650000000000000800, -7.721577310586390300, 3.650000000000000800 ) ) ;
#2330 = CARTESIAN_POINT ( 'NONE',  ( 3.750000000000000900, -3.279999999999996300, 6.450000000000000200 ) ) ;
#2331 = ORIENTED_EDGE ( 'NONE', *, *, #5502, .F. ) ;
#2332 = CIRCLE ( 'NONE', #9566, 0.4999999999999995600 ) ;
#2333 =( GEOMETRIC_REPRESENTATION_CONTEXT ( 3 ) GLOBAL_UNCERTAINTY_ASSIGNED_CONTEXT ( ( #8252 ) ) GLOBAL_UNIT_ASSIGNED_CONTEXT ( ( #8976, #1525, #3035 ) ) REPRESENTATION_CONTEXT ( 'NONE', 'WORKASPACE' ) );
#2334 = VECTOR ( 'NONE', #9408, 999.9999999999998900 ) ;
#2335 = FACE_OUTER_BOUND ( 'NONE', #6671, .T. ) ;
#2336 = ADVANCED_FACE ( 'NONE', ( #4562 ), #1790, .F. ) ;
#2337 = VERTEX_POINT ( 'NONE', #7865 ) ;
#2338 = DIRECTION ( 'NONE',  ( 1.000000000000000000, 0.0000000000000000000, 0.0000000000000000000 ) ) ;
#2339 = CARTESIAN_POINT ( 'NONE',  ( -6.624999999999998200, -3.799999999999999800, 0.7838440971057467600 ) ) ;
#2340 = DIRECTION ( 'NONE',  ( -0.9396926207859095400, 0.3420201433256658300, 0.0000000000000000000 ) ) ;
#2341 = DIRECTION ( 'NONE',  ( -2.556604186739367600E-028, -1.000000000000000000, 3.542745126994888700E-015 ) ) ;
#2342 = EDGE_CURVE ( 'NONE', #1178, #6982, #2546, .T. ) ;
#2343 = EDGE_LOOP ( 'NONE', ( #142, #5800, #7964, #1542 ) ) ;
#2344 = DIRECTION ( 'NONE',  ( -0.0000000000000000000, -0.0000000000000000000, 1.000000000000000000 ) ) ;
#2345 = DIRECTION ( 'NONE',  ( -0.0000000000000000000, 0.0000000000000000000, -1.000000000000000000 ) ) ;
#2346 = CARTESIAN_POINT ( 'NONE',  ( -6.874999999999998200, 1.049999999999999200, -2.699999999999999300 ) ) ;
#2347 = VERTEX_POINT ( 'NONE', #7127 ) ;
#2348 = AXIS2_PLACEMENT_3D ( 'NONE', #5932, #2069, #2150 ) ;
#2349 = PLANE ( 'NONE',  #8025 ) ;
#2350 = CARTESIAN_POINT ( 'NONE',  ( 6.625000000000000000, 12.49999999999999800, -2.699999999999999300 ) ) ;
#2351 = EDGE_LOOP ( 'NONE', ( #5166, #8229, #6567, #580 ) ) ;
#2352 = EDGE_CURVE ( 'NONE', #9704, #9704, #6348, .T. ) ;
#2353 = CARTESIAN_POINT ( 'NONE',  ( -3.049999999999998000, 0.0000000000000000000, 3.950000000000001100 ) ) ;
#2354 = EDGE_CURVE ( 'NONE', #9774, #2607, #2317, .T. ) ;
#2355 = ORIENTED_EDGE ( 'NONE', *, *, #328, .T. ) ;
#2356 = CARTESIAN_POINT ( 'NONE',  ( 6.625000000000000000, 12.49999999999999800, -2.699999999999999300 ) ) ;
#2357 = VERTEX_POINT ( 'NONE', #595 ) ;
#2358 = ORIENTED_EDGE ( 'NONE', *, *, #5952, .T. ) ;
#2359 = DIRECTION ( 'NONE',  ( -1.000000000000000000, -0.0000000000000000000, -0.0000000000000000000 ) ) ;
#2360 = CARTESIAN_POINT ( 'NONE',  ( 7.000000000000005300, 4.999999999999997300, 7.800000000000018500 ) ) ;
#2361 = EDGE_LOOP ( 'NONE', ( #8043, #7612, #405, #674 ) ) ;
#2362 = PLANE ( 'NONE',  #1839 ) ;
#2363 = COLOUR_RGB ( '',0.2509803921568627400, 0.2509803921568627400, 0.2509803921568627400 ) ;
#2364 = DIRECTION ( 'NONE',  ( 0.0000000000000000000, 5.102127870520021000E-016, -1.000000000000000000 ) ) ;
#2365 = ORIENTED_EDGE ( 'NONE', *, *, #448, .F. ) ;
#2366 = PLANE ( 'NONE',  #6159 ) ;
#2367 = ORIENTED_EDGE ( 'NONE', *, *, #6424, .F. ) ;
#2368 = ORIENTED_EDGE ( 'NONE', *, *, #1015, .T. ) ;
#2369 = CARTESIAN_POINT ( 'NONE',  ( -0.9499999999999977400, 0.0000000000000000000, 3.650000000000001200 ) ) ;
#2370 = EDGE_LOOP ( 'NONE', ( #1993, #1339, #9693, #2747 ) ) ;
#2371 = VECTOR ( 'NONE', #8777, 1000.000000000000000 ) ;
#2372 = LINE ( 'NONE', #2604, #1781 ) ;
#2373 = LINE ( 'NONE', #8621, #6290 ) ;
#2374 = DIRECTION ( 'NONE',  ( 1.000000000000000000, 0.0000000000000000000, -0.0000000000000000000 ) ) ;
#2375 = ORIENTED_EDGE ( 'NONE', *, *, #1729, .T. ) ;
#2376 = ORIENTED_EDGE ( 'NONE', *, *, #6391, .T. ) ;
#2377 = CARTESIAN_POINT ( 'NONE',  ( -3.749999999999998200, -3.279999999999996300, 3.950000000000001100 ) ) ;
#2378 = EDGE_CURVE ( 'NONE', #1287, #7720, #303, .T. ) ;
#2379 = CIRCLE ( 'NONE', #8497, 0.3750000000000055500 ) ;
#2380 = ADVANCED_FACE ( 'NONE', ( #6713, #7525, #4678 ), #308, .F. ) ;
#2381 = CARTESIAN_POINT ( 'NONE',  ( 0.9500000000000007300, 0.0000000000000000000, 3.950000000000000200 ) ) ;
#2382 = ORIENTED_EDGE ( 'NONE', *, *, #5038, .T. ) ;
#2383 = ORIENTED_EDGE ( 'NONE', *, *, #1025, .F. ) ;
#2384 = AXIS2_PLACEMENT_3D ( 'NONE', #4794, #3323, #9409 ) ;
#2385 = ORIENTED_EDGE ( 'NONE', *, *, #7861, .F. ) ;
#2386 = LINE ( 'NONE', #1197, #4274 ) ;
#2387 = CARTESIAN_POINT ( 'NONE',  ( 3.050000000000002000, -7.721577310586390300, 3.950000000000001100 ) ) ;
#2388 = CARTESIAN_POINT ( 'NONE',  ( -6.999999999999996400, 0.0000000000000000000, -2.699999999999997500 ) ) ;
#2389 = DIRECTION ( 'NONE',  ( 0.3236155771181821700, 0.8891264907159901500, 0.3236155771181821700 ) ) ;
#2390 = DIRECTION ( 'NONE',  ( 0.05233595624294441800, 0.9986295347545738300, 0.0000000000000000000 ) ) ;
#2391 = ORIENTED_EDGE ( 'NONE', *, *, #8117, .T. ) ;
#2392 = ORIENTED_EDGE ( 'NONE', *, *, #1467, .T. ) ;
#2393 = CYLINDRICAL_SURFACE ( 'NONE', #5524, 0.02499999999999984900 ) ;
#2394 = FACE_OUTER_BOUND ( 'NONE', #7712, .T. ) ;
#2395 = DIRECTION ( 'NONE',  ( -0.9396926207859095400, 0.3420201433256658300, 0.0000000000000000000 ) ) ;
#2396 = DIRECTION ( 'NONE',  ( 1.000000000000000000, 0.0000000000000000000, 0.0000000000000000000 ) ) ;
#2397 = PLANE ( 'NONE',  #3285 ) ;
#2398 = VERTEX_POINT ( 'NONE', #5036 ) ;
#2399 = ORIENTED_EDGE ( 'NONE', *, *, #2378, .T. ) ;
#2400 = LINE ( 'NONE', #8274, #5604 ) ;
#2401 = DIRECTION ( 'NONE',  ( 1.000000000000000000, -1.334402673828313600E-016, -3.404146536317937200E-032 ) ) ;
#2402 = EDGE_CURVE ( 'NONE', #8139, #9666, #5159, .T. ) ;
#2403 = EDGE_CURVE ( 'NONE', #5558, #9561, #5273, .T. ) ;
#2404 = DIRECTION ( 'NONE',  ( 0.0000000000000000000, 0.0000000000000000000, 1.000000000000000000 ) ) ;
#2405 = DIRECTION ( 'NONE',  ( 1.000000000000000000, 0.0000000000000000000, 0.0000000000000000000 ) ) ;
#2406 = DIRECTION ( 'NONE',  ( 0.9396926207859095400, 0.3420201433256658300, -0.0000000000000000000 ) ) ;
#2407 = ORIENTED_EDGE ( 'NONE', *, *, #2980, .T. ) ;
#2408 = ORIENTED_EDGE ( 'NONE', *, *, #3648, .T. ) ;
#2409 = EDGE_LOOP ( 'NONE', ( #1396, #6403, #4550, #3561 ) ) ;
#2410 = AXIS2_PLACEMENT_3D ( 'NONE', #5030, #435, #3491 ) ;
#2411 = FACE_OUTER_BOUND ( 'NONE', #4356, .T. ) ;
#2412 = VECTOR ( 'NONE', #4304, 1000.000000000000000 ) ;
#2413 = ORIENTED_EDGE ( 'NONE', *, *, #5264, .F. ) ;
#2414 = EDGE_CURVE ( 'NONE', #1755, #6323, #3961, .T. ) ;
#2415 = VERTEX_POINT ( 'NONE', #5827 ) ;
#2416 = CARTESIAN_POINT ( 'NONE',  ( -6.874999999999999100, 2.236907039215393100, 2.100000000000001000 ) ) ;
#2417 = DIRECTION ( 'NONE',  ( 0.0000000000000000000, 0.0000000000000000000, 1.000000000000000000 ) ) ;
#2418 = EDGE_LOOP ( 'NONE', ( #1661, #2151, #2666, #1528 ) ) ;
#2419 = DIRECTION ( 'NONE',  ( 0.0000000000000000000, 0.0000000000000000000, -1.000000000000000000 ) ) ;
#2420 = LINE ( 'NONE', #6554, #7943 ) ;
#2421 = VECTOR ( 'NONE', #6032, 999.9999999999998900 ) ;
#2422 = VECTOR ( 'NONE', #52, 1000.000000000000000 ) ;
#2423 = DIRECTION ( 'NONE',  ( 0.0000000000000000000, -1.000000000000000000, 0.0000000000000000000 ) ) ;
#2424 = LINE ( 'NONE', #377, #9176 ) ;
#2425 = ORIENTED_EDGE ( 'NONE', *, *, #9765, .F. ) ;
#2426 = DIRECTION ( 'NONE',  ( 6.944458934088596600E-032, -5.204170427930424200E-016, 1.000000000000000000 ) ) ;
#2427 = ADVANCED_FACE ( 'NONE', ( #8722 ), #2753, .F. ) ;
#2428 = ORIENTED_EDGE ( 'NONE', *, *, #2628, .T. ) ;
#2429 = EDGE_CURVE ( 'NONE', #8557, #8270, #6227, .T. ) ;
#2430 = DIRECTION ( 'NONE',  ( -1.000000000000000000, 0.0000000000000000000, 0.0000000000000000000 ) ) ;
#2431 = DIRECTION ( 'NONE',  ( 0.0000000000000000000, 0.0000000000000000000, 1.000000000000000000 ) ) ;
#2432 = VECTOR ( 'NONE', #5090, 1000.000000000000000 ) ;
#2433 = CARTESIAN_POINT ( 'NONE',  ( -7.000000000000006200, 3.499999999999985300, 3.450000000000000600 ) ) ;
#2434 = DIRECTION ( 'NONE',  ( 1.000000000000000000, 0.0000000000000000000, 0.0000000000000000000 ) ) ;
#2435 = FACE_OUTER_BOUND ( 'NONE', #4461, .T. ) ;
#2436 = EDGE_CURVE ( 'NONE', #5047, #7462, #3488, .T. ) ;
#2437 = FACE_OUTER_BOUND ( 'NONE', #7472, .T. ) ;
#2438 = ORIENTED_EDGE ( 'NONE', *, *, #1890, .T. ) ;
#2439 = LINE ( 'NONE', #3309, #186 ) ;
#2440 = CARTESIAN_POINT ( 'NONE',  ( -0.9499999999999986200, -7.721577310586390300, 6.150000000000000400 ) ) ;
#2441 = ADVANCED_FACE ( 'NONE', ( #7746 ), #9303, .F. ) ;
#2442 = ORIENTED_EDGE ( 'NONE', *, *, #2821, .F. ) ;
#2443 = LINE ( 'NONE', #4856, #439 ) ;
#2444 = DIRECTION ( 'NONE',  ( -1.000000000000000000, 0.0000000000000000000, 0.0000000000000000000 ) ) ;
#2445 = LINE ( 'NONE', #5598, #89 ) ;
#2446 = AXIS2_PLACEMENT_3D ( 'NONE', #9665, #3651, #2843 ) ;
#2447 = VERTEX_POINT ( 'NONE', #8772 ) ;
#2448 = EDGE_LOOP ( 'NONE', ( #438, #6992, #2645, #4598 ) ) ;
#2449 = LINE ( 'NONE', #490, #6851 ) ;
#2450 = EDGE_CURVE ( 'NONE', #8217, #9732, #6953, .T. ) ;
#2451 = SURFACE_STYLE_USAGE ( .BOTH. , #4664 ) ;
#2452 = CARTESIAN_POINT ( 'NONE',  ( 1.075000000000000000, 0.2500000000000006100, -4.699999999999999300 ) ) ;
#2453 = ORIENTED_EDGE ( 'NONE', *, *, #3992, .F. ) ;
#2454 = CARTESIAN_POINT ( 'NONE',  ( 0.6233089292274752700, -3.481414627696880300, 6.223308929227473900 ) ) ;
#2455 = AXIS2_PLACEMENT_3D ( 'NONE', #8703, #7946, #3415 ) ;
#2456 = ORIENTED_EDGE ( 'NONE', *, *, #8823, .T. ) ;
#2457 = DIRECTION ( 'NONE',  ( 0.0000000000000000000, -0.0000000000000000000, -1.000000000000000000 ) ) ;
#2458 = ORIENTED_EDGE ( 'NONE', *, *, #8245, .F. ) ;
#2459 = PLANE ( 'NONE',  #5960 ) ;
#2460 = EDGE_CURVE ( 'NONE', #8024, #1380, #1492, .T. ) ;
#2461 = CARTESIAN_POINT ( 'NONE',  ( 0.0000000000000000000, 6.500000000000000000, -0.1250000000000000000 ) ) ;
#2462 = CARTESIAN_POINT ( 'NONE',  ( -6.605784270717713900, 2.949999999999986900, 6.650000000000000400 ) ) ;
#2463 = CARTESIAN_POINT ( 'NONE',  ( -6.374999999999997300, 12.49999999999999800, 8.040000000000000900 ) ) ;
#2464 = ORIENTED_EDGE ( 'NONE', *, *, #3484, .F. ) ;
#2465 = DIRECTION ( 'NONE',  ( -1.000000000000000000, 0.0000000000000000000, 0.0000000000000000000 ) ) ;
#2466 = AXIS2_PLACEMENT_3D ( 'NONE', #7686, #9489, #7882 ) ;
#2467 = EDGE_LOOP ( 'NONE', ( #9395, #4175, #6067, #1196 ) ) ;
#2468 = CARTESIAN_POINT ( 'NONE',  ( 1.000000000000000400, 9.500000000000000000, 4.485059523282288300 ) ) ;
#2469 = ORIENTED_EDGE ( 'NONE', *, *, #4736, .T. ) ;
#2470 = CARTESIAN_POINT ( 'NONE',  ( 6.951960676794287900, 3.949999999999988200, 6.033634734814048000 ) ) ;
#2471 = VECTOR ( 'NONE', #7129, 999.9999999999998900 ) ;
#2472 = ADVANCED_FACE ( 'NONE', ( #2680 ), #2058, .T. ) ;
#2473 = EDGE_CURVE ( 'NONE', #2447, #6986, #5045, .T. ) ;
#2474 = ORIENTED_EDGE ( 'NONE', *, *, #5145, .F. ) ;
#2475 = DIRECTION ( 'NONE',  ( 1.334402673828313600E-016, -1.000000000000000000, 0.0000000000000000000 ) ) ;
#2476 = EDGE_CURVE ( 'NONE', #8510, #2616, #2915, .T. ) ;
#2477 = ORIENTED_EDGE ( 'NONE', *, *, #9698, .F. ) ;
#2478 = ORIENTED_EDGE ( 'NONE', *, *, #3279, .F. ) ;
#2479 = ORIENTED_EDGE ( 'NONE', *, *, #1354, .F. ) ;
#2480 = LINE ( 'NONE', #6148, #9479 ) ;
#2481 = ORIENTED_EDGE ( 'NONE', *, *, #2849, .T. ) ;
#2482 = VECTOR ( 'NONE', #84, 1000.000000000000000 ) ;
#2483 = AXIS2_PLACEMENT_3D ( 'NONE', #1325, #6619, #3409 ) ;
#2484 = DIRECTION ( 'NONE',  ( 3.469446951953611000E-015, -1.000000000000000000, 0.0000000000000000000 ) ) ;
#2485 = ADVANCED_FACE ( 'NONE', ( #5998 ), #6564, .T. ) ;
#2486 = ORIENTED_EDGE ( 'NONE', *, *, #7074, .T. ) ;
#2487 = DIRECTION ( 'NONE',  ( 0.3236155771181821700, -0.8891264907159901500, 0.3236155771181821700 ) ) ;
#2488 = EDGE_LOOP ( 'NONE', ( #7058, #2577, #9012, #5084 ) ) ;
#2489 = AXIS2_PLACEMENT_3D ( 'NONE', #3703, #3674, #8273 ) ;
#2490 = LINE ( 'NONE', #7655, #1780 ) ;
#2491 = EDGE_CURVE ( 'NONE', #4373, #2977, #4922, .T. ) ;
#2492 = CARTESIAN_POINT ( 'NONE',  ( 6.424999999999999800, 2.149999999999987000, 1.950000000000000800 ) ) ;
#2493 = SURFACE_STYLE_FILL_AREA ( #8732 ) ;
#2494 = CARTESIAN_POINT ( 'NONE',  ( 3.750000000000000900, 0.0000000000000000000, 6.450000000000000200 ) ) ;
#2495 = CARTESIAN_POINT ( 'NONE',  ( 0.0000000000000000000, 6.500000000000000000, 0.1250000000000000000 ) ) ;
#2496 = DIRECTION ( 'NONE',  ( -1.000000000000000000, 0.0000000000000000000, 8.075993836018656900E-017 ) ) ;
#2497 = FILL_AREA_STYLE_COLOUR ( '', #4786 ) ;
#2498 = ORIENTED_EDGE ( 'NONE', *, *, #6060, .T. ) ;
#2499 = CARTESIAN_POINT ( 'NONE',  ( 6.625000000000000000, 29.80608689002257700, -2.699999999999999300 ) ) ;
#2500 = EDGE_LOOP ( 'NONE', ( #5879, #4261, #7691, #2949 ) ) ;
#2501 = DIRECTION ( 'NONE',  ( 0.0000000000000000000, 0.0000000000000000000, -1.000000000000000000 ) ) ;
#2502 = ORIENTED_EDGE ( 'NONE', *, *, #3297, .T. ) ;
#2503 = VECTOR ( 'NONE', #4279, 1000.000000000000000 ) ;
#2504 = CARTESIAN_POINT ( 'NONE',  ( 0.6291033726784029900, -3.799999999999999800, 0.1250000000000000000 ) ) ;
#2505 = CARTESIAN_POINT ( 'NONE',  ( -6.374999999999997300, 12.75000000000000000, 8.040000000000000900 ) ) ;
#2506 = VERTEX_POINT ( 'NONE', #5864 ) ;
#2507 = ORIENTED_EDGE ( 'NONE', *, *, #1152, .F. ) ;
#2508 = LINE ( 'NONE', #9104, #4640 ) ;
#2509 = VECTOR ( 'NONE', #4679, 1000.000000000000000 ) ;
#2510 = CARTESIAN_POINT ( 'NONE',  ( -6.624999999999998200, 2.899999999999985300, 5.875000000000000000 ) ) ;
#2511 = AXIS2_PLACEMENT_3D ( 'NONE', #4048, #6351, #4950 ) ;
#2512 = VERTEX_POINT ( 'NONE', #7318 ) ;
#2513 = ORIENTED_EDGE ( 'NONE', *, *, #4372, .F. ) ;
#2514 = FACE_OUTER_BOUND ( 'NONE', #3886, .T. ) ;
#2515 = DIRECTION ( 'NONE',  ( 0.0000000000000000000, 0.0000000000000000000, -1.000000000000000000 ) ) ;
#2516 = DIRECTION ( 'NONE',  ( -0.8718951381180892700, 0.0000000000000000000, 0.4896926261707828500 ) ) ;
#2517 = FACE_OUTER_BOUND ( 'NONE', #8348, .T. ) ;
#2518 = CARTESIAN_POINT ( 'NONE',  ( -1.649999999999997900, 0.0000000000000000000, 3.950000000000001100 ) ) ;
#2519 = DIRECTION ( 'NONE',  ( 0.0000000000000000000, 0.0000000000000000000, -1.000000000000000000 ) ) ;
#2520 = VECTOR ( 'NONE', #4421, 1000.000000000000000 ) ;
#2521 = DIRECTION ( 'NONE',  ( 0.3090169943749485600, 0.9510565162951532000, -0.0000000000000000000 ) ) ;
#2522 = FACE_OUTER_BOUND ( 'NONE', #1221, .T. ) ;
#2523 = EDGE_CURVE ( 'NONE', #1931, #8024, #181, .T. ) ;
#2524 = CARTESIAN_POINT ( 'NONE',  ( 0.5500000000000014900, -7.721577310586390300, 6.150000000000000400 ) ) ;
#2525 = VERTEX_POINT ( 'NONE', #2718 ) ;
#2526 = ADVANCED_FACE ( 'NONE', ( #2197 ), #5195, .T. ) ;
#2527 = ORIENTED_EDGE ( 'NONE', *, *, #9684, .T. ) ;
#2528 = VECTOR ( 'NONE', #1695, 1000.000000000000000 ) ;
#2529 = VERTEX_POINT ( 'NONE', #4295 ) ;
#2530 = PLANE ( 'NONE',  #2725 ) ;
#2531 = DIRECTION ( 'NONE',  ( -0.8718951381180898300, -8.577799438435723600E-018, 0.4896926261707817400 ) ) ;
#2532 = LINE ( 'NONE', #1900, #6576 ) ;
#2533 = AXIS2_PLACEMENT_3D ( 'NONE', #9220, #2423, #3072 ) ;
#2534 = PLANE ( 'NONE',  #5915 ) ;
#2535 = EDGE_CURVE ( 'NONE', #3927, #7502, #1383, .T. ) ;
#2536 = EDGE_LOOP ( 'NONE', ( #7583, #4363, #4716, #803 ) ) ;
#2537 = VECTOR ( 'NONE', #8729, 1000.000000000000000 ) ;
#2538 = EDGE_CURVE ( 'NONE', #5737, #2185, #8459, .T. ) ;
#2539 = ADVANCED_FACE ( 'NONE', ( #7981 ), #5164, .T. ) ;
#2540 = VECTOR ( 'NONE', #4797, 1000.000000000000000 ) ;
#2541 = DIRECTION ( 'NONE',  ( 4.727448570154208000E-031, -3.542745126994888700E-015, -1.000000000000000000 ) ) ;
#2542 = CARTESIAN_POINT ( 'NONE',  ( -6.750000000000005300, 4.999999999999997300, 7.800000000000018500 ) ) ;
#2543 = AXIS2_PLACEMENT_3D ( 'NONE', #1732, #6999, #7068 ) ;
#2544 = VERTEX_POINT ( 'NONE', #4431 ) ;
#2545 = ORIENTED_EDGE ( 'NONE', *, *, #1370, .T. ) ;
#2546 = LINE ( 'NONE', #3393, #543 ) ;
#2547 = VECTOR ( 'NONE', #5178, 1000.000000000000000 ) ;
#2548 = FACE_OUTER_BOUND ( 'NONE', #2839, .T. ) ;
#2549 = ORIENTED_EDGE ( 'NONE', *, *, #5402, .F. ) ;
#2550 = EDGE_CURVE ( 'NONE', #1002, #9344, #4082, .T. ) ;
#2551 = LINE ( 'NONE', #4986, #4682 ) ;
#2552 = PLANE ( 'NONE',  #8326 ) ;
#2553 = CARTESIAN_POINT ( 'NONE',  ( -1.649999999999997900, -3.279999999999996300, 3.650000000000001200 ) ) ;
#2554 = DIRECTION ( 'NONE',  ( 0.0000000000000000000, 0.0000000000000000000, 1.000000000000000000 ) ) ;
#2555 = EDGE_LOOP ( 'NONE', ( #7116, #6594, #6168, #4231 ) ) ;
#2556 = FACE_OUTER_BOUND ( 'NONE', #7220, .T. ) ;
#2557 = CARTESIAN_POINT ( 'NONE',  ( 2.000000000000000000, 8.220000000000000600, -4.199999999999999300 ) ) ;
#2558 = LINE ( 'NONE', #6410, #2212 ) ;
#2559 = LINE ( 'NONE', #8289, #3731 ) ;
#2560 = PLANE ( 'NONE',  #1871 ) ;
#2561 = ORIENTED_EDGE ( 'NONE', *, *, #7204, .T. ) ;
#2562 = DIRECTION ( 'NONE',  ( -0.0000000000000000000, 1.000000000000000000, -0.0000000000000000000 ) ) ;
#2563 = AXIS2_PLACEMENT_3D ( 'NONE', #6012, #9016, #4474 ) ;
#2564 = CONICAL_SURFACE ( 'NONE', #4472, 0.3999999999999999700, 0.7853981633974472800 ) ;
#2565 = PLANE ( 'NONE',  #2874 ) ;
#2566 = CARTESIAN_POINT ( 'NONE',  ( -6.624999999999998200, 1.049999999999997800, 6.550308009257218300 ) ) ;
#2567 = PLANE ( 'NONE',  #9037 ) ;
#2568 = CARTESIAN_POINT ( 'NONE',  ( -6.500000000000000900, 12.99999999999999800, -23.80497317454280200 ) ) ;
#2569 = LINE ( 'NONE', #8988, #6364 ) ;
#2570 = CARTESIAN_POINT ( 'NONE',  ( -6.874999999999998200, 4.999999999999987600, 5.199999999999984200 ) ) ;
#2571 = EDGE_CURVE ( 'NONE', #2525, #5558, #9539, .T. ) ;
#2572 = VECTOR ( 'NONE', #8680, 1000.000000000000000 ) ;
#2573 = CIRCLE ( 'NONE', #4412, 0.5000000000000004400 ) ;
#2574 = DIRECTION ( 'NONE',  ( 1.000000000000000000, 0.0000000000000000000, -0.0000000000000000000 ) ) ;
#2575 = CARTESIAN_POINT ( 'NONE',  ( -6.624999999999997300, 3.999999999999986200, 6.700000000000002800 ) ) ;
#2576 = CARTESIAN_POINT ( 'NONE',  ( 6.749880075175053800, 2.940612270392683100, 5.855474196221784700 ) ) ;
#2577 = ORIENTED_EDGE ( 'NONE', *, *, #8101, .T. ) ;
#2578 = AXIS2_PLACEMENT_3D ( 'NONE', #2711, #4954, #7988 ) ;
#2579 = ADVANCED_FACE ( 'NONE', ( #2904 ), #2180, .F. ) ;
#2580 = ORIENTED_EDGE ( 'NONE', *, *, #9137, .T. ) ;
#2581 = CARTESIAN_POINT ( 'NONE',  ( -1.999999999999999100, 8.220000000000000600, -2.699999999999999300 ) ) ;
#2582 = EDGE_CURVE ( 'NONE', #3070, #8366, #1842, .T. ) ;
#2583 = ORIENTED_EDGE ( 'NONE', *, *, #2491, .T. ) ;
#2584 = CARTESIAN_POINT ( 'NONE',  ( 6.625000000000000000, 13.00000000000000000, 8.040000000000000900 ) ) ;
#2585 = CARTESIAN_POINT ( 'NONE',  ( 6.375000000000001800, 2.236907039215394500, 3.300000000000000700 ) ) ;
#2586 = DIRECTION ( 'NONE',  ( 0.0000000000000000000, 1.000000000000000000, 0.0000000000000000000 ) ) ;
#2587 = EDGE_LOOP ( 'NONE', ( #488, #1168, #6831, #9699 ) ) ;
#2588 = ADVANCED_FACE ( 'NONE', ( #423 ), #2670, .T. ) ;
#2589 = VERTEX_POINT ( 'NONE', #4593 ) ;
#2590 = VERTEX_POINT ( 'NONE', #8030 ) ;
#2591 = VERTEX_POINT ( 'NONE', #8298 ) ;
#2592 = CARTESIAN_POINT ( 'NONE',  ( -0.9499999999999977400, 0.0000000000000000000, 3.650000000000001200 ) ) ;
#2593 = CARTESIAN_POINT ( 'NONE',  ( 6.625000000000001800, -3.799999999999999800, 1.799999999999998700 ) ) ;
#2594 = CARTESIAN_POINT ( 'NONE',  ( -2.499999999999999100, -3.480000000000000000, 6.377205953146758900 ) ) ;
#2595 = DIRECTION ( 'NONE',  ( 0.0000000000000000000, -3.469446951953611000E-015, -1.000000000000000000 ) ) ;
#2596 = VERTEX_POINT ( 'NONE', #3826 ) ;
#2597 = EDGE_CURVE ( 'NONE', #1625, #3387, #4437, .T. ) ;
#2598 = DIRECTION ( 'NONE',  ( 0.0000000000000000000, 1.000000000000000000, 0.0000000000000000000 ) ) ;
#2599 = DIRECTION ( 'NONE',  ( 0.0000000000000000000, 0.0000000000000000000, 1.000000000000000000 ) ) ;
#2600 = AXIS2_PLACEMENT_3D ( 'NONE', #5856, #6749, #2206 ) ;
#2601 = VECTOR ( 'NONE', #9370, 1000.000000000000000 ) ;
#2602 = ORIENTED_EDGE ( 'NONE', *, *, #6563, .F. ) ;
#2603 = AXIS2_PLACEMENT_3D ( 'NONE', #226, #4023, #6361 ) ;
#2604 = CARTESIAN_POINT ( 'NONE',  ( 3.677205953146759600, -3.480000000000000000, 0.0000000000000000000 ) ) ;
#2605 = CLOSED_SHELL ( 'NONE', ( #255, #7971, #354, #8241, #9692, #7215, #7152, #7519, #8794, #2214 ) ) ;
#2606 = CARTESIAN_POINT ( 'NONE',  ( -3.049999999999998000, 0.0000000000000000000, 3.650000000000001200 ) ) ;
#2607 = VERTEX_POINT ( 'NONE', #7543 ) ;
#2608 = FACE_OUTER_BOUND ( 'NONE', #8089, .T. ) ;
#2610 = EDGE_CURVE ( 'NONE', #8604, #6112, #8711, .T. ) ;
#2609 = LINE ( 'NONE', #8931, #6773 ) ;
#2611 = CARTESIAN_POINT ( 'NONE',  ( -6.941813527419702400, 3.363537276877651500, 2.100000000000000500 ) ) ;
#2612 = EDGE_CURVE ( 'NONE', #7357, #486, #169, .T. ) ;
#2613 = ORIENTED_EDGE ( 'NONE', *, *, #9314, .T. ) ;
#2614 = VERTEX_POINT ( 'NONE', #9079 ) ;
#2615 = DIRECTION ( 'NONE',  ( 1.000000000000000000, 1.334402673828313600E-016, -0.0000000000000000000 ) ) ;
#2616 = VERTEX_POINT ( 'NONE', #2350 ) ;
#2617 = FACE_OUTER_BOUND ( 'NONE', #3634, .T. ) ;
#2618 = DIRECTION ( 'NONE',  ( -1.000000000000000000, 9.599961581310927900E-016, 0.0000000000000000000 ) ) ;
#2619 = DIRECTION ( 'NONE',  ( 1.000000000000000000, 0.0000000000000000000, 0.0000000000000000000 ) ) ;
#2620 = STYLED_ITEM ( 'NONE', ( #2009 ), #9600 ) ;
#2621 = CARTESIAN_POINT ( 'NONE',  ( -3.122794046853238900, -3.480000000000000000, 6.222794046853240800 ) ) ;
#2622 = DIRECTION ( 'NONE',  ( -1.000000000000000000, 0.0000000000000000000, -0.0000000000000000000 ) ) ;
#2623 = CARTESIAN_POINT ( 'NONE',  ( -1.999999999999999100, 8.220000000000000600, -2.699999999999999300 ) ) ;
#2624 = PLANE ( 'NONE',  #9142 ) ;
#2625 = EDGE_CURVE ( 'NONE', #9426, #2881, #3368, .T. ) ;
#2626 = EDGE_LOOP ( 'NONE', ( #3333, #4764, #4902, #6691 ) ) ;
#2627 = ORIENTED_EDGE ( 'NONE', *, *, #2476, .T. ) ;
#2628 = EDGE_CURVE ( 'NONE', #3734, #8003, #3119, .T. ) ;
#2629 = CARTESIAN_POINT ( 'NONE',  ( 3.050000000000000700, -7.721577310586390300, 6.150000000000000400 ) ) ;
#2630 = ADVANCED_FACE ( 'NONE', ( #4668, #5151 ), #1718, .F. ) ;
#2631 = LINE ( 'NONE', #1844, #6539 ) ;
#2632 = DIRECTION ( 'NONE',  ( 1.000000000000000000, 0.0000000000000000000, 0.0000000000000000000 ) ) ;
#2633 = CARTESIAN_POINT ( 'NONE',  ( 6.999827434253227800, 2.946279535318796900, 5.861583371793740200 ) ) ;
#2634 = CARTESIAN_POINT ( 'NONE',  ( -7.000000000000005300, 4.549999999999986500, 4.749999999999984900 ) ) ;
#2635 = EDGE_LOOP ( 'NONE', ( #7560, #6536, #7061, #6771 ) ) ;
#2636 = ORIENTED_EDGE ( 'NONE', *, *, #6801, .F. ) ;
#2637 = AXIS2_PLACEMENT_3D ( 'NONE', #9705, #6000, #5126 ) ;
#2638 = FACE_OUTER_BOUND ( 'NONE', #7168, .T. ) ;
#2639 = CARTESIAN_POINT ( 'NONE',  ( -6.999980568156368900, 3.961722092187872900, 5.853817526913816800 ) ) ;
#2640 = LINE ( 'NONE', #531, #1812 ) ;
#2641 = CARTESIAN_POINT ( 'NONE',  ( 3.750000000000000900, -3.279999999999996300, 6.450000000000000200 ) ) ;
#2642 = ADVANCED_FACE ( 'NONE', ( #4196 ), #6835, .F. ) ;
#2643 = VECTOR ( 'NONE', #5652, 1000.000000000000000 ) ;
#2644 = CARTESIAN_POINT ( 'NONE',  ( -6.374999999999980500, 4.999999999999999100, 8.050000000000027400 ) ) ;
#2645 = ORIENTED_EDGE ( 'NONE', *, *, #9610, .T. ) ;
#2646 = EDGE_CURVE ( 'NONE', #2776, #2164, #2188, .T. ) ;
#2647 = ORIENTED_EDGE ( 'NONE', *, *, #4199, .F. ) ;
#2648 = ORIENTED_EDGE ( 'NONE', *, *, #9412, .T. ) ;
#2649 = PLANE ( 'NONE',  #7853 ) ;
#2650 = CYLINDRICAL_SURFACE ( 'NONE', #9607, 5.000000000000000000 ) ;
#2651 = LINE ( 'NONE', #4569, #401 ) ;
#2652 = AXIS2_PLACEMENT_3D ( 'NONE', #5029, #5891, #2047 ) ;
#2653 = CARTESIAN_POINT ( 'NONE',  ( -0.9499999999999986200, -3.279999999999996300, 6.150000000000000400 ) ) ;
#2654 = ORIENTED_EDGE ( 'NONE', *, *, #8819, .F. ) ;
#2655 = PLANE ( 'NONE',  #7198 ) ;
#2656 = EDGE_LOOP ( 'NONE', ( #6456, #4238, #3725, #9619 ) ) ;
#2657 = LINE ( 'NONE', #6151, #6457 ) ;
#2658 = VECTOR ( 'NONE', #8851, 1000.000000000000000 ) ;
#2659 = DIRECTION ( 'NONE',  ( 0.0000000000000000000, 0.0000000000000000000, 1.000000000000000000 ) ) ;
#2660 = EDGE_CURVE ( 'NONE', #4380, #6256, #5490, .T. ) ;
#2661 = EDGE_LOOP ( 'NONE', ( #701, #3533, #6073, #9429 ) ) ;
#2662 = CARTESIAN_POINT ( 'NONE',  ( -6.749984965312607200, 2.936146995437279600, 5.852450878312304800 ) ) ;
#2663 = ORIENTED_EDGE ( 'NONE', *, *, #6925, .F. ) ;
#2664 = CARTESIAN_POINT ( 'NONE',  ( 7.000000000000006200, 2.924999999999986500, 5.850000000000000500 ) ) ;
#2665 = CARTESIAN_POINT ( 'NONE',  ( 6.500000000000024000, 4.999999999999999100, 8.050000000000018500 ) ) ;
#2666 = ORIENTED_EDGE ( 'NONE', *, *, #805, .F. ) ;
#2667 = AXIS2_PLACEMENT_3D ( 'NONE', #141, #3102, #6852 ) ;
#2668 = DIRECTION ( 'NONE',  ( 1.000000000000000000, 1.334402673828313600E-016, -0.0000000000000000000 ) ) ;
#2669 = VECTOR ( 'NONE', #3442, 1000.000000000000000 ) ;
#2670 = CYLINDRICAL_SURFACE ( 'NONE', #1499, 0.2500000000000002200 ) ;
#2671 = CARTESIAN_POINT ( 'NONE',  ( -2.450000000000000200, 6.200000000000000200, -3.849999999999993900 ) ) ;
#2672 = PLANE ( 'NONE',  #1860 ) ;
#2673 = LINE ( 'NONE', #8485, #2906 ) ;
#2674 = DIRECTION ( 'NONE',  ( 1.000000000000000000, 0.0000000000000000000, 0.0000000000000000000 ) ) ;
#2675 = EDGE_CURVE ( 'NONE', #3660, #8990, #6944, .T. ) ;
#2676 = EDGE_CURVE ( 'NONE', #6314, #1380, #3479, .T. ) ;
#2677 = DIRECTION ( 'NONE',  ( 0.0000000000000000000, 0.0000000000000000000, -1.000000000000000000 ) ) ;
#2678 = ORIENTED_EDGE ( 'NONE', *, *, #5969, .F. ) ;
#2679 = UNCERTAINTY_MEASURE_WITH_UNIT (LENGTH_MEASURE( 1.000000000000000100E-005 ), #7670, 'distance_accuracy_value', 'NONE');
#2680 = FACE_OUTER_BOUND ( 'NONE', #5300, .T. ) ;
#2681 = CYLINDRICAL_SURFACE ( 'NONE', #3726, 0.4000000000000001900 ) ;
#2682 = FACE_OUTER_BOUND ( 'NONE', #1868, .T. ) ;
#2683 = ADVANCED_FACE ( 'NONE', ( #1393 ), #3882, .F. ) ;
#2684 = DIRECTION ( 'NONE',  ( -0.0000000000000000000, -0.0000000000000000000, -1.000000000000000000 ) ) ;
#2685 = VERTEX_POINT ( 'NONE', #7661 ) ;
#2686 = AXIS2_PLACEMENT_3D ( 'NONE', #3169, #2267, #983 ) ;
#2687 = VECTOR ( 'NONE', #4090, 1000.000000000000000 ) ;
#2688 = ORIENTED_EDGE ( 'NONE', *, *, #7141, .F. ) ;
#2689 = FILL_AREA_STYLE_COLOUR ( '', #7119 ) ;
#2690 = AXIS2_PLACEMENT_3D ( 'NONE', #4906, #5675, #7938 ) ;
#2691 = DIRECTION ( 'NONE',  ( 0.0000000000000000000, -0.0000000000000000000, 1.000000000000000000 ) ) ;
#2692 = CARTESIAN_POINT ( 'NONE',  ( 0.0000000000000000000, 6.500000000000000000, -20.82203461105328300 ) ) ;
#2693 = EDGE_CURVE ( 'NONE', #3291, #8925, #7514, .T. ) ;
#2694 = ORIENTED_EDGE ( 'NONE', *, *, #8499, .T. ) ;
#2695 = CARTESIAN_POINT ( 'NONE',  ( 3.122794046853241600, -3.480000000000000000, 0.0000000000000000000 ) ) ;
#2696 = PLANE ( 'NONE',  #5241 ) ;
#2697 = ADVANCED_FACE ( 'NONE', ( #5386 ), #9112, .F. ) ;
#2698 = DIRECTION ( 'NONE',  ( -4.727448570154208000E-031, 3.542745126994888700E-015, 1.000000000000000000 ) ) ;
#2699 = VERTEX_POINT ( 'NONE', #814 ) ;
#2700 = LINE ( 'NONE', #2232, #1990 ) ;
#2701 = CARTESIAN_POINT ( 'NONE',  ( 6.500000000000005300, 4.999999999999997300, 7.800000000000018500 ) ) ;
#2702 = AXIS2_PLACEMENT_3D ( 'NONE', #211, #6948, #5495 ) ;
#2703 = DIRECTION ( 'NONE',  ( 1.000000000000000000, 2.556604186739367600E-028, -8.926335808808728500E-043 ) ) ;
#2704 = ORIENTED_EDGE ( 'NONE', *, *, #4736, .F. ) ;
#2705 = CARTESIAN_POINT ( 'NONE',  ( 6.999882224707912200, 2.944533807165688800, 5.859397744407698600 ) ) ;
#2706 = CARTESIAN_POINT ( 'NONE',  ( 1.000000000000000400, 0.0000000000000000000, -4.199999999999999300 ) ) ;
#2707 = AXIS2_PLACEMENT_3D ( 'NONE', #6961, #2406, #8665 ) ;
#2708 = ORIENTED_EDGE ( 'NONE', *, *, #560, .F. ) ;
#2709 = DIRECTION ( 'NONE',  ( 7.285838599102583500E-014, 3.491481338843133400E-015, 1.000000000000000000 ) ) ;
#2710 = PRESENTATION_STYLE_ASSIGNMENT (( #3114 ) ) ;
#2711 = CARTESIAN_POINT ( 'NONE',  ( 6.424999999999999800, 2.899999999999986600, 6.700000000000000200 ) ) ;
#2712 = VERTEX_POINT ( 'NONE', #507 ) ;
#2713 = EDGE_LOOP ( 'NONE', ( #7389 ) ) ;
#2714 = CARTESIAN_POINT ( 'NONE',  ( -6.499999999999996400, 12.49999999999999600, -4.699999999999999300 ) ) ;
#2715 = ORIENTED_EDGE ( 'NONE', *, *, #560, .T. ) ;
#2716 = ORIENTED_EDGE ( 'NONE', *, *, #629, .T. ) ;
#2717 = FACE_OUTER_BOUND ( 'NONE', #6806, .T. ) ;
#2718 = CARTESIAN_POINT ( 'NONE',  ( 6.750000000000005300, 1.899999999999997000, 7.563298562962305700 ) ) ;
#2719 = DIRECTION ( 'NONE',  ( 0.0000000000000000000, -1.000000000000000000, 0.0000000000000000000 ) ) ;
#2720 = ORIENTED_EDGE ( 'NONE', *, *, #6617, .F. ) ;
#2721 = APPLICATION_CONTEXT ( 'automotive_design' ) ;
#2722 = CARTESIAN_POINT ( 'NONE',  ( -0.9999999999999995600, 9.500000000000000000, -4.199999999999999300 ) ) ;
#2723 = EDGE_LOOP ( 'NONE', ( #478, #4722, #1816, #1946, #5791, #2003, #9645, #3180 ) ) ;
#2724 = ORIENTED_EDGE ( 'NONE', *, *, #4568, .T. ) ;
#2725 = AXIS2_PLACEMENT_3D ( 'NONE', #5917, #1124, #7182 ) ;
#2726 = EDGE_LOOP ( 'NONE', ( #9768, #9041, #4027, #2716 ) ) ;
#2727 = CARTESIAN_POINT ( 'NONE',  ( 6.374999999999999100, 4.999999999999999100, 8.300000000000027400 ) ) ;
#2728 = LINE ( 'NONE', #9093, #4015 ) ;
#2729 = EDGE_CURVE ( 'NONE', #1756, #8457, #5989, .T. ) ;
#2730 = CARTESIAN_POINT ( 'NONE',  ( -4.699999999999998400, -3.480000000000000000, 3.877205953146760200 ) ) ;
#2731 = EDGE_CURVE ( 'NONE', #4873, #4198, #4911, .T. ) ;
#2732 = CARTESIAN_POINT ( 'NONE',  ( -6.499999999999996400, 12.49999999999999600, -2.699999999999997500 ) ) ;
#2733 = DIRECTION ( 'NONE',  ( -1.000000000000000000, 0.0000000000000000000, 0.0000000000000000000 ) ) ;
#2734 = ORIENTED_EDGE ( 'NONE', *, *, #2117, .T. ) ;
#2735 = PLANE ( 'NONE',  #3922 ) ;
#2736 = DIRECTION ( 'NONE',  ( 0.9986295347545739400, 0.05233595624294408400, 0.0000000000000000000 ) ) ;
#2737 = ORIENTED_EDGE ( 'NONE', *, *, #4977, .F. ) ;
#2738 = FACE_OUTER_BOUND ( 'NONE', #8898, .T. ) ;
#2739 = CARTESIAN_POINT ( 'NONE',  ( 6.875000000000001800, 2.224999999999986800, 3.300000000000000700 ) ) ;
#2740 = CIRCLE ( 'NONE', #6050, 0.1999999999999996500 ) ;
#2741 = AXIS2_PLACEMENT_3D ( 'NONE', #8719, #8002, #5728 ) ;
#2742 = ADVANCED_FACE ( 'NONE', ( #1958 ), #2279, .T. ) ;
#2743 = CARTESIAN_POINT ( 'NONE',  ( -0.9499999999999986200, -3.279999999999996300, 6.450000000000000200 ) ) ;
#2744 = PLANE ( 'NONE',  #3103 ) ;
#2745 = ORIENTED_EDGE ( 'NONE', *, *, #5329, .T. ) ;
#2746 = ORIENTED_EDGE ( 'NONE', *, *, #3326, .T. ) ;
#2747 = ORIENTED_EDGE ( 'NONE', *, *, #5886, .T. ) ;
#2748 = EDGE_CURVE ( 'NONE', #7784, #9421, #9423, .T. ) ;
#2749 = FACE_OUTER_BOUND ( 'NONE', #265, .T. ) ;
#2750 = EDGE_CURVE ( 'NONE', #9052, #6141, #6705, .T. ) ;
#2751 = ORIENTED_EDGE ( 'NONE', *, *, #6060, .F. ) ;
#2752 = EDGE_LOOP ( 'NONE', ( #3392, #2602, #6759, #8064 ) ) ;
#2753 = PLANE ( 'NONE',  #8401 ) ;
#2754 = DIRECTION ( 'NONE',  ( -1.000000000000000000, 0.0000000000000000000, 0.0000000000000000000 ) ) ;
#2755 = FACE_OUTER_BOUND ( 'NONE', #4663, .T. ) ;
#2756 = DIRECTION ( 'NONE',  ( 0.0000000000000000000, 0.0000000000000000000, -1.000000000000000000 ) ) ;
#2757 = CARTESIAN_POINT ( 'NONE',  ( 1.400000000000000600, 4.174999999999999800, -3.849999999999994300 ) ) ;
#2758 = CARTESIAN_POINT ( 'NONE',  ( -6.874314767377285300, 2.263075017336865400, 3.300000000000000700 ) ) ;
#2759 = CYLINDRICAL_SURFACE ( 'NONE', #5013, 0.4499999999999999000 ) ;
#2760 = DIRECTION ( 'NONE',  ( 0.0000000000000000000, 3.542745126994888700E-015, 1.000000000000000000 ) ) ;
#2761 = AXIS2_PLACEMENT_3D ( 'NONE', #4800, #5600, #320 ) ;
#2762 = FACE_OUTER_BOUND ( 'NONE', #7594, .T. ) ;
#2763 = DIRECTION ( 'NONE',  ( 0.0000000000000000000, 0.0000000000000000000, 1.000000000000000000 ) ) ;
#2764 = VERTEX_POINT ( 'NONE', #1685 ) ;
#2765 = EDGE_CURVE ( 'NONE', #2768, #858, #7737, .T. ) ;
#2766 = DIRECTION ( 'NONE',  ( 0.0000000000000000000, -0.0000000000000000000, -1.000000000000000000 ) ) ;
#2767 = ORIENTED_EDGE ( 'NONE', *, *, #2460, .T. ) ;
#2768 = VERTEX_POINT ( 'NONE', #6254 ) ;
#2769 = LINE ( 'NONE', #2148, #5354 ) ;
#2770 = CARTESIAN_POINT ( 'NONE',  ( 6.875000000000000000, 13.00000000000000000, 3.450000000000000600 ) ) ;
#2771 = FACE_OUTER_BOUND ( 'NONE', #2587, .T. ) ;
#2772 =( NAMED_UNIT ( * ) PLANE_ANGLE_UNIT ( ) SI_UNIT ( $, .RADIAN. ) );
#2773 = LINE ( 'NONE', #4738, #5588 ) ;
#2774 = DIRECTION ( 'NONE',  ( 1.000000000000000000, 0.0000000000000000000, 0.0000000000000000000 ) ) ;
#2775 = CARTESIAN_POINT ( 'NONE',  ( -6.951960676794287900, 3.949999999999988200, 6.033634734814048000 ) ) ;
#2776 = VERTEX_POINT ( 'NONE', #6987 ) ;
#2777 = AXIS2_PLACEMENT_3D ( 'NONE', #2743, #1138, #6517 ) ;
#2778 = VERTEX_POINT ( 'NONE', #7718 ) ;
#2779 = DIRECTION ( 'NONE',  ( 0.0000000000000000000, 0.0000000000000000000, -1.000000000000000000 ) ) ;
#2780 = EDGE_LOOP ( 'NONE', ( #8155, #100, #251, #767 ) ) ;
#2781 = VECTOR ( 'NONE', #6167, 1000.000000000000100 ) ;
#2782 = ORIENTED_EDGE ( 'NONE', *, *, #6535, .F. ) ;
#2783 = LINE ( 'NONE', #5734, #754 ) ;
#2784 = CARTESIAN_POINT ( 'NONE',  ( -1.249357707624858100, -2.107554504209499400, 0.1250000000000000000 ) ) ;
#2785 = DIRECTION ( 'NONE',  ( 0.0000000000000000000, 0.0000000000000000000, -1.000000000000000000 ) ) ;
#2786 = CARTESIAN_POINT ( 'NONE',  ( -7.000000000000006200, 3.974999999999986300, 5.875000000000000000 ) ) ;
#2787 = EDGE_CURVE ( 'NONE', #4789, #372, #5626, .T. ) ;
#2788 = DIRECTION ( 'NONE',  ( -1.000000000000000000, -2.556604186739367600E-028, 0.0000000000000000000 ) ) ;
#2789 = EDGE_LOOP ( 'NONE', ( #8769, #5147, #7294, #7626 ) ) ;
#2790 = FACE_OUTER_BOUND ( 'NONE', #5659, .T. ) ;
#2791 = FACE_BOUND ( 'NONE', #3990, .T. ) ;
#2792 = ORIENTED_EDGE ( 'NONE', *, *, #6681, .F. ) ;
#2793 = DIRECTION ( 'NONE',  ( 0.0000000000000000000, 0.0000000000000000000, -1.000000000000000000 ) ) ;
#2794 = CARTESIAN_POINT ( 'NONE',  ( 2.375000000000000000, 3.469839113182271500, 0.1250000000000000000 ) ) ;
#2795 = PLANE ( 'NONE',  #7676 ) ;
#2796 = ADVANCED_FACE ( 'NONE', ( #9293 ), #3955, .T. ) ;
#2797 = ORIENTED_EDGE ( 'NONE', *, *, #4788, .T. ) ;
#2798 = CARTESIAN_POINT ( 'NONE',  ( 6.625000000000001800, 1.049999999999998900, 8.040000000000000900 ) ) ;
#2799 = ORIENTED_EDGE ( 'NONE', *, *, #9278, .F. ) ;
#2800 = EDGE_CURVE ( 'NONE', #4613, #3727, #9205, .T. ) ;
#2801 = VECTOR ( 'NONE', #1278, 1000.000000000000000 ) ;
#2802 = FACE_OUTER_BOUND ( 'NONE', #5362, .T. ) ;
#2803 = ORIENTED_EDGE ( 'NONE', *, *, #8724, .T. ) ;
#2804 = FACE_OUTER_BOUND ( 'NONE', #1207, .T. ) ;
#2805 = DIRECTION ( 'NONE',  ( -1.000000000000000000, 0.0000000000000000000, 0.0000000000000000000 ) ) ;
#2806 = CARTESIAN_POINT ( 'NONE',  ( 6.387810486188191000, 3.949999999999986400, 6.527576843457304700 ) ) ;
#2807 = LINE ( 'NONE', #1708, #7892 ) ;
#2808 = DIRECTION ( 'NONE',  ( 0.0000000000000000000, -1.000000000000000000, 0.0000000000000000000 ) ) ;
#2809 = DIRECTION ( 'NONE',  ( -1.000000000000000000, -1.334402673828313600E-016, 0.0000000000000000000 ) ) ;
#2810 = FACE_OUTER_BOUND ( 'NONE', #1119, .T. ) ;
#2811 = CARTESIAN_POINT ( 'NONE',  ( 3.750000000000002200, -7.721577310586390300, 3.950000000000001100 ) ) ;
#2812 = EDGE_CURVE ( 'NONE', #4198, #3559, #3353, .T. ) ;
#2813 = ORIENTED_EDGE ( 'NONE', *, *, #1305, .F. ) ;
#2814 = EDGE_CURVE ( 'NONE', #8689, #1273, #7864, .T. ) ;
#2815 = ORIENTED_EDGE ( 'NONE', *, *, #8230, .F. ) ;
#2816 = CIRCLE ( 'NONE', #9691, 0.2500000000000002200 ) ;
#2817 = LINE ( 'NONE', #2695, #6365 ) ;
#2818 = CARTESIAN_POINT ( 'NONE',  ( 2.575000000000001500, 4.850000000000000500, -4.199999999999999300 ) ) ;
#2819 = MECHANICAL_DESIGN_GEOMETRIC_PRESENTATION_REPRESENTATION (  '', ( #14 ), #9270 ) ;
#2820 = LINE ( 'NONE', #4758, #791 ) ;
#2821 = EDGE_CURVE ( 'NONE', #8758, #7569, #3608, .T. ) ;
#2822 = ORIENTED_EDGE ( 'NONE', *, *, #3269, .T. ) ;
#2823 = DIRECTION ( 'NONE',  ( -0.0000000000000000000, -0.0000000000000000000, -1.000000000000000000 ) ) ;
#2824 = EDGE_CURVE ( 'NONE', #7297, #6958, #9193, .T. ) ;
#2825 = DIRECTION ( 'NONE',  ( 1.000000000000000000, 1.334402673828313600E-016, -0.0000000000000000000 ) ) ;
#2826 = CARTESIAN_POINT ( 'NONE',  ( -2.450000000000000200, 6.200000000000000200, -4.199999999999999300 ) ) ;
#2827 = CARTESIAN_POINT ( 'NONE',  ( 2.849999999999999600, 6.199999999999999300, -2.699999999999999300 ) ) ;
#2828 = CARTESIAN_POINT ( 'NONE',  ( -6.624999999999998200, 3.999999999999985300, 5.875000000000000000 ) ) ;
#2829 = CARTESIAN_POINT ( 'NONE',  ( -6.874999999999998200, -3.531176115479306900, 0.4673683828165242600 ) ) ;
#2830 = ORIENTED_EDGE ( 'NONE', *, *, #1167, .T. ) ;
#2831 = ORIENTED_EDGE ( 'NONE', *, *, #915, .F. ) ;
#2832 = VERTEX_POINT ( 'NONE', #7782 ) ;
#2833 = CARTESIAN_POINT ( 'NONE',  ( 1.022794046853241700, -3.480000000000000000, -2.499999999999999100 ) ) ;
#2834 = CARTESIAN_POINT ( 'NONE',  ( 3.750000000000000900, -3.279999999999996300, 6.150000000000000400 ) ) ;
#2835 = CARTESIAN_POINT ( 'NONE',  ( -1.075000000000000000, 0.2500000000000006100, -4.699999999999999300 ) ) ;
#2836 = ORIENTED_EDGE ( 'NONE', *, *, #5782, .T. ) ;
#2837 = CYLINDRICAL_SURFACE ( 'NONE', #2060, 0.07499999999999998300 ) ;
#2838 = EDGE_CURVE ( 'NONE', #6920, #9827, #3490, .T. ) ;
#2839 = EDGE_LOOP ( 'NONE', ( #4397, #8391, #2145, #2355 ) ) ;
#2840 = VERTEX_POINT ( 'NONE', #6355 ) ;
#2841 = ADVANCED_FACE ( 'NONE', ( #2201 ), #1137, .F. ) ;
#2843 = DIRECTION ( 'NONE',  ( -1.000000000000000000, 0.0000000000000000000, 0.0000000000000000000 ) ) ;
#2842 = CARTESIAN_POINT ( 'NONE',  ( 0.0000000000000000000, 6.500000000000000000, -4.199999999999999300 ) ) ;
#2844 = ORIENTED_EDGE ( 'NONE', *, *, #4086, .T. ) ;
#2845 = CARTESIAN_POINT ( 'NONE',  ( -6.624999999999998200, 2.280286487743898400, 8.016506350946142900 ) ) ;
#2846 = VECTOR ( 'NONE', #5742, 1000.000000000000000 ) ;
#2847 = CARTESIAN_POINT ( 'NONE',  ( 6.750000000000937900, 3.973047843898675200, 5.849999999999727900 ) ) ;
#2848 = VERTEX_POINT ( 'NONE', #256 ) ;
#2849 = EDGE_CURVE ( 'NONE', #1551, #4346, #1155, .T. ) ;
#2850 = CARTESIAN_POINT ( 'NONE',  ( 6.375000000000000000, 13.00000000000000000, -2.699999999999999300 ) ) ;
#2851 = DIRECTION ( 'NONE',  ( 1.000000000000000000, 0.0000000000000000000, 0.0000000000000000000 ) ) ;
#2852 = CIRCLE ( 'NONE', #6878, 0.3999999999999997400 ) ;
#2853 = CARTESIAN_POINT ( 'NONE',  ( 2.399999999999999900, 8.220000000000000600, -3.849999999999993900 ) ) ;
#2854 = CARTESIAN_POINT ( 'NONE',  ( -0.9499999999999986200, -3.279999999999996300, 6.150000000000000400 ) ) ;
#2855 = PRESENTATION_LAYER_ASSIGNMENT (  '', '', ( #1161 ) ) ;
#2856 = UNCERTAINTY_MEASURE_WITH_UNIT (LENGTH_MEASURE( 1.000000000000000100E-005 ), #8300, 'distance_accuracy_value', 'NONE');
#2857 = EDGE_LOOP ( 'NONE', ( #9759, #546, #8385, #9190 ) ) ;
#2858 = ORIENTED_EDGE ( 'NONE', *, *, #7047, .T. ) ;
#2859 = FACE_OUTER_BOUND ( 'NONE', #7662, .T. ) ;
#2860 = EDGE_CURVE ( 'NONE', #4434, #6808, #4211, .T. ) ;
#2861 = CARTESIAN_POINT ( 'NONE',  ( 1.577205953146759700, -3.480000000000000000, 3.722794046853242100 ) ) ;
#2862 = ADVANCED_FACE ( 'NONE', ( #7992 ), #4089, .T. ) ;
#2863 = EDGE_CURVE ( 'NONE', #2832, #8305, #7527, .T. ) ;
#2864 = FILL_AREA_STYLE_COLOUR ( '', #8450 ) ;
#2865 = CARTESIAN_POINT ( 'NONE',  ( -7.000000000000006200, 3.974999999999988100, 5.850000000000000500 ) ) ;
#2866 = DIRECTION ( 'NONE',  ( -0.0000000000000000000, -0.0000000000000000000, -1.000000000000000000 ) ) ;
#2867 = CARTESIAN_POINT ( 'NONE',  ( -3.749999999999998200, -3.279999999999996300, 6.450000000000000200 ) ) ;
#2868 = ORIENTED_EDGE ( 'NONE', *, *, #6407, .T. ) ;
#2869 = ORIENTED_EDGE ( 'NONE', *, *, #7359, .T. ) ;
#2870 = CARTESIAN_POINT ( 'NONE',  ( 7.000000000000006200, 3.999999999999987100, 6.700000000000000200 ) ) ;
#2871 = FACE_OUTER_BOUND ( 'NONE', #8865, .T. ) ;
#2872 = SURFACE_STYLE_USAGE ( .BOTH. , #3625 ) ;
#2873 = ORIENTED_EDGE ( 'NONE', *, *, #7374, .T. ) ;
#2874 = AXIS2_PLACEMENT_3D ( 'NONE', #246, #9321, #6380 ) ;
#2875 = VERTEX_POINT ( 'NONE', #2575 ) ;
#2876 = CARTESIAN_POINT ( 'NONE',  ( 6.750000610143271900, 3.971082434196157300, 5.850231802944007200 ) ) ;
#2877 = LINE ( 'NONE', #8994, #1111 ) ;
#2878 = EDGE_CURVE ( 'NONE', #357, #7775, #1728, .T. ) ;
#2879 = LINE ( 'NONE', #1452, #617 ) ;
#2880 = DIRECTION ( 'NONE',  ( 0.0000000000000000000, -1.000000000000000000, 0.0000000000000000000 ) ) ;
#2881 = VERTEX_POINT ( 'NONE', #5653 ) ;
#2882 = VERTEX_POINT ( 'NONE', #2606 ) ;
#2883 = ORIENTED_EDGE ( 'NONE', *, *, #3721, .F. ) ;
#2884 = AXIS2_PLACEMENT_3D ( 'NONE', #9658, #5105, #577 ) ;
#2885 = VECTOR ( 'NONE', #5173, 1000.000000000000000 ) ;
#2886 = ADVANCED_FACE ( 'NONE', ( #3126 ), #9464, .F. ) ;
#2887 = DIRECTION ( 'NONE',  ( 0.0000000000000000000, -0.9063077870366509400, 0.4226182617406975000 ) ) ;
#2888 = EDGE_CURVE ( 'NONE', #3528, #4430, #8964, .T. ) ;
#2889 = CARTESIAN_POINT ( 'NONE',  ( -0.4500000000000002900, 6.199999999999999300, -2.699999999999999300 ) ) ;
#2890 = ORIENTED_EDGE ( 'NONE', *, *, #6871, .T. ) ;
#2891 = VECTOR ( 'NONE', #8527, 1000.000000000000000 ) ;
#2892 = LINE ( 'NONE', #1468, #1372 ) ;
#2893 = DIRECTION ( 'NONE',  ( -1.000000000000000000, 0.0000000000000000000, 0.0000000000000000000 ) ) ;
#2894 = DIRECTION ( 'NONE',  ( 0.0000000000000000000, 1.000000000000000000, 0.0000000000000000000 ) ) ;
#2895 = LINE ( 'NONE', #5456, #8451 ) ;
#2896 = CARTESIAN_POINT ( 'NONE',  ( -6.951960676794287900, 3.949999999999988200, 6.033634734814048000 ) ) ;
#2897 = ORIENTED_EDGE ( 'NONE', *, *, #4230, .F. ) ;
#2898 = AXIS2_PLACEMENT_3D ( 'NONE', #5271, #1478, #3647 ) ;
#2899 = ORIENTED_EDGE ( 'NONE', *, *, #4032, .F. ) ;
#2900 = ORIENTED_EDGE ( 'NONE', *, *, #9471, .T. ) ;
#2901 = CYLINDRICAL_SURFACE ( 'NONE', #4853, 3.850000000000000100 ) ;
#2902 = DIRECTION ( 'NONE',  ( -1.000000000000000000, -2.556604186739367600E-028, 8.926335808808728500E-043 ) ) ;
#2903 = VECTOR ( 'NONE', #5406, 1000.000000000000000 ) ;
#2904 = FACE_OUTER_BOUND ( 'NONE', #1435, .T. ) ;
#2905 = DIRECTION ( 'NONE',  ( 0.0000000000000000000, 0.0000000000000000000, 1.000000000000000000 ) ) ;
#2906 = VECTOR ( 'NONE', #3944, 1000.000000000000000 ) ;
#2907 = CARTESIAN_POINT ( 'NONE',  ( -3.749999999999998200, -7.721577310586390300, 3.650000000000001200 ) ) ;
#2908 = EDGE_CURVE ( 'NONE', #8198, #6514, #660, .T. ) ;
#2909 = CARTESIAN_POINT ( 'NONE',  ( 6.749469572311368500, 3.953641272838058600, 5.861711278955981500 ) ) ;
#2910 = ORIENTED_EDGE ( 'NONE', *, *, #6143, .T. ) ;
#2911 = ADVANCED_FACE ( 'NONE', ( #893 ), #6909, .F. ) ;
#2912 = DIRECTION ( 'NONE',  ( -0.0000000000000000000, -3.542745126994888700E-015, -1.000000000000000000 ) ) ;
#2913 = VERTEX_POINT ( 'NONE', #3383 ) ;
#2914 = AXIS2_PLACEMENT_3D ( 'NONE', #914, #9328, #3238 ) ;
#2915 = LINE ( 'NONE', #4263, #6477 ) ;
#2916 = FACE_OUTER_BOUND ( 'NONE', #3917, .T. ) ;
#2917 = LINE ( 'NONE', #9250, #8725 ) ;
#2918 = VERTEX_POINT ( 'NONE', #8631 ) ;
#2919 = LINE ( 'NONE', #6119, #8727 ) ;
#2920 = EDGE_CURVE ( 'NONE', #357, #4478, #6715, .T. ) ;
#2921 = DIRECTION ( 'NONE',  ( -7.285838599102583500E-014, 3.469446951953611000E-015, 1.000000000000000000 ) ) ;
#2922 = EDGE_CURVE ( 'NONE', #7277, #8526, #9783, .T. ) ;
#2923 = ORIENTED_EDGE ( 'NONE', *, *, #5935, .F. ) ;
#2924 = VECTOR ( 'NONE', #7511, 999.9999999999998900 ) ;
#2925 = DIRECTION ( 'NONE',  ( 1.000000000000000000, 0.0000000000000000000, -0.0000000000000000000 ) ) ;
#2926 = DIRECTION ( 'NONE',  ( 0.0000000000000000000, -1.000000000000000000, 3.491481338843134100E-015 ) ) ;
#2927 = ORIENTED_EDGE ( 'NONE', *, *, #3751, .T. ) ;
#2928 = CARTESIAN_POINT ( 'NONE',  ( 6.625000000000002700, 2.899999999999986600, 5.875000000000000000 ) ) ;
#2929 = EDGE_CURVE ( 'NONE', #8803, #9530, #1973, .T. ) ;
#2930 = EDGE_CURVE ( 'NONE', #4972, #8076, #6955, .T. ) ;
#2931 = ADVANCED_FACE ( 'NONE', ( #6002 ), #6172, .F. ) ;
#2932 = VERTEX_POINT ( 'NONE', #904 ) ;
#2933 = CARTESIAN_POINT ( 'NONE',  ( -6.624999999999998200, 3.499999999999987100, 3.450000000000001500 ) ) ;
#2934 = CARTESIAN_POINT ( 'NONE',  ( 6.733986892264766800, 2.949999999999987700, 5.875000000000000000 ) ) ;
#2935 = CARTESIAN_POINT ( 'NONE',  ( -3.749999999999998200, -7.721577310586390300, 3.950000000000001100 ) ) ;
#2936 = ORIENTED_EDGE ( 'NONE', *, *, #4189, .F. ) ;
#2937 = AXIS2_PLACEMENT_3D ( 'NONE', #3805, #3020, #9125 ) ;
#2938 = SURFACE_STYLE_FILL_AREA ( #5510 ) ;
#2939 = EDGE_CURVE ( 'NONE', #6256, #8526, #8467, .T. ) ;
#2940 = DIRECTION ( 'NONE',  ( 0.0000000000000000000, -5.204170427930424200E-016, 1.000000000000000000 ) ) ;
#2941 = VERTEX_POINT ( 'NONE', #1342 ) ;
#2942 = PLANE ( 'NONE',  #7021 ) ;
#2943 = EDGE_CURVE ( 'NONE', #9611, #7868, #2917, .T. ) ;
#2944 = VERTEX_POINT ( 'NONE', #146 ) ;
#2945 = EDGE_LOOP ( 'NONE', ( #7378, #9208, #501, #3714 ) ) ;
#2946 = EDGE_LOOP ( 'NONE', ( #8987, #1587, #668, #6158 ) ) ;
#2947 = FACE_OUTER_BOUND ( 'NONE', #4494, .T. ) ;
#2948 = AXIS2_PLACEMENT_3D ( 'NONE', #7411, #5865, #5091 ) ;
#2949 = ORIENTED_EDGE ( 'NONE', *, *, #9518, .F. ) ;
#2950 = CARTESIAN_POINT ( 'NONE',  ( -0.6291033726784028800, -3.500000000000000000, 0.1250000000000000000 ) ) ;
#2951 = ADVANCED_FACE ( 'NONE', ( #5752 ), #6229, .F. ) ;
#2952 = ORIENTED_EDGE ( 'NONE', *, *, #3074, .T. ) ;
#2953 = CARTESIAN_POINT ( 'NONE',  ( -3.049999999999998000, -3.279999999999996300, 3.950000000000001100 ) ) ;
#2954 = CARTESIAN_POINT ( 'NONE',  ( 6.424999999999999800, 3.999999999999987100, 6.700000000000000200 ) ) ;
#2955 = ORIENTED_EDGE ( 'NONE', *, *, #1305, .T. ) ;
#2956 = DIRECTION ( 'NONE',  ( 0.0000000000000000000, 0.0000000000000000000, -1.000000000000000000 ) ) ;
#2957 = EDGE_CURVE ( 'NONE', #2941, #2941, #4450, .T. ) ;
#2958 = FACE_OUTER_BOUND ( 'NONE', #3574, .T. ) ;
#2959 = CARTESIAN_POINT ( 'NONE',  ( 6.374999999999999100, 2.726073974851863600E-014, 8.050000000000045100 ) ) ;
#2960 = VERTEX_POINT ( 'NONE', #173 ) ;
#2961 = DIRECTION ( 'NONE',  ( 0.0000000000000000000, -1.000000000000000000, -1.606225440719265900E-016 ) ) ;
#2962 = VERTEX_POINT ( 'NONE', #836 ) ;
#2963 = CARTESIAN_POINT ( 'NONE',  ( 6.999289074745241200, 3.949999999999878900, 5.873154074762950900 ) ) ;
#2964 = AXIS2_PLACEMENT_3D ( 'NONE', #6631, #8902, #5958 ) ;
#2965 = VERTEX_POINT ( 'NONE', #6145 ) ;
#2966 = VECTOR ( 'NONE', #5559, 1000.000000000000000 ) ;
#2967 = VECTOR ( 'NONE', #6746, 1000.000000000000000 ) ;
#2968 = CARTESIAN_POINT ( 'NONE',  ( 3.750000000000000900, -7.721577310586390300, 6.450000000000000200 ) ) ;
#2969 = EDGE_CURVE ( 'NONE', #6191, #9268, #3847, .T. ) ;
#2970 = EDGE_LOOP ( 'NONE', ( #9261, #9219, #5972, #2331, #6855, #1602, #1569, #1636, #642, #2799, #4471, #7863, #4874, #9740 ) ) ;
#2971 = DIRECTION ( 'NONE',  ( -8.075993836018656900E-017, 0.0000000000000000000, -1.000000000000000000 ) ) ;
#2972 = ORIENTED_EDGE ( 'NONE', *, *, #6423, .F. ) ;
#2973 = FACE_OUTER_BOUND ( 'NONE', #5101, .T. ) ;
#2974 = ADVANCED_FACE ( 'NONE', ( #2682 ), #1611, .F. ) ;
#2975 = DIRECTION ( 'NONE',  ( -0.0000000000000000000, -0.0000000000000000000, -1.000000000000000000 ) ) ;
#2976 = AXIS2_PLACEMENT_3D ( 'NONE', #7596, #5314, #2274 ) ;
#2977 = VERTEX_POINT ( 'NONE', #8426 ) ;
#2978 = ORIENTED_EDGE ( 'NONE', *, *, #132, .F. ) ;
#2979 = ORIENTED_EDGE ( 'NONE', *, *, #9650, .F. ) ;
#2980 = EDGE_CURVE ( 'NONE', #6982, #1969, #8962, .T. ) ;
#2981 = FACE_OUTER_BOUND ( 'NONE', #8949, .T. ) ;
#2982 = DIRECTION ( 'NONE',  ( 1.000000000000000000, 0.0000000000000000000, -0.0000000000000000000 ) ) ;
#2983 = EDGE_CURVE ( 'NONE', #7862, #2020, #7187, .T. ) ;
#2984 = VECTOR ( 'NONE', #68, 1000.000000000000000 ) ;
#2985 = CARTESIAN_POINT ( 'NONE',  ( 6.750000000000005300, 1.899999999999998100, 7.800000000000029100 ) ) ;
#2986 = DIRECTION ( 'NONE',  ( -0.0000000000000000000, -0.0000000000000000000, 1.000000000000000000 ) ) ;
#2987 = CARTESIAN_POINT ( 'NONE',  ( 0.0000000000000000000, -3.500000000000000000, 0.8161559028942522200 ) ) ;
#2988 = CARTESIAN_POINT ( 'NONE',  ( -3.049999999999998000, -3.279999999999996300, 6.150000000000000400 ) ) ;
#2989 = ADVANCED_FACE ( 'NONE', ( #2437 ), #3855, .F. ) ;
#2990 = ORIENTED_EDGE ( 'NONE', *, *, #6040, .T. ) ;
#2991 = CARTESIAN_POINT ( 'NONE',  ( 6.625000000000002700, -2.501847198195502400, -0.01261557407330343400 ) ) ;
#2992 = ORIENTED_EDGE ( 'NONE', *, *, #2325, .F. ) ;
#2993 = VECTOR ( 'NONE', #2062, 1000.000000000000000 ) ;
#2994 = AXIS2_PLACEMENT_3D ( 'NONE', #4143, #3338, #5540 ) ;
#2995 = FACE_OUTER_BOUND ( 'NONE', #678, .T. ) ;
#2996 = LINE ( 'NONE', #1887, #5356 ) ;
#2998 = CARTESIAN_POINT ( 'NONE',  ( 7.000000000000006200, 3.974999999999988100, 5.850000000000000500 ) ) ;
#2997 = PLANE ( 'NONE',  #8901 ) ;
#2999 = CARTESIAN_POINT ( 'NONE',  ( 1.249357707624858100, -2.107554504209499400, 0.1250000000000000000 ) ) ;
#3000 = CARTESIAN_POINT ( 'NONE',  ( 6.816984835575375700, 3.356995282347284600, 2.100000000000000500 ) ) ;
#3001 = DIRECTION ( 'NONE',  ( 0.0000000000000000000, 0.0000000000000000000, 1.000000000000000000 ) ) ;
#3002 = DIRECTION ( 'NONE',  ( -1.000000000000000000, 0.0000000000000000000, 0.0000000000000000000 ) ) ;
#3003 = EDGE_CURVE ( 'NONE', #8990, #6991, #6479, .T. ) ;
#3004 = ORIENTED_EDGE ( 'NONE', *, *, #5822, .T. ) ;
#3005 = ORIENTED_EDGE ( 'NONE', *, *, #2402, .F. ) ;
#3006 = ADVANCED_FACE ( 'NONE', ( #5393, #8232 ), #73, .F. ) ;
#3007 = VECTOR ( 'NONE', #485, 1000.000000000000000 ) ;
#3008 = ORIENTED_EDGE ( 'NONE', *, *, #5769, .T. ) ;
#3009 = DIRECTION ( 'NONE',  ( -0.3236155771181821700, -0.8891264907159901500, 0.3236155771181821700 ) ) ;
#3010 = LINE ( 'NONE', #2002, #7387 ) ;
#3011 = CARTESIAN_POINT ( 'NONE',  ( -6.374999999999999100, 12.49999999999999600, 8.040000000000000900 ) ) ;
#3012 = DIRECTION ( 'NONE',  ( 1.000000000000000000, 0.0000000000000000000, -0.0000000000000000000 ) ) ;
#3013 = DIRECTION ( 'NONE',  ( 0.9986295347545739400, -0.05233595624294395300, 0.0000000000000000000 ) ) ;
#3014 = EDGE_LOOP ( 'NONE', ( #921 ) ) ;
#3015 = CARTESIAN_POINT ( 'NONE',  ( 3.050000000000002000, -7.721577310586390300, 3.650000000000001200 ) ) ;
#3016 = LINE ( 'NONE', #4770, #3225 ) ;
#3017 = PRESENTATION_STYLE_ASSIGNMENT (( #2299 ) ) ;
#3018 = ORIENTED_EDGE ( 'NONE', *, *, #2158, .T. ) ;
#3019 = ORIENTED_EDGE ( 'NONE', *, *, #3148, .T. ) ;
#3020 = DIRECTION ( 'NONE',  ( 0.0000000000000000000, 0.3420201433256658300, -0.9396926207859095400 ) ) ;
#3021 = DIRECTION ( 'NONE',  ( -0.3236155771181821700, -0.8891264907159901500, 0.3236155771181821700 ) ) ;
#3022 = CARTESIAN_POINT ( 'NONE',  ( -6.374999999999999100, 12.75000000000000000, -2.699999999999999300 ) ) ;
#3023 = ORIENTED_EDGE ( 'NONE', *, *, #1985, .F. ) ;
#3024 = VECTOR ( 'NONE', #3499, 1000.000000000000000 ) ;
#3025 = VECTOR ( 'NONE', #6744, 1000.000000000000100 ) ;
#3026 = CARTESIAN_POINT ( 'NONE',  ( 3.750000000000000900, -7.721577310586390300, 6.450000000000000200 ) ) ;
#3027 = ORIENTED_EDGE ( 'NONE', *, *, #8263, .F. ) ;
#3028 = FACE_BOUND ( 'NONE', #2467, .T. ) ;
#3029 = ADVANCED_FACE ( 'NONE', ( #3028, #4087, #4566 ), #3057, .F. ) ;
#3030 = VECTOR ( 'NONE', #9576, 1000.000000000000000 ) ;
#3031 = DIRECTION ( 'NONE',  ( 0.0000000000000000000, 1.000000000000000000, 0.0000000000000000000 ) ) ;
#3032 = CARTESIAN_POINT ( 'NONE',  ( -6.874999999999998200, -3.799999999999999800, 0.7838440971057467600 ) ) ;
#3033 = EDGE_CURVE ( 'NONE', #7502, #8182, #91, .T. ) ;
#3034 = LINE ( 'NONE', #5930, #7638 ) ;
#3035 =( NAMED_UNIT ( * ) SI_UNIT ( $, .STERADIAN. ) SOLID_ANGLE_UNIT ( ) );
#3036 = ORIENTED_EDGE ( 'NONE', *, *, #2070, .T. ) ;
#3037 = CYLINDRICAL_SURFACE ( 'NONE', #4925, 0.2500000000000002200 ) ;
#3038 = VECTOR ( 'NONE', #3916, 1000.000000000000000 ) ;
#3039 = VECTOR ( 'NONE', #5055, 1000.000000000000000 ) ;
#3040 = EDGE_CURVE ( 'NONE', #1064, #2398, #7752, .T. ) ;
#3041 = CARTESIAN_POINT ( 'NONE',  ( 6.747474487139165000, 3.949999999999987300, 5.875000000000000000 ) ) ;
#3042 = EDGE_CURVE ( 'NONE', #3887, #1287, #8358, .T. ) ;
#3043 = EDGE_LOOP ( 'NONE', ( #5082, #5350, #9001, #9385 ) ) ;
#3044 = AXIS2_PLACEMENT_3D ( 'NONE', #6441, #8678, #6472 ) ;
#3045 = DIRECTION ( 'NONE',  ( -1.000000000000000000, 0.0000000000000000000, 0.0000000000000000000 ) ) ;
#3046 = PLANE ( 'NONE',  #697 ) ;
#3047 = VERTEX_POINT ( 'NONE', #102 ) ;
#3048 = EDGE_CURVE ( 'NONE', #7768, #4972, #8240, .T. ) ;
#3049 = EDGE_LOOP ( 'NONE', ( #3965, #3277, #7961, #6967 ) ) ;
#3050 = CARTESIAN_POINT ( 'NONE',  ( -6.624999999999998200, 1.049999999999993400, 8.040000000000000900 ) ) ;
#3051 = ORIENTED_EDGE ( 'NONE', *, *, #6360, .F. ) ;
#3052 = DIRECTION ( 'NONE',  ( -8.758115402030106700E-047, -1.000000000000000000, 6.982962677686266700E-015 ) ) ;
#3053 = ORIENTED_EDGE ( 'NONE', *, *, #6486, .T. ) ;
#3054 = VERTEX_POINT ( 'NONE', #4815 ) ;
#3055 = ORIENTED_EDGE ( 'NONE', *, *, #4830, .T. ) ;
#3056 = DIRECTION ( 'NONE',  ( -0.0000000000000000000, 1.000000000000000000, -3.491481338843134100E-015 ) ) ;
#3057 = PLANE ( 'NONE',  #1571 ) ;
#3058 = EDGE_CURVE ( 'NONE', #1969, #3603, #6595, .T. ) ;
#3059 = DIRECTION ( 'NONE',  ( 1.000000000000000000, 0.0000000000000000000, 0.0000000000000000000 ) ) ;
#3060 = ADVANCED_FACE ( 'NONE', ( #5509 ), #257, .F. ) ;
#3061 = VERTEX_POINT ( 'NONE', #2470 ) ;
#3062 = EDGE_LOOP ( 'NONE', ( #5562, #8166, #2458, #1632 ) ) ;
#3063 = ORIENTED_EDGE ( 'NONE', *, *, #7528, .T. ) ;
#3064 = LINE ( 'NONE', #4808, #8891 ) ;
#3065 = CARTESIAN_POINT ( 'NONE',  ( 3.050000000000000700, -7.721577310586390300, 6.450000000000000200 ) ) ;
#3066 = DIRECTION ( 'NONE',  ( 0.0000000000000000000, -3.469446951953611000E-015, -1.000000000000000000 ) ) ;
#3067 = DIRECTION ( 'NONE',  ( 0.0000000000000000000, 0.0000000000000000000, -1.000000000000000000 ) ) ;
#3068 = CARTESIAN_POINT ( 'NONE',  ( -3.049999999999998000, -7.721577310586390300, 6.150000000000000400 ) ) ;
#3069 = CARTESIAN_POINT ( 'NONE',  ( -0.9499999999999977400, -3.279999999999996300, 3.950000000000001100 ) ) ;
#3070 = VERTEX_POINT ( 'NONE', #5515 ) ;
#3071 = EDGE_LOOP ( 'NONE', ( #9175, #3823, #4387, #1469 ) ) ;
#3072 = DIRECTION ( 'NONE',  ( 0.0000000000000000000, 0.0000000000000000000, -1.000000000000000000 ) ) ;
#3073 = ORIENTED_EDGE ( 'NONE', *, *, #9394, .T. ) ;
#3074 = EDGE_CURVE ( 'NONE', #559, #4390, #437, .T. ) ;
#3075 = CIRCLE ( 'NONE', #3741, 0.4499999999999999000 ) ;
#3076 = CARTESIAN_POINT ( 'NONE',  ( -6.733986892264766800, 3.949999999999988200, 5.911211578271352400 ) ) ;
#3077 = CARTESIAN_POINT ( 'NONE',  ( -6.951960676794287900, 3.949999999999988200, 6.033634734814048000 ) ) ;
#3078 = AXIS2_PLACEMENT_3D ( 'NONE', #8969, #4418, #9724 ) ;
#3079 = ORIENTED_EDGE ( 'NONE', *, *, #2582, .F. ) ;
#3080 = ORIENTED_EDGE ( 'NONE', *, *, #3342, .T. ) ;
#3081 = CARTESIAN_POINT ( 'NONE',  ( -1.649999999999997900, -3.279999999999996300, 3.950000000000001100 ) ) ;
#3082 = EDGE_LOOP ( 'NONE', ( #3112, #8130, #6971, #8275, #5552, #1208, #6656, #3215 ) ) ;
#3083 = CYLINDRICAL_SURFACE ( 'NONE', #3414, 2.000000000000000000 ) ;
#3084 = DIRECTION ( 'NONE',  ( -1.000000000000000000, 0.0000000000000000000, 0.0000000000000000000 ) ) ;
#3085 = EDGE_CURVE ( 'NONE', #2965, #4271, #7298, .T. ) ;
#3086 = CARTESIAN_POINT ( 'NONE',  ( -3.676691070772524200, -3.481414627696880300, 3.876691070772527500 ) ) ;
#3087 = CARTESIAN_POINT ( 'NONE',  ( -1.000000000000000000, 4.174999999999999800, -2.699999999999999300 ) ) ;
#3088 = VERTEX_POINT ( 'NONE', #1030 ) ;
#3089 = ORIENTED_EDGE ( 'NONE', *, *, #946, .T. ) ;
#3090 = VECTOR ( 'NONE', #9571, 1000.000000000000000 ) ;
#3091 = LINE ( 'NONE', #9000, #9635 ) ;
#3092 = PLANE ( 'NONE',  #253 ) ;
#3093 = ORIENTED_EDGE ( 'NONE', *, *, #6983, .F. ) ;
#3094 = EDGE_CURVE ( 'NONE', #9732, #4236, #2439, .T. ) ;
#3095 = EDGE_LOOP ( 'NONE', ( #8944, #1283, #8996, #8397 ) ) ;
#3096 = FACE_OUTER_BOUND ( 'NONE', #5382, .T. ) ;
#3097 = VERTEX_POINT ( 'NONE', #3346 ) ;
#3098 = FACE_OUTER_BOUND ( 'NONE', #353, .T. ) ;
#3099 = DIRECTION ( 'NONE',  ( 0.0000000000000000000, 0.0000000000000000000, -1.000000000000000000 ) ) ;
#3100 = DIRECTION ( 'NONE',  ( 0.0000000000000000000, 0.0000000000000000000, -1.000000000000000000 ) ) ;
#3101 = LINE ( 'NONE', #4597, #7271 ) ;
#3102 = DIRECTION ( 'NONE',  ( -0.0000000000000000000, -0.0000000000000000000, -1.000000000000000000 ) ) ;
#3103 = AXIS2_PLACEMENT_3D ( 'NONE', #3686, #4386, #612 ) ;
#3104 = AXIS2_PLACEMENT_3D ( 'NONE', #1965, #6732, #3637 ) ;
#3105 = CARTESIAN_POINT ( 'NONE',  ( 6.375000000000000900, 13.00000000000000000, 8.049999999999997200 ) ) ;
#3106 = ADVANCED_FACE ( 'NONE', ( #9785 ), #191, .F. ) ;
#3107 = ORIENTED_EDGE ( 'NONE', *, *, #5275, .F. ) ;
#3108 = VECTOR ( 'NONE', #6761, 1000.000000000000000 ) ;
#3109 = LINE ( 'NONE', #345, #1003 ) ;
#3110 = EDGE_CURVE ( 'NONE', #4011, #7143, #6232, .T. ) ;
#3111 = DIRECTION ( 'NONE',  ( -0.0000000000000000000, 1.000000000000000000, -0.0000000000000000000 ) ) ;
#3112 = ORIENTED_EDGE ( 'NONE', *, *, #9027, .T. ) ;
#3113 = EDGE_CURVE ( 'NONE', #7512, #39, #1675, .T. ) ;
#3114 = SURFACE_STYLE_USAGE ( .BOTH. , #3205 ) ;
#3115 = EDGE_LOOP ( 'NONE', ( #8643, #1921, #699, #2549, #1063, #4944 ) ) ;
#3116 = ORIENTED_EDGE ( 'NONE', *, *, #4806, .F. ) ;
#3117 = LINE ( 'NONE', #2594, #881 ) ;
#3118 = DIRECTION ( 'NONE',  ( 0.0000000000000000000, -0.0000000000000000000, 1.000000000000000000 ) ) ;
#3119 = LINE ( 'NONE', #8335, #2421 ) ;
#3120 = FACE_OUTER_BOUND ( 'NONE', #5439, .T. ) ;
#3121 = ORIENTED_EDGE ( 'NONE', *, *, #3804, .F. ) ;
#3122 = CARTESIAN_POINT ( 'NONE',  ( 1.275528258147577300, -2.481329165221063600, -0.1250000000000000000 ) ) ;
#3123 = EDGE_LOOP ( 'NONE', ( #5199 ) ) ;
#3124 = VECTOR ( 'NONE', #4232, 1000.000000000000000 ) ;
#3125 = CIRCLE ( 'NONE', #8165, 0.3999999999999999700 ) ;
#3126 = FACE_OUTER_BOUND ( 'NONE', #7840, .T. ) ;
#3127 = ORIENTED_EDGE ( 'NONE', *, *, #5471, .T. ) ;
#3128 = ADVANCED_FACE ( 'NONE', ( #2203 ), #8053, .F. ) ;
#3129 = LINE ( 'NONE', #1054, #197 ) ;
#3130 = CARTESIAN_POINT ( 'NONE',  ( -6.749981638537121900, 3.964088100733693200, 5.852333840677904000 ) ) ;
#3131 = CARTESIAN_POINT ( 'NONE',  ( -2.575000000000001500, 4.849999999999998800, 0.1250000000000001100 ) ) ;
#3132 = CARTESIAN_POINT ( 'NONE',  ( 1.030211586339642600, -1.613083989060736000, 0.1250000000000000000 ) ) ;
#3133 = UNCERTAINTY_MEASURE_WITH_UNIT (LENGTH_MEASURE( 1.000000000000000100E-005 ), #4366, 'distance_accuracy_value', 'NONE');
#3134 = VERTEX_POINT ( 'NONE', #9259 ) ;
#3135 = VECTOR ( 'NONE', #4757, 1000.000000000000000 ) ;
#3136 = CARTESIAN_POINT ( 'NONE',  ( -3.122794046853238900, -3.480000000000000000, 3.722794046853242600 ) ) ;
#3137 = CARTESIAN_POINT ( 'NONE',  ( -1.649999999999997900, 0.0000000000000000000, 3.650000000000001200 ) ) ;
#3138 = DIRECTION ( 'NONE',  ( -1.000000000000000000, -0.0000000000000000000, 0.0000000000000000000 ) ) ;
#3139 = CARTESIAN_POINT ( 'NONE',  ( 1.250000000000001600, 0.0000000000000000000, 6.450000000000000200 ) ) ;
#3140 = EDGE_CURVE ( 'NONE', #6770, #3994, #2551, .T. ) ;
#3141 = EDGE_LOOP ( 'NONE', ( #1692 ) ) ;
#3142 = DIRECTION ( 'NONE',  ( -0.3236155771181821700, 0.8891264907159901500, 0.3236155771181821700 ) ) ;
#3143 = FACE_BOUND ( 'NONE', #9260, .T. ) ;
#3144 = ORIENTED_EDGE ( 'NONE', *, *, #8184, .F. ) ;
#3145 = CARTESIAN_POINT ( 'NONE',  ( -1.030211586339642600, -1.613083989060736000, -0.1250000000000000000 ) ) ;
#3146 = DIRECTION ( 'NONE',  ( 1.000000000000000000, 0.0000000000000000000, 0.0000000000000000000 ) ) ;
#3147 = ADVANCED_FACE ( 'NONE', ( #6482 ), #7918, .F. ) ;
#3148 = EDGE_CURVE ( 'NONE', #2281, #8463, #3241, .T. ) ;
#3149 = CARTESIAN_POINT ( 'NONE',  ( 6.625000000000000000, 13.00000000000000000, 3.300000000000000700 ) ) ;
#3150 = EDGE_CURVE ( 'NONE', #8983, #8990, #663, .T. ) ;
#3151 = ORIENTED_EDGE ( 'NONE', *, *, #6, .T. ) ;
#3152 = FACE_OUTER_BOUND ( 'NONE', #3312, .T. ) ;
#3153 = ORIENTED_EDGE ( 'NONE', *, *, #8394, .T. ) ;
#3154 = CARTESIAN_POINT ( 'NONE',  ( 6.875000000000000000, 13.00000000000000000, 2.100000000000001000 ) ) ;
#3155 =( GEOMETRIC_REPRESENTATION_CONTEXT ( 3 ) GLOBAL_UNCERTAINTY_ASSIGNED_CONTEXT ( ( #2247 ) ) GLOBAL_UNIT_ASSIGNED_CONTEXT ( ( #4947, #9625, #4218 ) ) REPRESENTATION_CONTEXT ( 'NONE', 'WORKASPACE' ) );
#3156 = DIRECTION ( 'NONE',  ( -1.296989514749014200E-016, -0.0000000000000000000, -1.000000000000000000 ) ) ;
#3157 = CARTESIAN_POINT ( 'NONE',  ( -3.049999999999998000, -3.279999999999996300, 6.450000000000000200 ) ) ;
#3158 = ORIENTED_EDGE ( 'NONE', *, *, #7927, .F. ) ;
#3159 = ORIENTED_EDGE ( 'NONE', *, *, #3620, .F. ) ;
#3160 = EDGE_CURVE ( 'NONE', #8989, #8989, #1730, .T. ) ;
#3161 = ORIENTED_EDGE ( 'NONE', *, *, #9582, .T. ) ;
#3162 = PLANE ( 'NONE',  #5108 ) ;
#3163 = DIRECTION ( 'NONE',  ( -1.000000000000000000, -1.334402673828313600E-016, 0.0000000000000000000 ) ) ;
#3164 = VERTEX_POINT ( 'NONE', #4253 ) ;
#3165 = ORIENTED_EDGE ( 'NONE', *, *, #906, .F. ) ;
#3166 = CARTESIAN_POINT ( 'NONE',  ( 6.999997352340026100, 3.966725179239890300, 5.851409168237275100 ) ) ;
#3167 = PLANE ( 'NONE',  #9374 ) ;
#3168 = ORIENTED_EDGE ( 'NONE', *, *, #8134, .F. ) ;
#3169 = CARTESIAN_POINT ( 'NONE',  ( 0.0000000000000000000, 6.500000000000000000, -0.1250000000000000000 ) ) ;
#3170 = VECTOR ( 'NONE', #7272, 1000.000000000000000 ) ;
#3171 = CONICAL_SURFACE ( 'NONE', #7006, 0.4000000000000001900, 0.7853981633974466100 ) ;
#3172 = ADVANCED_FACE ( 'NONE', ( #1024 ), #5714, .F. ) ;
#3173 = ORIENTED_EDGE ( 'NONE', *, *, #5145, .T. ) ;
#3174 = VERTEX_POINT ( 'NONE', #8738 ) ;
#3175 = VERTEX_POINT ( 'NONE', #3522 ) ;
#3176 = VECTOR ( 'NONE', #7702, 1000.000000000000000 ) ;
#3177 = LINE ( 'NONE', #9107, #7455 ) ;
#3178 = DIRECTION ( 'NONE',  ( -1.000000000000000000, 0.0000000000000000000, 0.0000000000000000000 ) ) ;
#3179 = ORIENTED_EDGE ( 'NONE', *, *, #9121, .T. ) ;
#3180 = ORIENTED_EDGE ( 'NONE', *, *, #8878, .T. ) ;
#3181 = VECTOR ( 'NONE', #3424, 1000.000000000000000 ) ;
#3182 =( GEOMETRIC_REPRESENTATION_CONTEXT ( 3 ) GLOBAL_UNCERTAINTY_ASSIGNED_CONTEXT ( ( #4305 ) ) GLOBAL_UNIT_ASSIGNED_CONTEXT ( ( #7776, #4654, #6251 ) ) REPRESENTATION_CONTEXT ( 'NONE', 'WORKASPACE' ) );
#3183 = VERTEX_POINT ( 'NONE', #1173 ) ;
#3184 = VECTOR ( 'NONE', #6776, 1000.000000000000000 ) ;
#3185 = DIRECTION ( 'NONE',  ( 1.000000000000000000, 0.0000000000000000000, 0.0000000000000000000 ) ) ;
#3186 = CARTESIAN_POINT ( 'NONE',  ( 6.605784270717713900, 2.949999999999986900, 6.650000000000000400 ) ) ;
#3187 = CARTESIAN_POINT ( 'NONE',  ( 1.000000000000000400, 9.500000000000000000, 4.485059523282288300 ) ) ;
#3188 = DIRECTION ( 'NONE',  ( -0.0000000000000000000, -0.0000000000000000000, -1.000000000000000000 ) ) ;
#3189 = DIRECTION ( 'NONE',  ( -0.0000000000000000000, 1.000000000000000000, -0.0000000000000000000 ) ) ;
#3190 = EDGE_CURVE ( 'NONE', #9784, #8829, #5755, .T. ) ;
#3191 = ORIENTED_EDGE ( 'NONE', *, *, #6101, .T. ) ;
#3192 = VERTEX_POINT ( 'NONE', #6493 ) ;
#3193 = ADVANCED_FACE ( 'NONE', ( #1500 ), #4119, .T. ) ;
#3194 = LINE ( 'NONE', #6210, #5002 ) ;
#3195 = CARTESIAN_POINT ( 'NONE',  ( -3.049999999999998000, 0.0000000000000000000, 3.950000000000001100 ) ) ;
#3196 = DIRECTION ( 'NONE',  ( -1.000000000000000000, -1.334402673828313600E-016, -2.736911063134408300E-048 ) ) ;
#3197 = CARTESIAN_POINT ( 'NONE',  ( 6.625000000000001800, -2.501847198195506800, 1.612615574073300600 ) ) ;
#3198 = AXIS2_PLACEMENT_3D ( 'NONE', #1745, #8552, #7046 ) ;
#3199 = CARTESIAN_POINT ( 'NONE',  ( 0.0000000000000000000, -3.799999999999999800, 0.8161559028942522200 ) ) ;
#3200 = VERTEX_POINT ( 'NONE', #9431 ) ;
#3201 = VERTEX_POINT ( 'NONE', #1953 ) ;
#3202 = VECTOR ( 'NONE', #5759, 1000.000000000000100 ) ;
#3203 = VECTOR ( 'NONE', #5619, 1000.000000000000000 ) ;
#3204 = ORIENTED_EDGE ( 'NONE', *, *, #2597, .T. ) ;
#3205 = SURFACE_SIDE_STYLE ('',( #2938 ) ) ;
#3206 = EDGE_CURVE ( 'NONE', #9181, #6991, #4791, .T. ) ;
#3207 = VECTOR ( 'NONE', #2475, 1000.000000000000000 ) ;
#3208 = EDGE_CURVE ( 'NONE', #7087, #5047, #3494, .T. ) ;
#3209 = DIRECTION ( 'NONE',  ( -1.000000000000000000, 0.0000000000000000000, 0.0000000000000000000 ) ) ;
#3210 = ADVANCED_FACE ( 'NONE', ( #9308 ), #7948, .F. ) ;
#3211 = LINE ( 'NONE', #2739, #1116 ) ;
#3212 = CARTESIAN_POINT ( 'NONE',  ( 6.951960676794288800, 2.949999999999987700, 6.033634734814048000 ) ) ;
#3213 = EDGE_LOOP ( 'NONE', ( #5469, #533, #7011, #693 ) ) ;
#3214 = ORIENTED_EDGE ( 'NONE', *, *, #9522, .F. ) ;
#3215 = ORIENTED_EDGE ( 'NONE', *, *, #4112, .T. ) ;
#3216 = DIRECTION ( 'NONE',  ( -0.0000000000000000000, -1.000000000000000000, -0.0000000000000000000 ) ) ;
#3217 = ORIENTED_EDGE ( 'NONE', *, *, #6030, .F. ) ;
#3218 = CYLINDRICAL_SURFACE ( 'NONE', #2348, 0.5000000000000004400 ) ;
#3219 = EDGE_CURVE ( 'NONE', #6883, #8912, #5278, .T. ) ;
#3220 = EDGE_CURVE ( 'NONE', #3387, #4789, #1274, .T. ) ;
#3221 = DIRECTION ( 'NONE',  ( -0.0000000000000000000, -0.0000000000000000000, -1.000000000000000000 ) ) ;
#3222 = DIRECTION ( 'NONE',  ( 0.0000000000000000000, 1.000000000000000000, 0.0000000000000000000 ) ) ;
#3223 = ORIENTED_EDGE ( 'NONE', *, *, #4526, .F. ) ;
#3224 = DIRECTION ( 'NONE',  ( 0.0000000000000000000, 1.000000000000000000, 0.0000000000000000000 ) ) ;
#3225 = VECTOR ( 'NONE', #4804, 1000.000000000000000 ) ;
#3226 = CIRCLE ( 'NONE', #6923, 0.1250000000000053300 ) ;
#3227 = EDGE_LOOP ( 'NONE', ( #3311, #6404, #7950, #2237 ) ) ;
#3228 = AXIS2_PLACEMENT_3D ( 'NONE', #796, #2296, #3066 ) ;
#3229 = DIRECTION ( 'NONE',  ( 0.0000000000000000000, -1.000000000000000000, 0.0000000000000000000 ) ) ;
#3230 = AXIS2_PLACEMENT_3D ( 'NONE', #9514, #1191, #5007 ) ;
#3231 = VECTOR ( 'NONE', #4409, 1000.000000000000000 ) ;
#3232 = EDGE_LOOP ( 'NONE', ( #8288, #6222, #8830, #6850 ) ) ;
#3233 = DIRECTION ( 'NONE',  ( -1.000000000000000000, -0.0000000000000000000, 8.075993836018656900E-017 ) ) ;
#3234 = CARTESIAN_POINT ( 'NONE',  ( 0.0000000000000000000, -3.799999999999999800, 0.5927230188634983200 ) ) ;
#3235 = VERTEX_POINT ( 'NONE', #2080 ) ;
#3236 = FACE_OUTER_BOUND ( 'NONE', #8534, .T. ) ;
#3237 = CARTESIAN_POINT ( 'NONE',  ( 0.0000000000000000000, 6.500000000000000000, 0.1250000000000000000 ) ) ;
#3238 = DIRECTION ( 'NONE',  ( 0.0000000000000000000, 0.0000000000000000000, 1.000000000000000000 ) ) ;
#3239 = EDGE_CURVE ( 'NONE', #2223, #2776, #7065, .T. ) ;
#3240 = ORIENTED_EDGE ( 'NONE', *, *, #8837, .F. ) ;
#3241 = LINE ( 'NONE', #7184, #3966 ) ;
#3242 = ORIENTED_EDGE ( 'NONE', *, *, #3607, .F. ) ;
#3243 = CARTESIAN_POINT ( 'NONE',  ( -7.000000000000006200, 2.927797983812640700, 5.850000000000000500 ) ) ;
#3244 = CIRCLE ( 'NONE', #2563, 0.07499999999999998300 ) ;
#3245 = AXIS2_PLACEMENT_3D ( 'NONE', #430, #6553, #8020 ) ;
#3246 = ADVANCED_FACE ( 'NONE', ( #2804 ), #2205, .F. ) ;
#3247 = CARTESIAN_POINT ( 'NONE',  ( 0.0000000000000000000, 6.500000000000000000, 0.1250000000000001100 ) ) ;
#3248 = ORIENTED_EDGE ( 'NONE', *, *, #8022, .F. ) ;
#3249 = FACE_OUTER_BOUND ( 'NONE', #7838, .T. ) ;
#3250 = UNCERTAINTY_MEASURE_WITH_UNIT (LENGTH_MEASURE( 1.000000000000000100E-005 ), #6543, 'distance_accuracy_value', 'NONE');
#3251 = ORIENTED_EDGE ( 'NONE', *, *, #8924, .F. ) ;
#3252 = LINE ( 'NONE', #702, #8488 ) ;
#3253 = EDGE_CURVE ( 'NONE', #4077, #8366, #775, .T. ) ;
#3254 = LINE ( 'NONE', #3187, #3135 ) ;
#3255 = DIRECTION ( 'NONE',  ( 1.000000000000000000, 0.0000000000000000000, 0.0000000000000000000 ) ) ;
#3256 = CARTESIAN_POINT ( 'NONE',  ( -6.374999999999999100, 12.75000000000000200, 8.300000000000000700 ) ) ;
#3257 = DIRECTION ( 'NONE',  ( -1.000000000000000000, -2.550970232922092500E-028, 1.590279180499191000E-016 ) ) ;
#3258 = LINE ( 'NONE', #1761, #3987 ) ;
#3259 =( NAMED_UNIT ( * ) SI_UNIT ( $, .STERADIAN. ) SOLID_ANGLE_UNIT ( ) );
#3260 = PLANE ( 'NONE',  #2543 ) ;
#3261 = ADVANCED_FACE ( 'NONE', ( #8114 ), #8838, .T. ) ;
#3262 = CARTESIAN_POINT ( 'NONE',  ( -1.022794046853239700, -3.480000000000000000, 0.0000000000000000000 ) ) ;
#3263 = AXIS2_PLACEMENT_3D ( 'NONE', #2440, #2404, #7716 ) ;
#3264 = ORIENTED_EDGE ( 'NONE', *, *, #3484, .T. ) ;
#3265 = DIRECTION ( 'NONE',  ( -0.0000000000000000000, 1.000000000000000000, -0.0000000000000000000 ) ) ;
#3266 = DIRECTION ( 'NONE',  ( 1.000000000000000000, 0.0000000000000000000, 0.0000000000000000000 ) ) ;
#3267 = DIRECTION ( 'NONE',  ( 1.000000000000000000, -0.0000000000000000000, -0.0000000000000000000 ) ) ;
#3268 = ORIENTED_EDGE ( 'NONE', *, *, #8864, .F. ) ;
#3269 = EDGE_CURVE ( 'NONE', #3521, #1577, #4328, .T. ) ;
#3270 = CARTESIAN_POINT ( 'NONE',  ( -6.874999999999998200, 12.75000000000000000, 8.040000000000000900 ) ) ;
#3271 = DIRECTION ( 'NONE',  ( -0.0000000000000000000, -0.0000000000000000000, -1.000000000000000000 ) ) ;
#3272 = ORIENTED_EDGE ( 'NONE', *, *, #2920, .F. ) ;
#3273 = DIRECTION ( 'NONE',  ( -0.0000000000000000000, -3.542745126994888700E-015, -1.000000000000000000 ) ) ;
#3274 = ORIENTED_EDGE ( 'NONE', *, *, #6178, .F. ) ;
#3275 = DIRECTION ( 'NONE',  ( 1.000000000000000000, 1.334402673828313600E-016, -0.0000000000000000000 ) ) ;
#3276 = CARTESIAN_POINT ( 'NONE',  ( 6.747859764812765200, 2.950000000000039300, 5.873112532580884200 ) ) ;
#3277 = ORIENTED_EDGE ( 'NONE', *, *, #8036, .T. ) ;
#3278 = CARTESIAN_POINT ( 'NONE',  ( 6.875000000000001800, 2.349999999999987200, 4.749999999999992900 ) ) ;
#3279 = EDGE_CURVE ( 'NONE', #1443, #9169, #2919, .T. ) ;
#3280 = ORIENTED_EDGE ( 'NONE', *, *, #3220, .F. ) ;
#3281 = EDGE_LOOP ( 'NONE', ( #7013, #3027, #7225, #6527 ) ) ;
#3282 = FACE_OUTER_BOUND ( 'NONE', #1980, .T. ) ;
#3283 = DIRECTION ( 'NONE',  ( 1.000000000000000000, -0.0000000000000000000, 0.0000000000000000000 ) ) ;
#3284 = CARTESIAN_POINT ( 'NONE',  ( -6.624999999999997300, 3.999999999999987100, 5.850000000000002300 ) ) ;
#3285 = AXIS2_PLACEMENT_3D ( 'NONE', #9135, #1520, #1615 ) ;
#3286 = CARTESIAN_POINT ( 'NONE',  ( -3.049999999999998000, 0.0000000000000000000, 6.150000000000000400 ) ) ;
#3287 = ORIENTED_EDGE ( 'NONE', *, *, #1932, .F. ) ;
#3288 = DIRECTION ( 'NONE',  ( -1.000000000000000000, -1.334402673828313600E-016, 0.0000000000000000000 ) ) ;
#3289 = CARTESIAN_POINT ( 'NONE',  ( -6.999999999999999100, 0.0000000000000000000, -4.699999999999999300 ) ) ;
#3290 = DIRECTION ( 'NONE',  ( -1.000000000000000000, 0.0000000000000000000, 0.0000000000000000000 ) ) ;
#3291 = VERTEX_POINT ( 'NONE', #5987 ) ;
#3292 = PLANE ( 'NONE',  #7715 ) ;
#3293 = EDGE_CURVE ( 'NONE', #8750, #8750, #6004, .T. ) ;
#3294 = EDGE_LOOP ( 'NONE', ( #1422 ) ) ;
#3295 =( GEOMETRIC_REPRESENTATION_CONTEXT ( 3 ) GLOBAL_UNCERTAINTY_ASSIGNED_CONTEXT ( ( #3250 ) ) GLOBAL_UNIT_ASSIGNED_CONTEXT ( ( #6543, #2772, #9586 ) ) REPRESENTATION_CONTEXT ( 'NONE', 'WORKASPACE' ) );
#3296 = CONICAL_SURFACE ( 'NONE', #8061, 0.3999999999999998600, 0.7853981633974475000 ) ;
#3297 = EDGE_CURVE ( 'NONE', #890, #3097, #547, .T. ) ;
#3298 = ADVANCED_FACE ( 'NONE', ( #897 ), #9755, .F. ) ;
#3299 = VECTOR ( 'NONE', #5279, 1000.000000000000000 ) ;
#3300 = CARTESIAN_POINT ( 'NONE',  ( -6.624999999999998200, 3.499999999999987100, 1.950000000000001700 ) ) ;
#3301 = DIRECTION ( 'NONE',  ( 1.000000000000000000, 0.0000000000000000000, -0.0000000000000000000 ) ) ;
#3302 = CARTESIAN_POINT ( 'NONE',  ( 0.0000000000000000000, -3.799999999999999800, 0.5927230188634983200 ) ) ;
#3303 = DIRECTION ( 'NONE',  ( -1.000000000000000000, 0.0000000000000000000, 0.0000000000000000000 ) ) ;
#3304 = ORIENTED_EDGE ( 'NONE', *, *, #4243, .F. ) ;
#3305 = ORIENTED_EDGE ( 'NONE', *, *, #7299, .F. ) ;
#3306 = AXIS2_PLACEMENT_3D ( 'NONE', #2584, #6601, #9507 ) ;
#3307 = CARTESIAN_POINT ( 'NONE',  ( -6.999744125865966300, 3.952328277151578200, 5.864100154783527900 ) ) ;
#3308 = ADVANCED_FACE ( 'NONE', ( #7405 ), #1848, .T. ) ;
#3309 = CARTESIAN_POINT ( 'NONE',  ( 3.122794046853241600, -3.480000000000000000, 0.0000000000000000000 ) ) ;
#3310 = VERTEX_POINT ( 'NONE', #2998 ) ;
#3311 = ORIENTED_EDGE ( 'NONE', *, *, #4942, .F. ) ;
#3312 = EDGE_LOOP ( 'NONE', ( #1862, #159, #6596, #4561 ) ) ;
#3313 = EDGE_CURVE ( 'NONE', #5249, #4298, #5877, .T. ) ;
#3314 = FACE_OUTER_BOUND ( 'NONE', #6276, .T. ) ;
#3315 = DIRECTION ( 'NONE',  ( -0.0000000000000000000, 1.000000000000000000, -0.0000000000000000000 ) ) ;
#3316 = AXIS2_PLACEMENT_3D ( 'NONE', #7894, #2615, #1146 ) ;
#3317 = ORIENTED_EDGE ( 'NONE', *, *, #7552, .T. ) ;
#3318 = ORIENTED_EDGE ( 'NONE', *, *, #4436, .T. ) ;
#3319 = LINE ( 'NONE', #3562, #8560 ) ;
#3320 = CARTESIAN_POINT ( 'NONE',  ( -2.100000000000000100, -3.480000000000000000, 3.722794046853242100 ) ) ;
#3321 = CARTESIAN_POINT ( 'NONE',  ( 6.875000000000000000, 13.00000000000000000, -2.699999999999999300 ) ) ;
#3322 = CIRCLE ( 'NONE', #6036, 0.4000000000000001900 ) ;
#3323 = DIRECTION ( 'NONE',  ( -0.0000000000000000000, -0.0000000000000000000, -1.000000000000000000 ) ) ;
#3324 = FACE_OUTER_BOUND ( 'NONE', #2661, .T. ) ;
#3325 = DIRECTION ( 'NONE',  ( -1.000000000000000000, 0.0000000000000000000, 0.0000000000000000000 ) ) ;
#3326 = EDGE_CURVE ( 'NONE', #8903, #6729, #5390, .T. ) ;
#3327 = ORIENTED_EDGE ( 'NONE', *, *, #2969, .F. ) ;
#3328 = CARTESIAN_POINT ( 'NONE',  ( 6.875000000000001800, -2.501847198195509900, 1.612615574073298800 ) ) ;
#3329 = ORIENTED_EDGE ( 'NONE', *, *, #5594, .F. ) ;
#3330 = ORIENTED_EDGE ( 'NONE', *, *, #1997, .F. ) ;
#3331 = CARTESIAN_POINT ( 'NONE',  ( 6.424999999999999800, 3.499999999999987100, 1.950000000000000800 ) ) ;
#3332 = VECTOR ( 'NONE', #7224, 1000.000000000000100 ) ;
#3333 = ORIENTED_EDGE ( 'NONE', *, *, #3776, .F. ) ;
#3334 = CARTESIAN_POINT ( 'NONE',  ( -2.575000000000001500, 4.849999999999998800, -4.199999999999999300 ) ) ;
#3335 = LINE ( 'NONE', #5357, #6197 ) ;
#3336 = MECHANICAL_DESIGN_GEOMETRIC_PRESENTATION_REPRESENTATION (  '', ( #1161 ), #3851 ) ;
#3337 = CARTESIAN_POINT ( 'NONE',  ( 6.999744125865966300, 2.947671722848397300, 5.864100154783527900 ) ) ;
#3338 = DIRECTION ( 'NONE',  ( -1.309225264888156900E-016, 0.0000000000000000000, -1.000000000000000000 ) ) ;
#3339 = EDGE_CURVE ( 'NONE', #2960, #7078, #9428, .T. ) ;
#3340 = ORIENTED_EDGE ( 'NONE', *, *, #9722, .T. ) ;
#3341 = LINE ( 'NONE', #2006, #1596 ) ;
#3342 = EDGE_CURVE ( 'NONE', #7720, #8113, #1610, .T. ) ;
#3343 = DIRECTION ( 'NONE',  ( -0.0000000000000000000, -0.0000000000000000000, 1.000000000000000000 ) ) ;
#3344 = LINE ( 'NONE', #5134, #8942 ) ;
#3345 = DIRECTION ( 'NONE',  ( 0.0000000000000000000, 0.0000000000000000000, 1.000000000000000000 ) ) ;
#3346 = CARTESIAN_POINT ( 'NONE',  ( -6.874999999999998200, -1.656610674714108100, -0.2000000000000005100 ) ) ;
#3347 = EDGE_LOOP ( 'NONE', ( #8799, #1312, #9063, #3456 ) ) ;
#3348 = ADVANCED_FACE ( 'NONE', ( #7079 ), #5168, .T. ) ;
#3349 = AXIS2_PLACEMENT_3D ( 'NONE', #8046, #1983, #6583 ) ;
#3350 = EDGE_LOOP ( 'NONE', ( #8191, #540, #5947, #4854 ) ) ;
#3351 = EDGE_LOOP ( 'NONE', ( #1847 ) ) ;
#3352 = ORIENTED_EDGE ( 'NONE', *, *, #187, .T. ) ;
#3353 = LINE ( 'NONE', #221, #1486 ) ;
#3354 = DIRECTION ( 'NONE',  ( -1.000000000000000000, 0.0000000000000000000, 0.0000000000000000000 ) ) ;
#3355 = CARTESIAN_POINT ( 'NONE',  ( -6.424999999999997200, 3.999999999999987100, 5.850000000000002300 ) ) ;
#3356 = LINE ( 'NONE', #1769, #172 ) ;
#3357 = DIRECTION ( 'NONE',  ( 0.3090169943749485600, 0.9510565162951532000, -0.0000000000000000000 ) ) ;
#3358 = EDGE_CURVE ( 'NONE', #3695, #9213, #9797, .T. ) ;
#3359 = VECTOR ( 'NONE', #4484, 1000.000000000000000 ) ;
#3360 = CARTESIAN_POINT ( 'NONE',  ( -6.874999999999998200, 0.0000000000000000000, 8.040000000000000900 ) ) ;
#3361 = PLANE ( 'NONE',  #4761 ) ;
#3362 = CARTESIAN_POINT ( 'NONE',  ( -6.874999999999998200, 12.75000000000000000, 8.040000000000000900 ) ) ;
#3363 = DIRECTION ( 'NONE',  ( -1.000000000000000000, 0.0000000000000000000, 0.0000000000000000000 ) ) ;
#3364 = ADVANCED_FACE ( 'NONE', ( #5057 ), #3162, .T. ) ;
#3365 = ORIENTED_EDGE ( 'NONE', *, *, #5803, .F. ) ;
#3366 = LINE ( 'NONE', #7099, #7185 ) ;
#3367 = VECTOR ( 'NONE', #9168, 1000.000000000000000 ) ;
#3368 = LINE ( 'NONE', #3793, #5395 ) ;
#3369 = CARTESIAN_POINT ( 'NONE',  ( 7.000000000000006200, 3.999999999999987100, 5.875000000000000000 ) ) ;
#3370 = EDGE_LOOP ( 'NONE', ( #4088, #8207, #4433, #7788 ) ) ;
#3371 = VECTOR ( 'NONE', #794, 1000.000000000000100 ) ;
#3372 = DIRECTION ( 'NONE',  ( 0.0000000000000000000, 0.3420201433256658300, -0.9396926207859095400 ) ) ;
#3373 = DIRECTION ( 'NONE',  ( -0.0000000000000000000, -0.0000000000000000000, 1.000000000000000000 ) ) ;
#3374 = DIRECTION ( 'NONE',  ( 0.0000000000000000000, -0.0000000000000000000, 1.000000000000000000 ) ) ;
#3375 = LINE ( 'NONE', #5828, #5283 ) ;
#3376 = DIRECTION ( 'NONE',  ( 0.0000000000000000000, 0.0000000000000000000, 1.000000000000000000 ) ) ;
#3377 = EDGE_CURVE ( 'NONE', #4380, #3553, #5521, .T. ) ;
#3378 = VECTOR ( 'NONE', #9311, 1000.000000000000100 ) ;
#3379 = VECTOR ( 'NONE', #6300, 1000.000000000000000 ) ;
#3380 = CARTESIAN_POINT ( 'NONE',  ( -6.500000000000005300, 1.899999999999998100, 7.800000000000029100 ) ) ;
#3381 = ORIENTED_EDGE ( 'NONE', *, *, #2211, .F. ) ;
#3382 = PLANE ( 'NONE',  #2455 ) ;
#3383 = CARTESIAN_POINT ( 'NONE',  ( -3.049999999999998000, 0.0000000000000000000, 6.150000000000000400 ) ) ;
#3384 = CARTESIAN_POINT ( 'NONE',  ( -6.999890330962818700, 2.944713958778966100, 5.859373740634694600 ) ) ;
#3385 =( BOUNDED_CURVE ( )  B_SPLINE_CURVE ( 3, ( #9695, #5214, #9667, #2845 ),
 .UNSPECIFIED., .F., .T. ) 
 B_SPLINE_CURVE_WITH_KNOTS ( ( 4, 4 ),
 ( 1.570796326794896600, 2.617993877991530800 ),
 .UNSPECIFIED. ) 
 CURVE ( )  GEOMETRIC_REPRESENTATION_ITEM ( )  RATIONAL_B_SPLINE_CURVE ( ( 1.000000000000000000, 0.9106836025229530000, 0.9106836025229530000, 1.000000000000000000 ) ) 
 REPRESENTATION_ITEM ( '' )  );
#3386 = CARTESIAN_POINT ( 'NONE',  ( 0.0000000000000000000, 12.75000000000000000, 8.050000000000000700 ) ) ;
#3387 = VERTEX_POINT ( 'NONE', #3136 ) ;
#3388 = LINE ( 'NONE', #6492, #4760 ) ;
#3389 = ORIENTED_EDGE ( 'NONE', *, *, #8068, .T. ) ;
#3390 = EDGE_CURVE ( 'NONE', #7358, #2337, #7192, .T. ) ;
#3391 = FILL_AREA_STYLE ('',( #2689 ) ) ;
#3392 = ORIENTED_EDGE ( 'NONE', *, *, #3750, .F. ) ;
#3393 = CARTESIAN_POINT ( 'NONE',  ( 6.951960676794287900, 3.949999999999988200, 5.875000000000000000 ) ) ;
#3394 = DIRECTION ( 'NONE',  ( -0.9510565162951533100, -0.3090169943749485600, 0.0000000000000000000 ) ) ;
#3395 = CARTESIAN_POINT ( 'NONE',  ( 6.625000000000000900, 3.949999999999987300, 5.850000000000001400 ) ) ;
#3396 = CARTESIAN_POINT ( 'NONE',  ( -1.249357707624858100, -2.107554504209499400, 0.1250000000000000000 ) ) ;
#3397 = CARTESIAN_POINT ( 'NONE',  ( -3.049999999999998000, 0.0000000000000000000, 6.450000000000000200 ) ) ;
#3398 = VECTOR ( 'NONE', #9792, 1000.000000000000000 ) ;
#3399 = DIRECTION ( 'NONE',  ( 9.599961581310927900E-016, 1.000000000000000000, 0.0000000000000000000 ) ) ;
#3400 = ORIENTED_EDGE ( 'NONE', *, *, #6985, .T. ) ;
#3401 = CARTESIAN_POINT ( 'NONE',  ( 7.000000000000006200, 2.924999999999986500, 5.875000000000000000 ) ) ;
#3402 = ADVANCED_FACE ( 'NONE', ( #6848, #9320 ), #2564, .F. ) ;
#3403 = VERTEX_POINT ( 'NONE', #939 ) ;
#3404 = EDGE_CURVE ( 'NONE', #2882, #8839, #2096, .T. ) ;
#3405 = DIRECTION ( 'NONE',  ( 1.000000000000000000, 1.334402673828313600E-016, 0.0000000000000000000 ) ) ;
#3406 = DIRECTION ( 'NONE',  ( 0.0000000000000000000, -1.000000000000000000, 0.0000000000000000000 ) ) ;
#3407 = ORIENTED_EDGE ( 'NONE', *, *, #3872, .T. ) ;
#3408 = EDGE_CURVE ( 'NONE', #8627, #2962, #4802, .T. ) ;
#3409 = DIRECTION ( 'NONE',  ( 0.0000000000000000000, 0.0000000000000000000, -1.000000000000000000 ) ) ;
#3410 = CLOSED_SHELL ( 'NONE', ( #8264, #5189, #5235, #6373, #3029, #1157, #8187, #5815, #8501, #2588, #8090, #3308, #5939, #1447, #6156, #2579, #3246, #8648, #3348, #7546, #8493, #1752, #557, #2886, #4169, #4347, #4801, #3957, #6622, #4492, #5112, #7634, #1386, #6425, #7493, #2485, #8530, #9494, #2630, #8991, #3642, #7264, #856, #3106, #3006, #9799, #6041, #1053, #3742, #6718, #7780, #6643, #5445, #2742, #4117, #8586, #6738, #6935, #3901, #3402, #9294, #5355, #3210, #2044, #2697, #6201, #4368, #3470, #5994, #2236, #3128, #5070, #9549, #6095, #3858, #4609, #7770, #5615, #7835, #2283, #9808, #8284 ) ) ;
#3411 = FACE_OUTER_BOUND ( 'NONE', #4617, .T. ) ;
#3412 = CARTESIAN_POINT ( 'NONE',  ( -3.749999999999998200, 0.0000000000000000000, 3.950000000000001100 ) ) ;
#3413 = EDGE_LOOP ( 'NONE', ( #3036, #2248, #1134, #5172 ) ) ;
#3414 = AXIS2_PLACEMENT_3D ( 'NONE', #4948, #7210, #3376 ) ;
#3415 = DIRECTION ( 'NONE',  ( 0.0000000000000000000, 0.0000000000000000000, 1.000000000000000000 ) ) ;
#3416 = ADVANCED_FACE ( 'NONE', ( #4341 ), #4642, .F. ) ;
#3417 = EDGE_LOOP ( 'NONE', ( #4131, #7230, #9033, #4709 ) ) ;
#3418 = VERTEX_POINT ( 'NONE', #6146 ) ;
#3420 = EDGE_CURVE ( 'NONE', #8107, #4198, #1622, .T. ) ;
#3419 = FACE_OUTER_BOUND ( 'NONE', #397, .T. ) ;
#3421 = DIRECTION ( 'NONE',  ( 0.0000000000000000000, -0.0000000000000000000, -1.000000000000000000 ) ) ;
#3422 = EDGE_CURVE ( 'NONE', #8297, #5399, #787, .T. ) ;
#3423 = ORIENTED_EDGE ( 'NONE', *, *, #9698, .T. ) ;
#3424 = DIRECTION ( 'NONE',  ( 1.000000000000000000, -0.0000000000000000000, -0.0000000000000000000 ) ) ;
#3425 = FACE_OUTER_BOUND ( 'NONE', #8620, .T. ) ;
#3426 = CARTESIAN_POINT ( 'NONE',  ( 0.0000000000000000000, -3.480000000000000000, 6.377205953146758900 ) ) ;
#3427 = DIRECTION ( 'NONE',  ( 0.3090169943749485100, -0.9510565162951532000, 0.0000000000000000000 ) ) ;
#3428 =( GEOMETRIC_REPRESENTATION_CONTEXT ( 3 ) GLOBAL_UNCERTAINTY_ASSIGNED_CONTEXT ( ( #3133 ) ) GLOBAL_UNIT_ASSIGNED_CONTEXT ( ( #4366, #9677, #6568 ) ) REPRESENTATION_CONTEXT ( 'NONE', 'WORKASPACE' ) );
#3429 = CARTESIAN_POINT ( 'NONE',  ( -3.049999999999998000, -3.279999999999996300, 3.650000000000001200 ) ) ;
#3430 = FACE_OUTER_BOUND ( 'NONE', #2409, .T. ) ;
#3431 = DIRECTION ( 'NONE',  ( 0.0000000000000000000, 0.0000000000000000000, -1.000000000000000000 ) ) ;
#3432 = DIRECTION ( 'NONE',  ( 0.0000000000000000000, 0.0000000000000000000, 1.000000000000000000 ) ) ;
#3433 = DIRECTION ( 'NONE',  ( 1.334402673828313600E-016, -1.000000000000000000, -2.551063935260010000E-016 ) ) ;
#3434 = CARTESIAN_POINT ( 'NONE',  ( 3.750000000000002200, 0.0000000000000000000, 3.650000000000001200 ) ) ;
#3435 = ORIENTED_EDGE ( 'NONE', *, *, #4062, .F. ) ;
#3436 = LINE ( 'NONE', #7158, #3181 ) ;
#3437 = EDGE_CURVE ( 'NONE', #1408, #8687, #9569, .T. ) ;
#3438 = VERTEX_POINT ( 'NONE', #4673 ) ;
#3439 = CARTESIAN_POINT ( 'NONE',  ( -6.749994570313623900, 2.933518516953396800, 5.851332395618870300 ) ) ;
#3440 = LINE ( 'NONE', #605, #9256 ) ;
#3441 = DIRECTION ( 'NONE',  ( 1.000000000000000000, 0.0000000000000000000, 0.0000000000000000000 ) ) ;
#3442 = DIRECTION ( 'NONE',  ( 0.0000000000000000000, 1.000000000000000000, -0.0000000000000000000 ) ) ;
#3443 = CARTESIAN_POINT ( 'NONE',  ( -6.500000000000005300, 1.899999999999998100, 7.800000000000029100 ) ) ;
#3444 = DIRECTION ( 'NONE',  ( 1.334402673828313600E-016, -1.000000000000000000, 0.0000000000000000000 ) ) ;
#3445 = CARTESIAN_POINT ( 'NONE',  ( -1.649999999999997900, 0.0000000000000000000, 3.950000000000001100 ) ) ;
#3446 = ORIENTED_EDGE ( 'NONE', *, *, #9382, .T. ) ;
#3447 = VERTEX_POINT ( 'NONE', #245 ) ;
#3448 = VECTOR ( 'NONE', #6025, 1000.000000000000000 ) ;
#3449 = CARTESIAN_POINT ( 'NONE',  ( -6.424999999999997200, 3.999999999999987100, 6.700000000000002000 ) ) ;
#3450 = CYLINDRICAL_SURFACE ( 'NONE', #1463, 0.02499999999999984900 ) ;
#3451 = FACE_OUTER_BOUND ( 'NONE', #1419, .T. ) ;
#3452 = DIRECTION ( 'NONE',  ( 1.000000000000000000, 0.0000000000000000000, 0.0000000000000000000 ) ) ;
#3453 = ORIENTED_EDGE ( 'NONE', *, *, #3776, .T. ) ;
#3454 = EDGE_CURVE ( 'NONE', #8305, #877, #3129, .T. ) ;
#3455 = ORIENTED_EDGE ( 'NONE', *, *, #6629, .F. ) ;
#3456 = ORIENTED_EDGE ( 'NONE', *, *, #6997, .F. ) ;
#3457 = CARTESIAN_POINT ( 'NONE',  ( 6.375000000000000900, 4.999999999999998200, 8.040000000000000900 ) ) ;
#3458 = LINE ( 'NONE', #8717, #9751 ) ;
#3459 = VECTOR ( 'NONE', #3829, 1000.000000000000000 ) ;
#3460 = LINE ( 'NONE', #2134, #8805 ) ;
#3461 = STYLED_ITEM ( 'NONE', ( #823 ), #5043 ) ;
#3462 = CARTESIAN_POINT ( 'NONE',  ( 0.5500000000000014900, -3.279999999999996300, 6.450000000000000200 ) ) ;
#3463 = ORIENTED_EDGE ( 'NONE', *, *, #8864, .T. ) ;
#3464 = FILL_AREA_STYLE_COLOUR ( '', #5547 ) ;
#3465 = ORIENTED_EDGE ( 'NONE', *, *, #1970, .T. ) ;
#3466 = CARTESIAN_POINT ( 'NONE',  ( -5.800000000000000700, 0.2500000000000000000, 17.08448840921516900 ) ) ;
#3467 = DIRECTION ( 'NONE',  ( 1.000000000000000000, 0.0000000000000000000, -0.0000000000000000000 ) ) ;
#3468 = LINE ( 'NONE', #5103, #6695 ) ;
#3469 = ORIENTED_EDGE ( 'NONE', *, *, #7687, .T. ) ;
#3470 = ADVANCED_FACE ( 'NONE', ( #9091 ), #5569, .F. ) ;
#3471 = DIRECTION ( 'NONE',  ( 0.0000000000000000000, -0.0000000000000000000, 1.000000000000000000 ) ) ;
#3472 = EDGE_CURVE ( 'NONE', #5380, #6345, #556, .T. ) ;
#3473 = CARTESIAN_POINT ( 'NONE',  ( 0.6291033726784029900, -3.799999999999999800, 0.1250000000000000000 ) ) ;
#3474 = CARTESIAN_POINT ( 'NONE',  ( -6.374999999999998200, 0.0000000000000000000, 8.040000000000000900 ) ) ;
#3475 = ORIENTED_EDGE ( 'NONE', *, *, #3206, .T. ) ;
#3476 = CARTESIAN_POINT ( 'NONE',  ( -6.874999999999998200, 1.049999999999997800, 1.799999999999998700 ) ) ;
#3477 = CIRCLE ( 'NONE', #9161, 0.2500000000000000000 ) ;
#3478 = DIRECTION ( 'NONE',  ( 0.0000000000000000000, 0.3420201433256658300, 0.9396926207859095400 ) ) ;
#3479 = LINE ( 'NONE', #71, #5874 ) ;
#3480 = DIRECTION ( 'NONE',  ( -0.05233595624294395300, -0.9986295347545739400, 0.0000000000000000000 ) ) ;
#3481 = FACE_OUTER_BOUND ( 'NONE', #2635, .T. ) ;
#3482 = DIRECTION ( 'NONE',  ( -1.000000000000000000, 0.0000000000000000000, 0.0000000000000000000 ) ) ;
#3483 = PLANE ( 'NONE',  #2200 ) ;
#3484 = EDGE_CURVE ( 'NONE', #1425, #9150, #3623, .T. ) ;
#3485 = ORIENTED_EDGE ( 'NONE', *, *, #5533, .F. ) ;
#3486 = CARTESIAN_POINT ( 'NONE',  ( -6.999741798000006700, 2.947678223062842200, 5.864113942782132000 ) ) ;
#3487 = ORIENTED_EDGE ( 'NONE', *, *, #3982, .F. ) ;
#3488 = LINE ( 'NONE', #7288, #1153 ) ;
#3489 = LINE ( 'NONE', #6278, #9078 ) ;
#3490 = CIRCLE ( 'NONE', #8078, 0.5000000000000004400 ) ;
#3491 = DIRECTION ( 'NONE',  ( 0.0000000000000000000, -3.469446951953611000E-015, -1.000000000000000000 ) ) ;
#3492 = ORIENTED_EDGE ( 'NONE', *, *, #3003, .F. ) ;
#3493 = AXIS2_PLACEMENT_3D ( 'NONE', #2842, #7396, #3684 ) ;
#3494 = CIRCLE ( 'NONE', #2446, 0.2500000000000000000 ) ;
#3495 = ORIENTED_EDGE ( 'NONE', *, *, #4132, .T. ) ;
#3496 = CYLINDRICAL_SURFACE ( 'NONE', #5679, 0.3999999999999998600 ) ;
#3497 = FACE_OUTER_BOUND ( 'NONE', #8164, .T. ) ;
#3498 = AXIS2_PLACEMENT_3D ( 'NONE', #6644, #3478, #8118 ) ;
#3499 = DIRECTION ( 'NONE',  ( -1.000000000000000000, 0.0000000000000000000, 0.0000000000000000000 ) ) ;
#3500 = CARTESIAN_POINT ( 'NONE',  ( -6.874999999999998200, -3.500000000000000000, 0.8161559028942522200 ) ) ;
#3501 = EDGE_CURVE ( 'NONE', #1551, #2965, #9437, .T. ) ;
#3502 = CARTESIAN_POINT ( 'NONE',  ( 6.875000000000001800, 2.149999999999987000, 2.025000000000000800 ) ) ;
#3503 = SURFACE_SIDE_STYLE ('',( #5418 ) ) ;
#3504 = CARTESIAN_POINT ( 'NONE',  ( 3.050000000000000700, -3.279999999999996300, 6.450000000000000200 ) ) ;
#3505 = LINE ( 'NONE', #8897, #1465 ) ;
#3506 = DIRECTION ( 'NONE',  ( 0.0000000000000000000, -1.000000000000000000, 0.0000000000000000000 ) ) ;
#3507 = VECTOR ( 'NONE', #2130, 1000.000000000000000 ) ;
#3508 = DIRECTION ( 'NONE',  ( 0.0000000000000000000, 0.6427876096865348100, 0.7660444431189817900 ) ) ;
#3509 = AXIS2_PLACEMENT_3D ( 'NONE', #3740, #8248, #4577 ) ;
#3510 = CYLINDRICAL_SURFACE ( 'NONE', #2511, 0.2999999999999999900 ) ;
#3511 = DIRECTION ( 'NONE',  ( -0.0000000000000000000, 0.0000000000000000000, -1.000000000000000000 ) ) ;
#3512 = ORIENTED_EDGE ( 'NONE', *, *, #6285, .T. ) ;
#3513 = CARTESIAN_POINT ( 'NONE',  ( 6.424999999999999800, 2.149999999999987000, 3.450000000000000600 ) ) ;
#3514 = CARTESIAN_POINT ( 'NONE',  ( 3.478505426185216600, 4.849999999999998800, -15.58944443027283300 ) ) ;
#3515 = SURFACE_SIDE_STYLE ('',( #2493 ) ) ;
#3516 = DIRECTION ( 'NONE',  ( -0.0000000000000000000, 1.000000000000000000, -0.0000000000000000000 ) ) ;
#3517 = AXIS2_PLACEMENT_3D ( 'NONE', #4475, #1508, #2259 ) ;
#3518 = CARTESIAN_POINT ( 'NONE',  ( -6.874999999999998200, -3.500000000000000000, 0.7838440971057466500 ) ) ;
#3519 = VECTOR ( 'NONE', #3850, 1000.000000000000000 ) ;
#3520 = ADVANCED_FACE ( 'NONE', ( #1861 ), #6608, .T. ) ;
#3521 = VERTEX_POINT ( 'NONE', #9119 ) ;
#3522 = CARTESIAN_POINT ( 'NONE',  ( -0.9999999999999995600, 9.500000000000000000, 0.6250000000000001100 ) ) ;
#3523 = CARTESIAN_POINT ( 'NONE',  ( -1.000000000000000000, 4.174999999999999800, -4.199999999999999300 ) ) ;
#3524 = AXIS2_PLACEMENT_3D ( 'NONE', #5995, #9636, #5925 ) ;
#3525 = ORIENTED_EDGE ( 'NONE', *, *, #7432, .F. ) ;
#3526 = CARTESIAN_POINT ( 'NONE',  ( -1.055190116215857900, -1.709633081912044700, -0.1250000000000000000 ) ) ;
#3527 = ORIENTED_EDGE ( 'NONE', *, *, #1351, .F. ) ;
#3528 = VERTEX_POINT ( 'NONE', #763 ) ;
#3529 = EDGE_CURVE ( 'NONE', #134, #9687, #5642, .T. ) ;
#3530 = DIRECTION ( 'NONE',  ( -0.0000000000000000000, -0.0000000000000000000, -1.000000000000000000 ) ) ;
#3531 = CARTESIAN_POINT ( 'NONE',  ( -6.624999999999997300, 2.899999999999986600, 6.700000000000002000 ) ) ;
#3532 = DIRECTION ( 'NONE',  ( 0.0000000000000000000, 0.0000000000000000000, 1.000000000000000000 ) ) ;
#3533 = ORIENTED_EDGE ( 'NONE', *, *, #8957, .F. ) ;
#3534 = DIRECTION ( 'NONE',  ( 1.239088197126290800E-016, -0.0000000000000000000, 1.000000000000000000 ) ) ;
#3535 = DIRECTION ( 'NONE',  ( 0.0000000000000000000, 0.0000000000000000000, 1.000000000000000000 ) ) ;
#3536 = ORIENTED_EDGE ( 'NONE', *, *, #1716, .F. ) ;
#3537 = DIRECTION ( 'NONE',  ( 0.9396926207859095400, 0.3420201433256658300, -0.0000000000000000000 ) ) ;
#3538 = AXIS2_PLACEMENT_3D ( 'NONE', #4548, #21, #3870 ) ;
#3539 = VERTEX_POINT ( 'NONE', #6071 ) ;
#3540 = VECTOR ( 'NONE', #2007, 1000.000000000000100 ) ;
#3541 = EDGE_CURVE ( 'NONE', #3438, #7333, #5888, .T. ) ;
#3542 = PLANE ( 'NONE',  #6753 ) ;
#3543 = EDGE_CURVE ( 'NONE', #5249, #357, #9680, .T. ) ;
#3544 = ORIENTED_EDGE ( 'NONE', *, *, #3472, .F. ) ;
#3545 = ORIENTED_EDGE ( 'NONE', *, *, #4753, .F. ) ;
#3546 = CARTESIAN_POINT ( 'NONE',  ( 6.625000000000000000, 12.49999999999999800, 7.789999999999998300 ) ) ;
#3547 = CARTESIAN_POINT ( 'NONE',  ( 1.022794046853241700, -3.480000000000000000, 3.722794046853242100 ) ) ;
#3548 = FACE_OUTER_BOUND ( 'NONE', #5006, .T. ) ;
#3549 = CARTESIAN_POINT ( 'NONE',  ( 1.000000000000000400, 12.11159513863927900, 4.485059523282288300 ) ) ;
#3550 = FACE_OUTER_BOUND ( 'NONE', #8545, .T. ) ;
#3551 = DIRECTION ( 'NONE',  ( -1.000000000000000000, -1.334402673828313600E-016, 0.0000000000000000000 ) ) ;
#3552 = LINE ( 'NONE', #5215, #8054 ) ;
#3553 = VERTEX_POINT ( 'NONE', #268 ) ;
#3554 = VERTEX_POINT ( 'NONE', #5326 ) ;
#3555 = ORIENTED_EDGE ( 'NONE', *, *, #278, .F. ) ;
#3556 = LINE ( 'NONE', #828, #1211 ) ;
#3557 = EDGE_CURVE ( 'NONE', #3235, #3387, #6013, .T. ) ;
#3558 = EDGE_LOOP ( 'NONE', ( #8782, #2041, #4222, #8404 ) ) ;
#3559 = VERTEX_POINT ( 'NONE', #7092 ) ;
#3560 = CARTESIAN_POINT ( 'NONE',  ( 1.275528258147577300, -2.481329165221063600, 0.1250000000000000000 ) ) ;
#3561 = ORIENTED_EDGE ( 'NONE', *, *, #1416, .T. ) ;
#3562 = CARTESIAN_POINT ( 'NONE',  ( 6.733986892264766800, 3.949999999999988200, 5.911211578271352400 ) ) ;
#3563 = DIRECTION ( 'NONE',  ( 0.0000000000000000000, -0.6427876096865348100, -0.7660444431189817900 ) ) ;
#3564 = DIRECTION ( 'NONE',  ( 1.000000000000000000, 0.0000000000000000000, -0.0000000000000000000 ) ) ;
#3565 = VECTOR ( 'NONE', #3878, 1000.000000000000000 ) ;
#3566 = AXIS2_PLACEMENT_3D ( 'NONE', #8415, #4643, #6204 ) ;
#3567 = ADVANCED_FACE ( 'NONE', ( #82 ), #7828, .T. ) ;
#3568 = DIRECTION ( 'NONE',  ( -1.334402673828313600E-016, 1.000000000000000000, 0.0000000000000000000 ) ) ;
#3569 = UNCERTAINTY_MEASURE_WITH_UNIT (LENGTH_MEASURE( 1.000000000000000100E-005 ), #7707, 'distance_accuracy_value', 'NONE');
#3570 = EDGE_CURVE ( 'NONE', #5551, #6883, #3979, .T. ) ;
#3571 = VERTEX_POINT ( 'NONE', #3284 ) ;
#3572 = ORIENTED_EDGE ( 'NONE', *, *, #4049, .T. ) ;
#3573 = VECTOR ( 'NONE', #2825, 1000.000000000000000 ) ;
#3574 = EDGE_LOOP ( 'NONE', ( #2952, #938, #2688, #7579 ) ) ;
#3575 = PLANE ( 'NONE',  #9469 ) ;
#3576 = LINE ( 'NONE', #6325, #7369 ) ;
#3577 = PRODUCT_DEFINITION_SHAPE ( 'NONE', 'NONE',  #6690 ) ;
#3578 = LINE ( 'NONE', #4462, #7372 ) ;
#3579 = DIRECTION ( 'NONE',  ( -1.000000000000000000, 0.0000000000000000000, 0.0000000000000000000 ) ) ;
#3580 = CARTESIAN_POINT ( 'NONE',  ( 1.650000000000000800, -7.721577310586390300, 3.950000000000000200 ) ) ;
#3581 = EDGE_LOOP ( 'NONE', ( #4370, #2858, #6832, #3669 ) ) ;
#3582 = AXIS2_PLACEMENT_3D ( 'NONE', #5308, #9816, #776 ) ;
#3583 = ORIENTED_EDGE ( 'NONE', *, *, #7261, .T. ) ;
#3584 = ORIENTED_EDGE ( 'NONE', *, *, #9339, .T. ) ;
#3585 = FACE_OUTER_BOUND ( 'NONE', #5431, .T. ) ;
#3586 = VERTEX_POINT ( 'NONE', #1758 ) ;
#3587 = FACE_OUTER_BOUND ( 'NONE', #9350, .T. ) ;
#3588 = CARTESIAN_POINT ( 'NONE',  ( 3.750000000000002200, -3.279999999999996300, 3.950000000000001100 ) ) ;
#3589 = CARTESIAN_POINT ( 'NONE',  ( 6.999741798000006700, 3.952321776937134600, 5.864113942782132000 ) ) ;
#3590 = EDGE_CURVE ( 'NONE', #6054, #2281, #3743, .T. ) ;
#3591 = DIRECTION ( 'NONE',  ( 0.0000000000000000000, -1.000000000000000000, 3.491481338843134100E-015 ) ) ;
#3592 = EDGE_LOOP ( 'NONE', ( #7476, #8606, #2124, #7786 ) ) ;
#3593 = ADVANCED_FACE ( 'NONE', ( #3249 ), #9184, .T. ) ;
#3594 = CIRCLE ( 'NONE', #1118, 0.07499999999999998300 ) ;
#3595 = VECTOR ( 'NONE', #3189, 1000.000000000000000 ) ;
#3596 = PRESENTATION_LAYER_ASSIGNMENT (  '', '', ( #6857 ) ) ;
#3597 = ORIENTED_EDGE ( 'NONE', *, *, #2083, .F. ) ;
#3598 = DIRECTION ( 'NONE',  ( 1.000000000000000000, 0.0000000000000000000, 0.0000000000000000000 ) ) ;
#3599 = DIRECTION ( 'NONE',  ( 0.0000000000000000000, 1.000000000000000000, 0.0000000000000000000 ) ) ;
#3600 = CARTESIAN_POINT ( 'NONE',  ( -6.874999999999998200, 2.149999999999985300, 2.100000000000000500 ) ) ;
#3601 = SURFACE_SIDE_STYLE ('',( #4135 ) ) ;
#3602 = CARTESIAN_POINT ( 'NONE',  ( 6.424999999999999800, 3.499999999999987100, 1.950000000000000800 ) ) ;
#3603 = VERTEX_POINT ( 'NONE', #7063 ) ;
#3604 = ORIENTED_EDGE ( 'NONE', *, *, #2597, .F. ) ;
#3605 = DIRECTION ( 'NONE',  ( -0.0000000000000000000, -0.0000000000000000000, -1.000000000000000000 ) ) ;
#3606 = ORIENTED_EDGE ( 'NONE', *, *, #6153, .F. ) ;
#3607 = EDGE_CURVE ( 'NONE', #5538, #6920, #1159, .T. ) ;
#3608 = LINE ( 'NONE', #993, #1607 ) ;
#3609 = LINE ( 'NONE', #7238, #9425 ) ;
#3610 = VECTOR ( 'NONE', #3405, 1000.000000000000000 ) ;
#3611 = EDGE_LOOP ( 'NONE', ( #9221, #112, #1909, #6262 ) ) ;
#3612 = CARTESIAN_POINT ( 'NONE',  ( 1.055190116215857900, -1.709633081912044700, 0.1250000000000000000 ) ) ;
#3613 = AXIS2_PLACEMENT_3D ( 'NONE', #1176, #8023, #7952 ) ;
#3614 = CARTESIAN_POINT ( 'NONE',  ( 1.075000000000000000, 0.2500000000000006100, 17.08448840921516900 ) ) ;
#3615 = ORIENTED_EDGE ( 'NONE', *, *, #4239, .F. ) ;
#3616 = DIRECTION ( 'NONE',  ( -0.0000000000000000000, -0.0000000000000000000, -1.000000000000000000 ) ) ;
#3617 = CIRCLE ( 'NONE', #9172, 0.5000000000000004400 ) ;
#3618 = VECTOR ( 'NONE', #7140, 1000.000000000000000 ) ;
#3619 = DIRECTION ( 'NONE',  ( 0.0000000000000000000, 0.0000000000000000000, -1.000000000000000000 ) ) ;
#3620 = EDGE_CURVE ( 'NONE', #2616, #1956, #1507, .T. ) ;
#3621 = ORIENTED_EDGE ( 'NONE', *, *, #9722, .F. ) ;
#3622 = EDGE_CURVE ( 'NONE', #7775, #5487, #7179, .T. ) ;
#3623 = LINE ( 'NONE', #3331, #8128 ) ;
#3624 = ADVANCED_FACE ( 'NONE', ( #190 ), #2099, .T. ) ;
#3626 = CARTESIAN_POINT ( 'NONE',  ( 6.424999999999999800, 3.499999999999987100, 1.950000000000000800 ) ) ;
#3625 = SURFACE_SIDE_STYLE ('',( #6762 ) ) ;
#3627 = ORIENTED_EDGE ( 'NONE', *, *, #4258, .T. ) ;
#3628 = CARTESIAN_POINT ( 'NONE',  ( 6.375000000000000900, 12.75000000000000200, 8.300000000000000700 ) ) ;
#3629 = DIRECTION ( 'NONE',  ( 0.8718951381180898300, -8.577799438435748200E-018, 0.4896926261707817400 ) ) ;
#3630 = FACE_OUTER_BOUND ( 'NONE', #2351, .T. ) ;
#3631 = CARTESIAN_POINT ( 'NONE',  ( -6.874999999999998200, 1.049999999999993400, 8.040000000000000900 ) ) ;
#3632 =( GEOMETRIC_REPRESENTATION_CONTEXT ( 3 ) GLOBAL_UNCERTAINTY_ASSIGNED_CONTEXT ( ( #2679 ) ) GLOBAL_UNIT_ASSIGNED_CONTEXT ( ( #7670, #1760, #3259 ) ) REPRESENTATION_CONTEXT ( 'NONE', 'WORKASPACE' ) );
#3633 = CARTESIAN_POINT ( 'NONE',  ( -0.9499999999999977400, -3.279999999999996300, 3.650000000000001200 ) ) ;
#3634 = EDGE_LOOP ( 'NONE', ( #4423, #3778, #1916, #5106 ) ) ;
#3635 = CARTESIAN_POINT ( 'NONE',  ( -6.374999999999999100, 12.75000000000000000, -2.699999999999999300 ) ) ;
#3636 = EDGE_CURVE ( 'NONE', #8376, #8983, #665, .T. ) ;
#3637 = DIRECTION ( 'NONE',  ( 1.000000000000000000, 0.0000000000000000000, 0.0000000000000000000 ) ) ;
#3638 = FACE_OUTER_BOUND ( 'NONE', #9081, .T. ) ;
#3639 = DIRECTION ( 'NONE',  ( -0.0000000000000000000, 1.000000000000000000, -0.0000000000000000000 ) ) ;
#3640 = ORIENTED_EDGE ( 'NONE', *, *, #6737, .F. ) ;
#3641 = ORIENTED_EDGE ( 'NONE', *, *, #8707, .F. ) ;
#3642 = ADVANCED_FACE ( 'NONE', ( #8475, #1982 ), #1163, .F. ) ;
#3643 = FACE_OUTER_BOUND ( 'NONE', #2945, .T. ) ;
#3644 = DIRECTION ( 'NONE',  ( 0.0000000000000000000, 1.000000000000000000, 0.0000000000000000000 ) ) ;
#3645 = CARTESIAN_POINT ( 'NONE',  ( -6.500000000000024000, 4.999999999999999100, 8.050000000000018500 ) ) ;
#3646 = ORIENTED_EDGE ( 'NONE', *, *, #7700, .T. ) ;
#3647 = DIRECTION ( 'NONE',  ( 0.0000000000000000000, -0.0000000000000000000, 1.000000000000000000 ) ) ;
#3648 = EDGE_CURVE ( 'NONE', #877, #8839, #9562, .T. ) ;
#3649 = CARTESIAN_POINT ( 'NONE',  ( 0.9500000000000007300, -3.279999999999996300, 3.650000000000000800 ) ) ;
#3650 = ORIENTED_EDGE ( 'NONE', *, *, #7891, .F. ) ;
#3651 = DIRECTION ( 'NONE',  ( -0.0000000000000000000, 0.0000000000000000000, 1.000000000000000000 ) ) ;
#3652 = ORIENTED_EDGE ( 'NONE', *, *, #1370, .F. ) ;
#3653 = DIRECTION ( 'NONE',  ( -0.9986295347545739400, 0.05233595624294395300, 0.0000000000000000000 ) ) ;
#3654 = CARTESIAN_POINT ( 'NONE',  ( 6.999165738677400700, 3.949999999999987300, 5.875000000000000000 ) ) ;
#3655 = VECTOR ( 'NONE', #6332, 1000.000000000000000 ) ;
#3656 = CARTESIAN_POINT ( 'NONE',  ( 6.748503073220848400, 3.950462932538923800, 5.869467383939940500 ) ) ;
#3657 = ORIENTED_EDGE ( 'NONE', *, *, #2265, .F. ) ;
#3658 = CARTESIAN_POINT ( 'NONE',  ( -3.122794046853238900, -3.480000000000000000, 3.877205953146760200 ) ) ;
#3659 = ORIENTED_EDGE ( 'NONE', *, *, #1120, .T. ) ;
#3660 = VERTEX_POINT ( 'NONE', #4933 ) ;
#3661 = EDGE_CURVE ( 'NONE', #7684, #3447, #7194, .T. ) ;
#3662 = LINE ( 'NONE', #1366, #9014 ) ;
#3663 = LINE ( 'NONE', #4150, #8406 ) ;
#3664 = CARTESIAN_POINT ( 'NONE',  ( 6.875000000000000000, 2.149999999999987000, 2.025000000000000800 ) ) ;
#3665 = CIRCLE ( 'NONE', #8000, 3.850000000000000100 ) ;
#3666 = ADVANCED_FACE ( 'NONE', ( #2209 ), #6007, .T. ) ;
#3667 = SURFACE_STYLE_USAGE ( .BOTH. , #8205 ) ;
#3668 = VERTEX_POINT ( 'NONE', #7959 ) ;
#3669 = ORIENTED_EDGE ( 'NONE', *, *, #609, .T. ) ;
#3670 = EDGE_LOOP ( 'NONE', ( #9550, #6882, #5042, #7797 ) ) ;
#3671 = LINE ( 'NONE', #1008, #8413 ) ;
#3673 = EDGE_CURVE ( 'NONE', #8206, #1955, #8733, .T. ) ;
#3672 = VECTOR ( 'NONE', #5889, 1000.000000000000000 ) ;
#3674 = DIRECTION ( 'NONE',  ( -1.000000000000000000, 0.0000000000000000000, -0.0000000000000000000 ) ) ;
#3675 = CARTESIAN_POINT ( 'NONE',  ( -6.749890416458252500, 2.940815379110843800, 5.855441752909563000 ) ) ;
#3676 = EDGE_CURVE ( 'NONE', #185, #4130, #1504, .T. ) ;
#3677 = CARTESIAN_POINT ( 'NONE',  ( 3.750000000000002200, 0.0000000000000000000, 3.950000000000001100 ) ) ;
#3678 = DIRECTION ( 'NONE',  ( 1.000000000000000000, 0.0000000000000000000, 0.0000000000000000000 ) ) ;
#3679 = DIRECTION ( 'NONE',  ( 1.000000000000000000, -0.0000000000000000000, 0.0000000000000000000 ) ) ;
#3680 = DIRECTION ( 'NONE',  ( 0.0000000000000000000, -1.000000000000000000, 0.0000000000000000000 ) ) ;
#3681 = EDGE_LOOP ( 'NONE', ( #115, #6751, #3583, #7406 ) ) ;
#3682 = VERTEX_POINT ( 'NONE', #7223 ) ;
#3683 = LINE ( 'NONE', #8151, #1683 ) ;
#3685 = DIRECTION ( 'NONE',  ( 0.0000000000000000000, -1.000000000000000000, 0.0000000000000000000 ) ) ;
#3684 = DIRECTION ( 'NONE',  ( 1.000000000000000000, 0.0000000000000000000, 0.0000000000000000000 ) ) ;
#3686 = CARTESIAN_POINT ( 'NONE',  ( 1.250000000000001600, -3.279999999999996300, 6.150000000000000400 ) ) ;
#3687 = DIRECTION ( 'NONE',  ( 0.9396926207859095400, 0.3420201433256658300, -0.0000000000000000000 ) ) ;
#3688 = DIRECTION ( 'NONE',  ( 0.0000000000000000000, 0.0000000000000000000, -1.000000000000000000 ) ) ;
#3689 = ORIENTED_EDGE ( 'NONE', *, *, #459, .F. ) ;
#3690 = EDGE_CURVE ( 'NONE', #1565, #5080, #2443, .T. ) ;
#3691 = VECTOR ( 'NONE', #1712, 1000.000000000000000 ) ;
#3692 = ADVANCED_FACE ( 'NONE', ( #9683 ), #340, .T. ) ;
#3693 = CARTESIAN_POINT ( 'NONE',  ( -6.799999999999998900, -3.480000000000000000, 3.722794046853242600 ) ) ;
#3694 = VERTEX_POINT ( 'NONE', #1963 ) ;
#3695 = VERTEX_POINT ( 'NONE', #9543 ) ;
#3696 = AXIS2_PLACEMENT_3D ( 'NONE', #1627, #7694, #3146 ) ;
#3697 = LINE ( 'NONE', #7857, #3203 ) ;
#3698 = ORIENTED_EDGE ( 'NONE', *, *, #4946, .F. ) ;
#3699 = LINE ( 'NONE', #3149, #6329 ) ;
#3700 = DIRECTION ( 'NONE',  ( 1.334402673828313600E-016, 1.000000000000000000, 2.551063935260010000E-016 ) ) ;
#3701 = VECTOR ( 'NONE', #7429, 1000.000000000000000 ) ;
#3702 = EDGE_LOOP ( 'NONE', ( #2836 ) ) ;
#3703 = CARTESIAN_POINT ( 'NONE',  ( -0.9499999999999986200, -7.721577310586390300, 6.450000000000000200 ) ) ;
#3704 = ORIENTED_EDGE ( 'NONE', *, *, #2612, .T. ) ;
#3705 = PLANE ( 'NONE',  #6578 ) ;
#3706 = LINE ( 'NONE', #8880, #1704 ) ;
#3707 = ORIENTED_EDGE ( 'NONE', *, *, #3790, .F. ) ;
#3708 = DIRECTION ( 'NONE',  ( 0.0000000000000000000, 0.3420201433256658300, -0.9396926207859095400 ) ) ;
#3709 = DIRECTION ( 'NONE',  ( -0.05233595624294408400, 0.9986295347545739400, 0.0000000000000000000 ) ) ;
#3710 = FACE_OUTER_BOUND ( 'NONE', #5311, .T. ) ;
#3711 = DIRECTION ( 'NONE',  ( -1.334402673828313600E-016, -1.000000000000000000, -2.551063935260010000E-016 ) ) ;
#3712 = ORIENTED_EDGE ( 'NONE', *, *, #6639, .T. ) ;
#3713 = ADVANCED_FACE ( 'NONE', ( #4685 ), #309, .F. ) ;
#3714 = ORIENTED_EDGE ( 'NONE', *, *, #3622, .F. ) ;
#3715 = ORIENTED_EDGE ( 'NONE', *, *, #7869, .T. ) ;
#3716 = DIRECTION ( 'NONE',  ( 0.0000000000000000000, 0.0000000000000000000, -1.000000000000000000 ) ) ;
#3717 = VECTOR ( 'NONE', #1770, 1000.000000000000000 ) ;
#3718 = VECTOR ( 'NONE', #955, 1000.000000000000000 ) ;
#3719 = PLANE ( 'NONE',  #8484 ) ;
#3720 = PLANE ( 'NONE',  #7468 ) ;
#3721 = EDGE_CURVE ( 'NONE', #3164, #2875, #9085, .T. ) ;
#3722 = VECTOR ( 'NONE', #4038, 1000.000000000000000 ) ;
#3723 = CARTESIAN_POINT ( 'NONE',  ( 6.375000000000000000, 29.80608689002257700, 8.040000000000000900 ) ) ;
#3724 = ORIENTED_EDGE ( 'NONE', *, *, #6566, .T. ) ;
#3725 = ORIENTED_EDGE ( 'NONE', *, *, #1774, .T. ) ;
#3726 = AXIS2_PLACEMENT_3D ( 'NONE', #2215, #4429, #6312 ) ;
#3727 = VERTEX_POINT ( 'NONE', #6634 ) ;
#3728 = DIRECTION ( 'NONE',  ( -0.0000000000000000000, -0.0000000000000000000, 1.000000000000000000 ) ) ;
#3730 = ADVANCED_FACE ( 'NONE', ( #7072 ), #5065, .T. ) ;
#3729 = CIRCLE ( 'NONE', #3827, 5.399999999999995000 ) ;
#3731 = VECTOR ( 'NONE', #6056, 1000.000000000000000 ) ;
#3732 = DIRECTION ( 'NONE',  ( 1.000000000000000000, -8.673617379884027600E-015, 0.0000000000000000000 ) ) ;
#3733 = VECTOR ( 'NONE', #7677, 1000.000000000000000 ) ;
#3734 = VERTEX_POINT ( 'NONE', #6602 ) ;
#3735 = VECTOR ( 'NONE', #1068, 1000.000000000000000 ) ;
#3736 = CARTESIAN_POINT ( 'NONE',  ( 0.9144203275669488000, -3.592705098312484400, 0.1250000000000000000 ) ) ;
#3737 = EDGE_CURVE ( 'NONE', #7954, #2506, #4458, .T. ) ;
#3738 = ORIENTED_EDGE ( 'NONE', *, *, #2610, .F. ) ;
#3739 = CIRCLE ( 'NONE', #3230, 2.000000000000000000 ) ;
#3740 = CARTESIAN_POINT ( 'NONE',  ( 1.301042606982605300E-015, -3.480000000000000000, -2.499999999999998700 ) ) ;
#3741 = AXIS2_PLACEMENT_3D ( 'NONE', #861, #1603, #1539 ) ;
#3742 = ADVANCED_FACE ( 'NONE', ( #9791, #7755 ), #3496, .F. ) ;
#3743 = LINE ( 'NONE', #6842, #7309 ) ;
#3744 = DIRECTION ( 'NONE',  ( 0.0000000000000000000, 0.0000000000000000000, 1.000000000000000000 ) ) ;
#3745 = DIRECTION ( 'NONE',  ( -1.000000000000000000, 0.0000000000000000000, -0.0000000000000000000 ) ) ;
#3746 = CARTESIAN_POINT ( 'NONE',  ( -6.605784270717713900, 3.949999999999986400, 6.650000000000000400 ) ) ;
#3747 = CARTESIAN_POINT ( 'NONE',  ( 6.500000000000005300, 4.999999999999997300, 7.800000000000018500 ) ) ;
#3748 = ORIENTED_EDGE ( 'NONE', *, *, #2035, .T. ) ;
#3749 = LINE ( 'NONE', #8123, #5292 ) ;
#3750 = EDGE_CURVE ( 'NONE', #6093, #858, #5514, .T. ) ;
#3751 = EDGE_CURVE ( 'NONE', #7826, #7384, #5051, .T. ) ;
#3753 = DIRECTION ( 'NONE',  ( 1.334402673828313600E-016, -1.000000000000000000, 0.0000000000000000000 ) ) ;
#3752 = DIRECTION ( 'NONE',  ( 1.000000000000000000, 0.0000000000000000000, -0.0000000000000000000 ) ) ;
#3754 = PLANE ( 'NONE',  #8148 ) ;
#3755 = DIRECTION ( 'NONE',  ( -0.0000000000000000000, -0.0000000000000000000, -1.000000000000000000 ) ) ;
#3756 = CARTESIAN_POINT ( 'NONE',  ( -6.951960676794288800, 3.949999999999988200, 6.033634734814048000 ) ) ;
#3757 = CARTESIAN_POINT ( 'NONE',  ( 0.0000000000000000000, 0.0000000000000000000, 0.0000000000000000000 ) ) ;
#3758 = ORIENTED_EDGE ( 'NONE', *, *, #3501, .F. ) ;
#3759 = CARTESIAN_POINT ( 'NONE',  ( -0.5000000000000000000, 0.8219721733686430300, 0.1250000000000000000 ) ) ;
#3760 = LINE ( 'NONE', #6062, #5536 ) ;
#3761 = ORIENTED_EDGE ( 'NONE', *, *, #9503, .T. ) ;
#3762 = CARTESIAN_POINT ( 'NONE',  ( -7.000000000000005300, 1.049999999999999200, -2.699999999999999300 ) ) ;
#3763 = DIRECTION ( 'NONE',  ( -0.0000000000000000000, -0.0000000000000000000, -1.000000000000000000 ) ) ;
#3764 = ORIENTED_EDGE ( 'NONE', *, *, #8062, .F. ) ;
#3765 = ADVANCED_FACE ( 'NONE', ( #3971 ), #8066, .F. ) ;
#3766 = ORIENTED_EDGE ( 'NONE', *, *, #9394, .F. ) ;
#3767 = VERTEX_POINT ( 'NONE', #1996 ) ;
#3768 = AXIS2_PLACEMENT_3D ( 'NONE', #4517, #801, #2302 ) ;
#3769 = ORIENTED_EDGE ( 'NONE', *, *, #5331, .F. ) ;
#3770 = DIRECTION ( 'NONE',  ( 0.0000000000000000000, 0.0000000000000000000, 1.000000000000000000 ) ) ;
#3771 = ORIENTED_EDGE ( 'NONE', *, *, #4186, .F. ) ;
#3772 = CARTESIAN_POINT ( 'NONE',  ( -0.9999999999999995600, 10.21786228900426100, 0.1250000000000001100 ) ) ;
#3773 = ORIENTED_EDGE ( 'NONE', *, *, #1489, .T. ) ;
#3774 = CARTESIAN_POINT ( 'NONE',  ( 1.650000000000000800, -3.279999999999996300, 3.950000000000000200 ) ) ;
#3775 = ORIENTED_EDGE ( 'NONE', *, *, #8321, .T. ) ;
#3776 = EDGE_CURVE ( 'NONE', #2512, #6023, #3375, .T. ) ;
#3777 = VECTOR ( 'NONE', #8150, 1000.000000000000000 ) ;
#3778 = ORIENTED_EDGE ( 'NONE', *, *, #2646, .T. ) ;
#3779 = DIRECTION ( 'NONE',  ( 1.000000000000000000, -2.519609932081238100E-028, -7.216449660063441800E-014 ) ) ;
#3780 = DIRECTION ( 'NONE',  ( 1.000000000000000000, -0.0000000000000000000, -0.0000000000000000000 ) ) ;
#3781 = VERTEX_POINT ( 'NONE', #8103 ) ;
#3782 = PLANE ( 'NONE',  #564 ) ;
#3783 = STYLED_ITEM ( 'NONE', ( #4154 ), #5158 ) ;
#3784 = DIRECTION ( 'NONE',  ( -1.000000000000000000, 0.0000000000000000000, 0.0000000000000000000 ) ) ;
#3785 = ORIENTED_EDGE ( 'NONE', *, *, #9671, .F. ) ;
#3786 = LINE ( 'NONE', #3321, #6289 ) ;
#3787 = CARTESIAN_POINT ( 'NONE',  ( 0.5500000000000014900, 0.0000000000000000000, 6.450000000000000200 ) ) ;
#3788 = FACE_OUTER_BOUND ( 'NONE', #6933, .T. ) ;
#3789 = CARTESIAN_POINT ( 'NONE',  ( 1.250000000000001600, 0.0000000000000000000, 6.450000000000000200 ) ) ;
#3790 = EDGE_CURVE ( 'NONE', #5820, #6141, #7647, .T. ) ;
#3791 = ORIENTED_EDGE ( 'NONE', *, *, #2957, .T. ) ;
#3792 = ORIENTED_EDGE ( 'NONE', *, *, #396, .F. ) ;
#3793 = CARTESIAN_POINT ( 'NONE',  ( 0.8999999999999999100, 0.8715010882118843200, 0.1250000000000000000 ) ) ;
#3794 = VERTEX_POINT ( 'NONE', #4296 ) ;
#3795 = CARTESIAN_POINT ( 'NONE',  ( -6.605784270717713900, 3.949999999999986400, 6.650000000000000400 ) ) ;
#3796 = LINE ( 'NONE', #3289, #7696 ) ;
#3797 = AXIS2_PLACEMENT_3D ( 'NONE', #5955, #3591, #1420 ) ;
#3798 = ORIENTED_EDGE ( 'NONE', *, *, #4607, .F. ) ;
#3799 = ORIENTED_EDGE ( 'NONE', *, *, #6737, .T. ) ;
#3800 = EDGE_CURVE ( 'NONE', #820, #6445, #9439, .T. ) ;
#3801 = DIRECTION ( 'NONE',  ( 1.000000000000000000, 1.334402673828313600E-016, -0.0000000000000000000 ) ) ;
#3802 = VECTOR ( 'NONE', #843, 1000.000000000000000 ) ;
#3803 = DIRECTION ( 'NONE',  ( 0.0000000000000000000, -3.542745126994889100E-015, -1.000000000000000000 ) ) ;
#3804 = EDGE_CURVE ( 'NONE', #5080, #7112, #3854, .T. ) ;
#3805 = CARTESIAN_POINT ( 'NONE',  ( -0.9499999999999977400, -3.279999999999996300, 3.950000000000001100 ) ) ;
#3806 = CARTESIAN_POINT ( 'NONE',  ( 6.375000000000000900, 12.49999999999999800, -2.699999999999999300 ) ) ;
#3807 = DIRECTION ( 'NONE',  ( -0.0000000000000000000, 0.0000000000000000000, 1.000000000000000000 ) ) ;
#3808 = CARTESIAN_POINT ( 'NONE',  ( 6.816984835575375700, 3.356995282347284200, 8.040000000000000900 ) ) ;
#3809 = VERTEX_POINT ( 'NONE', #5762 ) ;
#3810 = EDGE_LOOP ( 'NONE', ( #4452 ) ) ;
#3811 = FACE_OUTER_BOUND ( 'NONE', #8984, .T. ) ;
#3812 = AXIS2_PLACEMENT_3D ( 'NONE', #4521, #5285, #840 ) ;
#3813 = B_SPLINE_CURVE_WITH_KNOTS ( 'NONE', 3,
 ( #1254, #6508, #8985, #7205, #1974, #7266, #4978, #6538, #3675, #9745, #2662, #3439, #8210, #8751, #7447, #8009 ),
 .UNSPECIFIED., .F., .F.,
 ( 4, 3, 3, 3, 3, 4 ),
 ( 0.0000000000000000000, 8.380944011638334400E-006, 1.676915993244453400E-005, 2.506776193837988100E-005, 3.340280905979897700E-005, 3.921670883901822900E-005 ),
 .UNSPECIFIED. ) ;
#3814 = VECTOR ( 'NONE', #8021, 1000.000000000000000 ) ;
#3815 = ADVANCED_FACE ( 'NONE', ( #779 ), #8808, .T. ) ;
#3816 = CIRCLE ( 'NONE', #6352, 5.700000000000000200 ) ;
#3817 = CARTESIAN_POINT ( 'NONE',  ( -6.624999999999998200, 2.924999999999986500, 5.850000000000000500 ) ) ;
#3818 = VECTOR ( 'NONE', #1400, 1000.000000000000000 ) ;
#3819 = PLANE ( 'NONE',  #4939 ) ;
#3820 = CARTESIAN_POINT ( 'NONE',  ( 6.750000000000005300, 1.899999999999999700, 8.299999999999993600 ) ) ;
#3821 = CARTESIAN_POINT ( 'NONE',  ( 6.750000000000006200, 2.924999999999987800, 5.850000000000001400 ) ) ;
#3822 = EDGE_CURVE ( 'NONE', #7784, #7524, #8597, .T. ) ;
#3823 = ORIENTED_EDGE ( 'NONE', *, *, #8837, .T. ) ;
#3824 = VERTEX_POINT ( 'NONE', #8028 ) ;
#3825 = LINE ( 'NONE', #1246, #3332 ) ;
#3826 = CARTESIAN_POINT ( 'NONE',  ( -2.375000000000000000, 4.649999999999996800, 0.1250000000000000000 ) ) ;
#3827 = AXIS2_PLACEMENT_3D ( 'NONE', #5630, #4823, #4162 ) ;
#3828 = ORIENTED_EDGE ( 'NONE', *, *, #7824, .F. ) ;
#3829 = DIRECTION ( 'NONE',  ( -1.598823480162956000E-016, -1.000000000000000000, 3.517411656358502700E-015 ) ) ;
#3830 = LINE ( 'NONE', #9560, #5744 ) ;
#3831 = VERTEX_POINT ( 'NONE', #4398 ) ;
#3832 = EDGE_CURVE ( 'NONE', #7462, #8635, #8361, .T. ) ;
#3833 = DIRECTION ( 'NONE',  ( 0.0000000000000000000, 0.0000000000000000000, 1.000000000000000000 ) ) ;
#3834 = ORIENTED_EDGE ( 'NONE', *, *, #9415, .F. ) ;
#3835 = ORIENTED_EDGE ( 'NONE', *, *, #620, .F. ) ;
#3836 = VECTOR ( 'NONE', #2405, 1000.000000000000000 ) ;
#3837 = LINE ( 'NONE', #179, #9194 ) ;
#3838 = CARTESIAN_POINT ( 'NONE',  ( 6.500000000000042600, 4.999999999999999100, 8.300000000000018500 ) ) ;
#3839 = AXIS2_PLACEMENT_3D ( 'NONE', #5579, #2574, #8662 ) ;
#3840 = ORIENTED_EDGE ( 'NONE', *, *, #9230, .F. ) ;
#3841 = VECTOR ( 'NONE', #8285, 1000.000000000000000 ) ;
#3842 = DIRECTION ( 'NONE',  ( 0.0000000000000000000, 0.3420201433256658300, -0.9396926207859095400 ) ) ;
#3843 = ORIENTED_EDGE ( 'NONE', *, *, #6190, .T. ) ;
#3844 = CARTESIAN_POINT ( 'NONE',  ( -2.375000000000000000, 3.469839113182271000, 0.1250000000000000000 ) ) ;
#3845 = DIRECTION ( 'NONE',  ( -1.000000000000000000, -1.334402673828313600E-016, 0.0000000000000000000 ) ) ;
#3846 = EDGE_CURVE ( 'NONE', #6138, #8627, #4572, .T. ) ;
#3847 = CIRCLE ( 'NONE', #9115, 0.1999999999999996500 ) ;
#3848 = CARTESIAN_POINT ( 'NONE',  ( -7.000000000000005300, 2.149999999999985300, 1.950000000000000600 ) ) ;
#3849 = FACE_OUTER_BOUND ( 'NONE', #9505, .T. ) ;
#3850 = DIRECTION ( 'NONE',  ( 1.000000000000000000, -0.0000000000000000000, -0.0000000000000000000 ) ) ;
#3851 =( GEOMETRIC_REPRESENTATION_CONTEXT ( 3 ) GLOBAL_UNCERTAINTY_ASSIGNED_CONTEXT ( ( #7523 ) ) GLOBAL_UNIT_ASSIGNED_CONTEXT ( ( #6803, #2186, #5229 ) ) REPRESENTATION_CONTEXT ( 'NONE', 'WORKASPACE' ) );
#3852 = DIRECTION ( 'NONE',  ( 1.000000000000000000, -0.0000000000000000000, -0.0000000000000000000 ) ) ;
#3853 = ORIENTED_EDGE ( 'NONE', *, *, #7463, .F. ) ;
#3854 = LINE ( 'NONE', #3560, #4796 ) ;
#3855 = PLANE ( 'NONE',  #922 ) ;
#3856 = FACE_OUTER_BOUND ( 'NONE', #2361, .T. ) ;
#3857 = LINE ( 'NONE', #206, #7421 ) ;
#3858 = ADVANCED_FACE ( 'NONE', ( #2556 ), #2942, .F. ) ;
#3859 = EDGE_CURVE ( 'NONE', #8687, #6506, #550, .T. ) ;
#3860 = CARTESIAN_POINT ( 'NONE',  ( -6.951960676794288800, 3.949999999999988200, 6.033634734814048000 ) ) ;
#3861 = EDGE_CURVE ( 'NONE', #2263, #1548, #315, .T. ) ;
#3862 = CARTESIAN_POINT ( 'NONE',  ( 1.249357707624858100, -2.107554504209499400, 0.1250000000000000000 ) ) ;
#3863 = ORIENTED_EDGE ( 'NONE', *, *, #2693, .F. ) ;
#3864 = CARTESIAN_POINT ( 'NONE',  ( 0.0000000000000000000, -3.626785478522209300, 1.088048239005247500 ) ) ;
#3865 = FACE_OUTER_BOUND ( 'NONE', #8673, .T. ) ;
#3866 = DIRECTION ( 'NONE',  ( 1.000000000000000000, -0.0000000000000000000, -0.0000000000000000000 ) ) ;
#3867 = CARTESIAN_POINT ( 'NONE',  ( -0.9499999999999977400, -7.721577310586390300, 3.650000000000001200 ) ) ;
#3868 = VERTEX_POINT ( 'NONE', #3547 ) ;
#3869 = CARTESIAN_POINT ( 'NONE',  ( -0.8999999999999999100, 0.8715010882118843200, -0.1250000000000000000 ) ) ;
#3870 = DIRECTION ( 'NONE',  ( 1.000000000000000000, 0.0000000000000000000, 0.0000000000000000000 ) ) ;
#3871 = ORIENTED_EDGE ( 'NONE', *, *, #9733, .F. ) ;
#3872 = EDGE_CURVE ( 'NONE', #4691, #4206, #1028, .T. ) ;
#3873 = DIRECTION ( 'NONE',  ( -1.334402673828313600E-016, 1.000000000000000000, 5.204170427930424200E-016 ) ) ;
#3874 = CARTESIAN_POINT ( 'NONE',  ( 2.375000000000000000, 3.469839113182271500, -15.58944443027283300 ) ) ;
#3875 = ORIENTED_EDGE ( 'NONE', *, *, #5578, .T. ) ;
#3876 = CARTESIAN_POINT ( 'NONE',  ( -6.999999999999999100, 0.0000000000000000000, -23.80497317454280200 ) ) ;
#3877 = VERTEX_POINT ( 'NONE', #5066 ) ;
#3878 = DIRECTION ( 'NONE',  ( 0.0000000000000000000, 0.0000000000000000000, -1.000000000000000000 ) ) ;
#3879 = ORIENTED_EDGE ( 'NONE', *, *, #6346, .F. ) ;
#3880 = AXIS2_PLACEMENT_3D ( 'NONE', #4110, #9377, #9454 ) ;
#3881 = ORIENTED_EDGE ( 'NONE', *, *, #3326, .F. ) ;
#3882 = PLANE ( 'NONE',  #289 ) ;
#3883 = EDGE_CURVE ( 'NONE', #8297, #7118, #2218, .T. ) ;
#3884 = AXIS2_PLACEMENT_3D ( 'NONE', #757, #8237, #1495 ) ;
#3885 = VERTEX_POINT ( 'NONE', #4315 ) ;
#3886 = EDGE_LOOP ( 'NONE', ( #588, #7036, #5887, #1899 ) ) ;
#3887 = VERTEX_POINT ( 'NONE', #8858 ) ;
#3888 = ORIENTED_EDGE ( 'NONE', *, *, #5100, .F. ) ;
#3889 = FACE_OUTER_BOUND ( 'NONE', #2065, .T. ) ;
#3890 = VECTOR ( 'NONE', #5682, 999.9999999999998900 ) ;
#3891 = PRESENTATION_LAYER_ASSIGNMENT (  '', '', ( #8282 ) ) ;
#3892 = VECTOR ( 'NONE', #7012, 1000.000000000000000 ) ;
#3893 = DIRECTION ( 'NONE',  ( -0.0000000000000000000, -0.0000000000000000000, 1.000000000000000000 ) ) ;
#3894 = CARTESIAN_POINT ( 'NONE',  ( -6.624999999999998200, -3.500000000000000000, 0.7838440971057466500 ) ) ;
#3895 = DIRECTION ( 'NONE',  ( 0.0000000000000000000, -1.000000000000000000, 3.491481338843134100E-015 ) ) ;
#3896 = ORIENTED_EDGE ( 'NONE', *, *, #8378, .F. ) ;
#3897 = DIRECTION ( 'NONE',  ( 0.0000000000000000000, 0.0000000000000000000, 1.000000000000000000 ) ) ;
#3898 = ORIENTED_EDGE ( 'NONE', *, *, #4393, .F. ) ;
#3899 = LINE ( 'NONE', #3930, #3176 ) ;
#3900 = DIRECTION ( 'NONE',  ( -1.000000000000000000, 0.0000000000000000000, 0.0000000000000000000 ) ) ;
#3901 = ADVANCED_FACE ( 'NONE', ( #200, #3143 ), #6018, .F. ) ;
#3902 = VECTOR ( 'NONE', #7459, 1000.000000000000000 ) ;
#3903 = CARTESIAN_POINT ( 'NONE',  ( -1.279868970028286400, -1.599999999999999900, -0.1250000000000000000 ) ) ;
#3904 = CARTESIAN_POINT ( 'NONE',  ( -6.624999999999998200, 3.974999999999987200, 5.875000000000000000 ) ) ;
#3905 = AXIS2_PLACEMENT_3D ( 'NONE', #2463, #8623, #9461 ) ;
#3906 = DIRECTION ( 'NONE',  ( -0.0000000000000000000, -3.542745126994888700E-015, -1.000000000000000000 ) ) ;
#3907 = ORIENTED_EDGE ( 'NONE', *, *, #8290, .F. ) ;
#3908 = CARTESIAN_POINT ( 'NONE',  ( 3.050000000000000700, -3.279999999999996300, 6.450000000000000200 ) ) ;
#3909 = ORIENTED_EDGE ( 'NONE', *, *, #5471, .F. ) ;
#3910 = VERTEX_POINT ( 'NONE', #5882 ) ;
#3911 = CIRCLE ( 'NONE', #9156, 0.07499999999999998300 ) ;
#3912 = CARTESIAN_POINT ( 'NONE',  ( -6.999165738677400700, 3.949999999999987300, 5.875000000000000000 ) ) ;
#3913 = EDGE_CURVE ( 'NONE', #2840, #7155, #7312, .T. ) ;
#3914 = EDGE_CURVE ( 'NONE', #6506, #847, #9801, .T. ) ;
#3915 = DIRECTION ( 'NONE',  ( -1.000000000000000000, -2.519609932081238100E-028, -7.216449660063441800E-014 ) ) ;
#3916 = DIRECTION ( 'NONE',  ( 0.0000000000000000000, 3.542745126994888700E-015, 1.000000000000000000 ) ) ;
#3917 = EDGE_LOOP ( 'NONE', ( #2815, #9102, #3983, #1434, #6342, #9417 ) ) ;
#3918 = ORIENTED_EDGE ( 'NONE', *, *, #581, .T. ) ;
#3919 = VECTOR ( 'NONE', #9029, 1000.000000000000000 ) ;
#3920 = VECTOR ( 'NONE', #5119, 1000.000000000000000 ) ;
#3921 = CARTESIAN_POINT ( 'NONE',  ( 1.279868970028286400, -1.599999999999999900, 0.1250000000000000000 ) ) ;
#3922 = AXIS2_PLACEMENT_3D ( 'NONE', #489, #7241, #8014 ) ;
#3923 = VECTOR ( 'NONE', #5438, 1000.000000000000100 ) ;
#3924 = ORIENTED_EDGE ( 'NONE', *, *, #8290, .T. ) ;
#3925 = CLOSED_SHELL ( 'NONE', ( #4157, #2841, #6473, #9646, #8542, #8429, #4567, #6411, #6462, #8634 ) ) ;
#3926 = EDGE_CURVE ( 'NONE', #1901, #1680, #2449, .T. ) ;
#3927 = VERTEX_POINT ( 'NONE', #1295 ) ;
#3928 = VECTOR ( 'NONE', #5557, 1000.000000000000000 ) ;
#3929 = CARTESIAN_POINT ( 'NONE',  ( -1.279868970028286400, -1.599999999999999900, 0.1250000000000000000 ) ) ;
#3930 = CARTESIAN_POINT ( 'NONE',  ( 6.624657383688645300, 2.249991028276130400, 8.040000000000000900 ) ) ;
#3931 = CYLINDRICAL_SURFACE ( 'NONE', #4309, 0.2500000000000000000 ) ;
#3932 = CARTESIAN_POINT ( 'NONE',  ( -3.677205953146756900, -3.480000000000000000, 3.722794046853242600 ) ) ;
#3933 = CIRCLE ( 'NONE', #4227, 0.2999999999999999300 ) ;
#3934 = DIRECTION ( 'NONE',  ( -1.000000000000000000, 0.0000000000000000000, 1.309225264888156900E-016 ) ) ;
#3935 = B_SPLINE_CURVE_WITH_KNOTS ( 'NONE', 3,
 ( #4693, #9272, #1045, #5452, #3130, #8441, #927, #1696, #4719, #8745, #444, #1183, #1925, #9474, #4201, #8718 ),
 .UNSPECIFIED., .F., .F.,
 ( 4, 3, 3, 3, 3, 4 ),
 ( 0.0000000000000000000, 8.391288793022280300E-006, 1.678328422871369700E-005, 2.516102337026126700E-005, 3.347946020404898400E-005, 3.921462377175400400E-005 ),
 .UNSPECIFIED. ) ;
#3936 = ORIENTED_EDGE ( 'NONE', *, *, #4003, .F. ) ;
#3937 = ORIENTED_EDGE ( 'NONE', *, *, #1619, .F. ) ;
#3938 = CARTESIAN_POINT ( 'NONE',  ( -7.000000000000005300, 4.999999999999999100, 8.299999999999982900 ) ) ;
#3939 = SURFACE_STYLE_FILL_AREA ( #1259 ) ;
#3940 = ORIENTED_EDGE ( 'NONE', *, *, #4914, .T. ) ;
#3941 = LINE ( 'NONE', #6865, #5027 ) ;
#3942 = EDGE_CURVE ( 'NONE', #2164, #4625, #6248, .T. ) ;
#3943 = CARTESIAN_POINT ( 'NONE',  ( 6.999985522606218400, 3.961568074030169300, 5.853730032808163800 ) ) ;
#3944 = DIRECTION ( 'NONE',  ( 0.0000000000000000000, 0.0000000000000000000, 1.000000000000000000 ) ) ;
#3945 = CARTESIAN_POINT ( 'NONE',  ( -6.874999999999998200, -2.501847198195507700, 1.612615574073300100 ) ) ;
#3946 = CARTESIAN_POINT ( 'NONE',  ( -7.000000000000006200, 2.924999999999987800, 5.875000000000000000 ) ) ;
#3947 = ORIENTED_EDGE ( 'NONE', *, *, #6407, .F. ) ;
#3948 = EDGE_CURVE ( 'NONE', #7533, #166, #3749, .T. ) ;
#3949 = EDGE_LOOP ( 'NONE', ( #8896, #6702, #7181, #9758 ) ) ;
#3950 = VERTEX_POINT ( 'NONE', #2867 ) ;
#3951 = FACE_OUTER_BOUND ( 'NONE', #9144, .T. ) ;
#3952 = CIRCLE ( 'NONE', #7616, 3.850000000000000100 ) ;
#3953 = VECTOR ( 'NONE', #1494, 1000.000000000000000 ) ;
#3954 = LINE ( 'NONE', #8543, #1597 ) ;
#3955 = PLANE ( 'NONE',  #6385 ) ;
#3956 = ORIENTED_EDGE ( 'NONE', *, *, #925, .F. ) ;
#3957 = ADVANCED_FACE ( 'NONE', ( #912 ), #1229, .F. ) ;
#3958 = DIRECTION ( 'NONE',  ( 0.4896926261707817400, -6.134742863175384300E-016, 0.8718951381180899400 ) ) ;
#3959 = ORIENTED_EDGE ( 'NONE', *, *, #5835, .T. ) ;
#3960 = ORIENTED_EDGE ( 'NONE', *, *, #1544, .T. ) ;
#3961 = LINE ( 'NONE', #9575, #2801 ) ;
#3962 = LINE ( 'NONE', #5819, #658 ) ;
#3963 = VECTOR ( 'NONE', #6388, 1000.000000000000000 ) ;
#3964 = EDGE_CURVE ( 'NONE', #8557, #2960, #2332, .T. ) ;
#3965 = ORIENTED_EDGE ( 'NONE', *, *, #3648, .F. ) ;
#3966 = VECTOR ( 'NONE', #5685, 1000.000000000000000 ) ;
#3967 = DIRECTION ( 'NONE',  ( 0.0000000000000000000, -1.000000000000000000, 0.0000000000000000000 ) ) ;
#3968 = CARTESIAN_POINT ( 'NONE',  ( -6.424999999999997200, 2.899999999999986600, 6.700000000000002000 ) ) ;
#3969 = ADVANCED_FACE ( 'NONE', ( #8369 ), #8015, .F. ) ;
#3970 = VERTEX_POINT ( 'NONE', #8886 ) ;
#3971 = FACE_OUTER_BOUND ( 'NONE', #8660, .T. ) ;
#3972 = DIRECTION ( 'NONE',  ( 1.000000000000000000, 0.0000000000000000000, 0.0000000000000000000 ) ) ;
#3973 = AXIS2_PLACEMENT_3D ( 'NONE', #9284, #5606, #2457 ) ;
#3974 = VECTOR ( 'NONE', #7425, 1000.000000000000000 ) ;
#3975 = CARTESIAN_POINT ( 'NONE',  ( 7.000000000000006200, 2.899999999999986100, 6.700000000000000200 ) ) ;
#3976 = LINE ( 'NONE', #3397, #9796 ) ;
#3977 = ORIENTED_EDGE ( 'NONE', *, *, #7435, .F. ) ;
#3978 = CARTESIAN_POINT ( 'NONE',  ( -6.605784270717713900, 3.949999999999986400, 6.650000000000000400 ) ) ;
#3979 = LINE ( 'NONE', #3862, #7758 ) ;
#3980 = DIRECTION ( 'NONE',  ( -8.075993836018656900E-017, 0.0000000000000000000, -1.000000000000000000 ) ) ;
#3981 = DIRECTION ( 'NONE',  ( -0.0000000000000000000, -0.0000000000000000000, -1.000000000000000000 ) ) ;
#3982 = EDGE_CURVE ( 'NONE', #6150, #7934, #8853, .T. ) ;
#3983 = ORIENTED_EDGE ( 'NONE', *, *, #5967, .F. ) ;
#3984 = CARTESIAN_POINT ( 'NONE',  ( -6.624999999999995600, 4.999999999999998200, 8.016506350946134100 ) ) ;
#3985 = FACE_OUTER_BOUND ( 'NONE', #7394, .T. ) ;
#3986 = PLANE ( 'NONE',  #4501 ) ;
#3987 = VECTOR ( 'NONE', #2521, 1000.000000000000100 ) ;
#3988 = ORIENTED_EDGE ( 'NONE', *, *, #7873, .T. ) ;
#3989 = DIRECTION ( 'NONE',  ( -1.000000000000000000, -2.556604186739367600E-028, 8.926335808808728500E-043 ) ) ;
#3990 = EDGE_LOOP ( 'NONE', ( #2694 ) ) ;
#3991 = EDGE_CURVE ( 'NONE', #559, #5954, #4465, .T. ) ;
#3992 = EDGE_CURVE ( 'NONE', #5265, #2875, #7759, .T. ) ;
#3993 = VERTEX_POINT ( 'NONE', #9022 ) ;
#3994 = VERTEX_POINT ( 'NONE', #2954 ) ;
#3995 = AXIS2_PLACEMENT_3D ( 'NONE', #5313, #3845, #5377 ) ;
#3996 = DIRECTION ( 'NONE',  ( 1.000000000000000000, 0.0000000000000000000, 0.0000000000000000000 ) ) ;
#3997 = DIRECTION ( 'NONE',  ( 1.000000000000000000, 0.0000000000000000000, -0.0000000000000000000 ) ) ;
#3998 = DIRECTION ( 'NONE',  ( 8.075993836018656900E-017, 0.0000000000000000000, 1.000000000000000000 ) ) ;
#3999 = VERTEX_POINT ( 'NONE', #638 ) ;
#4000 = DIRECTION ( 'NONE',  ( -0.0000000000000000000, -0.0000000000000000000, -1.000000000000000000 ) ) ;
#4001 = EDGE_LOOP ( 'NONE', ( #9597, #7566, #3400, #3936, #8439, #9136 ) ) ;
#4002 = PRESENTATION_LAYER_ASSIGNMENT (  '', '', ( #95 ) ) ;
#4003 = EDGE_CURVE ( 'NONE', #4057, #5487, #6612, .T. ) ;
#4004 = PLANE ( 'NONE',  #2761 ) ;
#4005 = ADVANCED_FACE ( 'NONE', ( #3985 ), #1390, .F. ) ;
#4006 = ORIENTED_EDGE ( 'NONE', *, *, #3408, .F. ) ;
#4007 = DIRECTION ( 'NONE',  ( 0.0000000000000000000, 0.0000000000000000000, 1.000000000000000000 ) ) ;
#4008 = ORIENTED_EDGE ( 'NONE', *, *, #6669, .T. ) ;
#4009 = DIRECTION ( 'NONE',  ( -0.0000000000000000000, -0.0000000000000000000, -1.000000000000000000 ) ) ;
#4010 = ORIENTED_EDGE ( 'NONE', *, *, #3529, .T. ) ;
#4011 = VERTEX_POINT ( 'NONE', #5912 ) ;
#4012 = CARTESIAN_POINT ( 'NONE',  ( 6.625000000000000900, 3.949999999999987300, 5.850000000000001400 ) ) ;
#4013 = CIRCLE ( 'NONE', #3493, 3.850000000000000100 ) ;
#4014 = CARTESIAN_POINT ( 'NONE',  ( 6.375000000000000000, 12.75000000000000200, 8.040000000000000900 ) ) ;
#4015 = VECTOR ( 'NONE', #2359, 1000.000000000000000 ) ;
#4016 = ORIENTED_EDGE ( 'NONE', *, *, #5347, .F. ) ;
#4017 = ADVANCED_FACE ( 'NONE', ( #9572 ), #3037, .F. ) ;
#4018 = ORIENTED_EDGE ( 'NONE', *, *, #3390, .F. ) ;
#4019 = CARTESIAN_POINT ( 'NONE',  ( 0.0000000000000000000, -3.799999999999999800, 0.7838440971057466500 ) ) ;
#4020 = LINE ( 'NONE', #8645, #1552 ) ;
#4021 = AXIS2_PLACEMENT_3D ( 'NONE', #2295, #766, #7644 ) ;
#4022 = VECTOR ( 'NONE', #8220, 1000.000000000000100 ) ;
#4023 = DIRECTION ( 'NONE',  ( -0.9396926207859095400, 0.3420201433256658300, 0.0000000000000000000 ) ) ;
#4024 = LINE ( 'NONE', #8995, #19 ) ;
#4025 = ORIENTED_EDGE ( 'NONE', *, *, #7790, .F. ) ;
#4026 = ORIENTED_EDGE ( 'NONE', *, *, #6997, .T. ) ;
#4027 = ORIENTED_EDGE ( 'NONE', *, *, #3926, .T. ) ;
#4028 = LINE ( 'NONE', #2953, #4633 ) ;
#4029 = DIRECTION ( 'NONE',  ( 0.3236155771181821700, 0.8891264907159901500, 0.3236155771181821700 ) ) ;
#4030 = CARTESIAN_POINT ( 'NONE',  ( 6.625000000000001800, 2.236907039215394500, 3.300000000000000700 ) ) ;
#4031 = DIRECTION ( 'NONE',  ( -0.9986295347545739400, 0.05233595624294395300, 0.0000000000000000000 ) ) ;
#4032 = EDGE_CURVE ( 'NONE', #3767, #9132, #6730, .T. ) ;
#4033 = ORIENTED_EDGE ( 'NONE', *, *, #8157, .T. ) ;
#4034 = ORIENTED_EDGE ( 'NONE', *, *, #2049, .T. ) ;
#4035 = VECTOR ( 'NONE', #3163, 1000.000000000000000 ) ;
#4036 = PLANE ( 'NONE',  #3880 ) ;
#4037 = CIRCLE ( 'NONE', #6541, 5.700000000000000200 ) ;
#4038 = DIRECTION ( 'NONE',  ( 0.0000000000000000000, 0.0000000000000000000, 1.000000000000000000 ) ) ;
#4039 = DIRECTION ( 'NONE',  ( -1.000000000000000000, 0.0000000000000000000, 0.0000000000000000000 ) ) ;
#4040 = AXIS2_PLACEMENT_3D ( 'NONE', #484, #5945, #6542 ) ;
#4041 = CARTESIAN_POINT ( 'NONE',  ( -6.816984835575373000, 3.356995282347284600, 3.300000000000000700 ) ) ;
#4042 = DIRECTION ( 'NONE',  ( 1.334402673828313600E-016, -1.000000000000000000, -2.551063935260010000E-016 ) ) ;
#4043 = CARTESIAN_POINT ( 'NONE',  ( 0.0000000000000000000, -3.799999999999999800, 0.8161559028942522200 ) ) ;
#4044 = ORIENTED_EDGE ( 'NONE', *, *, #5923, .F. ) ;
#4045 = ORIENTED_EDGE ( 'NONE', *, *, #3150, .F. ) ;
#4046 = LINE ( 'NONE', #6439, #4752 ) ;
#4047 = ORIENTED_EDGE ( 'NONE', *, *, #2352, .F. ) ;
#4048 = CARTESIAN_POINT ( 'NONE',  ( 0.0000000000000000000, -3.500000000000000000, 0.7838440971057466500 ) ) ;
#4049 = EDGE_CURVE ( 'NONE', #7826, #8689, #4692, .T. ) ;
#4050 = FACE_OUTER_BOUND ( 'NONE', #9790, .T. ) ;
#4051 = EDGE_CURVE ( 'NONE', #1577, #1809, #2816, .T. ) ;
#4052 = FACE_OUTER_BOUND ( 'NONE', #9364, .T. ) ;
#4053 = CARTESIAN_POINT ( 'NONE',  ( 6.750000000000006200, 2.924999999999987800, 5.850000000000001400 ) ) ;
#4054 = EDGE_LOOP ( 'NONE', ( #6858, #1201, #3204, #5836 ) ) ;
#4055 = EDGE_LOOP ( 'NONE', ( #6429, #8895, #7994, #3888 ) ) ;
#4056 = ADVANCED_FACE ( 'NONE', ( #1513 ), #1442, .T. ) ;
#4057 = VERTEX_POINT ( 'NONE', #2896 ) ;
#4058 = DIRECTION ( 'NONE',  ( 0.3236155771181821700, -0.8891264907159901500, 0.3236155771181821700 ) ) ;
#4059 = AXIS2_PLACEMENT_3D ( 'NONE', #596, #8875, #5831 ) ;
#4060 = LINE ( 'NONE', #6901, #4414 ) ;
#4061 = EDGE_LOOP ( 'NONE', ( #6721 ) ) ;
#4062 = EDGE_CURVE ( 'NONE', #6621, #2944, #3252, .T. ) ;
#4063 = PLANE ( 'NONE',  #5228 ) ;
#4064 = EDGE_CURVE ( 'NONE', #9169, #8803, #450, .T. ) ;
#4065 = CARTESIAN_POINT ( 'NONE',  ( 1.023308929227474600, -3.481414627696880300, 3.876691070772527100 ) ) ;
#4066 = DIRECTION ( 'NONE',  ( 0.0000000000000000000, 0.0000000000000000000, -1.000000000000000000 ) ) ;
#4067 = DIRECTION ( 'NONE',  ( 1.000000000000000000, 1.334402673828313600E-016, -0.0000000000000000000 ) ) ;
#4068 = ORIENTED_EDGE ( 'NONE', *, *, #6270, .T. ) ;
#4069 = DIRECTION ( 'NONE',  ( -0.0000000000000000000, 0.0000000000000000000, 1.000000000000000000 ) ) ;
#4070 = CARTESIAN_POINT ( 'NONE',  ( 3.122794046853241600, -3.480000000000000000, 6.222794046853240800 ) ) ;
#4071 = LINE ( 'NONE', #285, #8099 ) ;
#4072 = ADVANCED_FACE ( 'NONE', ( #9098 ), #6742, .T. ) ;
#4073 = LINE ( 'NONE', #208, #3595 ) ;
#4074 = DIRECTION ( 'NONE',  ( 0.0000000000000000000, 0.0000000000000000000, -1.000000000000000000 ) ) ;
#4075 = ORIENTED_EDGE ( 'NONE', *, *, #7157, .T. ) ;
#4076 = DIRECTION ( 'NONE',  ( 1.000000000000000000, 1.334402673828313600E-016, 0.0000000000000000000 ) ) ;
#4077 = VERTEX_POINT ( 'NONE', #18 ) ;
#4078 = PLANE ( 'NONE',  #3973 ) ;
#4079 = DIRECTION ( 'NONE',  ( -1.000000000000000000, -0.0000000000000000000, 1.239088197126290800E-016 ) ) ;
#4080 = EDGE_LOOP ( 'NONE', ( #4097, #8209, #5745, #8351, #664, #2477 ) ) ;
#4081 = DIRECTION ( 'NONE',  ( -1.000000000000000000, 0.0000000000000000000, 0.0000000000000000000 ) ) ;
#4082 = CIRCLE ( 'NONE', #1321, 0.4499999999999999000 ) ;
#4083 = CARTESIAN_POINT ( 'NONE',  ( 6.625000000000000000, 13.00000000000000000, 5.850000000000000500 ) ) ;
#4084 = DIRECTION ( 'NONE',  ( -0.0000000000000000000, 1.000000000000000000, -0.0000000000000000000 ) ) ;
#4085 = LINE ( 'NONE', #3026, #5387 ) ;
#4086 = EDGE_CURVE ( 'NONE', #1609, #9344, #2700, .T. ) ;
#4087 = FACE_BOUND ( 'NONE', #445, .T. ) ;
#4088 = ORIENTED_EDGE ( 'NONE', *, *, #5803, .T. ) ;
#4089 = PLANE ( 'NONE',  #9289 ) ;
#4090 = DIRECTION ( 'NONE',  ( 1.000000000000000000, 0.0000000000000000000, 0.0000000000000000000 ) ) ;
#4091 = LINE ( 'NONE', #4840, #7870 ) ;
#4092 = LINE ( 'NONE', #3876, #1154 ) ;
#4093 = AXIS2_PLACEMENT_3D ( 'NONE', #1703, #2395, #7680 ) ;
#4094 = DIRECTION ( 'NONE',  ( -1.000000000000000000, -9.599961581310927900E-016, -0.0000000000000000000 ) ) ;
#4095 = VERTEX_POINT ( 'NONE', #2988 ) ;
#4096 = VECTOR ( 'NONE', #9380, 1000.000000000000000 ) ;
#4097 = ORIENTED_EDGE ( 'NONE', *, *, #4420, .F. ) ;
#4098 = VECTOR ( 'NONE', #140, 1000.000000000000000 ) ;
#4099 = DIRECTION ( 'NONE',  ( 0.0000000000000000000, 0.0000000000000000000, -1.000000000000000000 ) ) ;
#4100 = EDGE_CURVE ( 'NONE', #3235, #2882, #2569, .T. ) ;
#4101 = DIRECTION ( 'NONE',  ( 0.0000000000000000000, 0.0000000000000000000, -1.000000000000000000 ) ) ;
#4102 = FACE_OUTER_BOUND ( 'NONE', #5429, .T. ) ;
#4103 = CARTESIAN_POINT ( 'NONE',  ( 0.0000000000000000000, 8.220000000000000600, -3.849999999999993900 ) ) ;
#4104 = DIRECTION ( 'NONE',  ( -1.000000000000000000, 0.0000000000000000000, 0.0000000000000000000 ) ) ;
#4105 = DIRECTION ( 'NONE',  ( 1.000000000000000000, 0.0000000000000000000, 0.0000000000000000000 ) ) ;
#4106 = ORIENTED_EDGE ( 'NONE', *, *, #6996, .T. ) ;
#4107 = DIRECTION ( 'NONE',  ( -1.000000000000000000, 0.0000000000000000000, 0.0000000000000000000 ) ) ;
#4108 = DIRECTION ( 'NONE',  ( 0.0000000000000000000, 1.000000000000000000, 0.0000000000000000000 ) ) ;
#4109 = ORIENTED_EDGE ( 'NONE', *, *, #2908, .F. ) ;
#4110 = CARTESIAN_POINT ( 'NONE',  ( -6.625000000000000900, 3.949999999999987300, 5.850000000000001400 ) ) ;
#4111 = ADVANCED_FACE ( 'NONE', ( #1037 ), #2195, .F. ) ;
#4112 = EDGE_CURVE ( 'NONE', #4851, #8635, #8131, .T. ) ;
#4113 = CARTESIAN_POINT ( 'NONE',  ( 1.301042606982605300E-015, 0.0000000000000000000, -2.499999999999998700 ) ) ;
#4114 = DIRECTION ( 'NONE',  ( -1.000000000000000000, 0.0000000000000000000, 0.0000000000000000000 ) ) ;
#4115 = VERTEX_POINT ( 'NONE', #8278 ) ;
#4116 = AXIS2_PLACEMENT_3D ( 'NONE', #7434, #6660, #8192 ) ;
#4117 = ADVANCED_FACE ( 'NONE', ( #8978, #788 ), #6597, .F. ) ;
#4118 = ORIENTED_EDGE ( 'NONE', *, *, #516, .F. ) ;
#4119 = PLANE ( 'NONE',  #427 ) ;
#4120 = EDGE_CURVE ( 'NONE', #4713, #8698, #4582, .T. ) ;
#4121 = ORIENTED_EDGE ( 'NONE', *, *, #8433, .F. ) ;
#4122 = CARTESIAN_POINT ( 'NONE',  ( 6.625000000000000000, 13.00000000000000000, 3.450000000000000600 ) ) ;
#4123 = EDGE_CURVE ( 'NONE', #2152, #1238, #7305, .T. ) ;
#4124 = ORIENTED_EDGE ( 'NONE', *, *, #4354, .T. ) ;
#4125 = DIRECTION ( 'NONE',  ( 0.0000000000000000000, 0.0000000000000000000, -1.000000000000000000 ) ) ;
#4126 = FACE_OUTER_BOUND ( 'NONE', #1139, .T. ) ;
#4127 = CARTESIAN_POINT ( 'NONE',  ( -7.000000000000006200, 2.899999999999986100, 6.700000000000000200 ) ) ;
#4128 = DIRECTION ( 'NONE',  ( 0.0000000000000000000, -1.000000000000000000, 3.491481338843134100E-015 ) ) ;
#4129 = PLANE ( 'NONE',  #1379 ) ;
#4130 = VERTEX_POINT ( 'NONE', #1605 ) ;
#4131 = ORIENTED_EDGE ( 'NONE', *, *, #7407, .F. ) ;
#4132 = EDGE_CURVE ( 'NONE', #4873, #559, #6968, .T. ) ;
#4133 = ORIENTED_EDGE ( 'NONE', *, *, #9821, .F. ) ;
#4134 = AXIS2_PLACEMENT_3D ( 'NONE', #2950, #7446, #8208 ) ;
#4135 = SURFACE_STYLE_FILL_AREA ( #1378 ) ;
#4136 = EDGE_CURVE ( 'NONE', #7577, #6418, #6021, .T. ) ;
#4137 = LINE ( 'NONE', #2568, #244 ) ;
#4138 = CARTESIAN_POINT ( 'NONE',  ( -4.699999999999999300, -3.480000000000000000, 6.377205953146758900 ) ) ;
#4139 = CARTESIAN_POINT ( 'NONE',  ( -7.000000000000005300, 4.549999999999986500, 4.749999999999984900 ) ) ;
#4140 = CARTESIAN_POINT ( 'NONE',  ( -6.424999999999997200, 3.999999999999987100, 5.850000000000002300 ) ) ;
#4141 = DIRECTION ( 'NONE',  ( 0.0000000000000000000, 0.0000000000000000000, -1.000000000000000000 ) ) ;
#4142 = ORIENTED_EDGE ( 'NONE', *, *, #3279, .T. ) ;
#4143 = CARTESIAN_POINT ( 'NONE',  ( 6.375000000000000000, 12.49999999999999800, -2.699999999999999300 ) ) ;
#4144 = ORIENTED_EDGE ( 'NONE', *, *, #1015, .F. ) ;
#4145 = DIRECTION ( 'NONE',  ( -1.000000000000000000, 2.556604186739367600E-028, -8.926335808808728500E-043 ) ) ;
#4146 = ORIENTED_EDGE ( 'NONE', *, *, #7233, .T. ) ;
#4147 = LINE ( 'NONE', #4635, #9145 ) ;
#4148 = AXIS2_PLACEMENT_3D ( 'NONE', #866, #3873, #1641 ) ;
#4149 = CARTESIAN_POINT ( 'NONE',  ( -6.999827434253227800, 3.953720464681179000, 5.861583371793740200 ) ) ;
#4150 = CARTESIAN_POINT ( 'NONE',  ( 6.875000000000001800, 2.236907039215394500, 8.040000000000000900 ) ) ;
#4151 = DIRECTION ( 'NONE',  ( 0.0000000000000000000, 0.0000000000000000000, -1.000000000000000000 ) ) ;
#4152 = EDGE_LOOP ( 'NONE', ( #9641, #1490, #2030, #7454, #8887, #5727 ) ) ;
#4153 = ORIENTED_EDGE ( 'NONE', *, *, #2450, .F. ) ;
#4154 = PRESENTATION_STYLE_ASSIGNMENT (( #5997 ) ) ;
#4155 = ORIENTED_EDGE ( 'NONE', *, *, #8774, .T. ) ;
#4156 = EDGE_CURVE ( 'NONE', #7375, #7112, #3258, .T. ) ;
#4157 = ADVANCED_FACE ( 'NONE', ( #9446 ), #1793, .T. ) ;
#4158 = LINE ( 'NONE', #1261, #5703 ) ;
#4159 = DIRECTION ( 'NONE',  ( -0.0000000000000000000, -0.0000000000000000000, -1.000000000000000000 ) ) ;
#4160 = ORIENTED_EDGE ( 'NONE', *, *, #5519, .F. ) ;
#4161 = VERTEX_POINT ( 'NONE', #9191 ) ;
#4162 = DIRECTION ( 'NONE',  ( 1.000000000000000000, 0.0000000000000000000, 0.0000000000000000000 ) ) ;
#4163 = CYLINDRICAL_SURFACE ( 'NONE', #7804, 0.2999999999999999300 ) ;
#4164 = CARTESIAN_POINT ( 'NONE',  ( -3.049999999999998000, -3.279999999999996300, 3.950000000000001100 ) ) ;
#4165 = DIRECTION ( 'NONE',  ( 0.0000000000000000000, -0.0000000000000000000, 1.000000000000000000 ) ) ;
#4166 = FACE_OUTER_BOUND ( 'NONE', #4560, .T. ) ;
#4167 = DIRECTION ( 'NONE',  ( 0.0000000000000000000, -1.000000000000000000, 0.0000000000000000000 ) ) ;
#4168 = DIRECTION ( 'NONE',  ( 0.0000000000000000000, 0.0000000000000000000, -1.000000000000000000 ) ) ;
#4169 = ADVANCED_FACE ( 'NONE', ( #9803 ), #9573, .F. ) ;
#4170 = CYLINDRICAL_SURFACE ( 'NONE', #8936, 0.2500000000000002200 ) ;
#4171 = CARTESIAN_POINT ( 'NONE',  ( -2.575000000000001500, 4.849999999999998800, -15.58944443027283300 ) ) ;
#4172 = EDGE_CURVE ( 'NONE', #2932, #9561, #3857, .T. ) ;
#4173 = ORIENTED_EDGE ( 'NONE', *, *, #3048, .T. ) ;
#4174 = DIRECTION ( 'NONE',  ( 0.0000000000000000000, 0.0000000000000000000, 1.000000000000000000 ) ) ;
#4175 = ORIENTED_EDGE ( 'NONE', *, *, #202, .F. ) ;
#4176 = ORIENTED_EDGE ( 'NONE', *, *, #7475, .T. ) ;
#4177 = VECTOR ( 'NONE', #9369, 1000.000000000000100 ) ;
#4178 = LINE ( 'NONE', #6035, #2171 ) ;
#4179 = AXIS2_PLACEMENT_3D ( 'NONE', #9099, #6083, #1541 ) ;
#4180 = PLANE ( 'NONE',  #6735 ) ;
#4181 = CARTESIAN_POINT ( 'NONE',  ( -6.999999999999996400, 0.0000000000000000000, -4.699999999999999300 ) ) ;
#4182 = DIRECTION ( 'NONE',  ( -0.0000000000000000000, -0.0000000000000000000, -1.000000000000000000 ) ) ;
#4183 = ORIENTED_EDGE ( 'NONE', *, *, #2021, .F. ) ;
#4184 = ORIENTED_EDGE ( 'NONE', *, *, #1850, .T. ) ;
#4185 = CARTESIAN_POINT ( 'NONE',  ( -6.999995685999016000, 3.964091083620785200, 5.852332561030658900 ) ) ;
#4186 = EDGE_CURVE ( 'NONE', #1363, #8146, #8973, .T. ) ;
#4187 = ORIENTED_EDGE ( 'NONE', *, *, #1404, .F. ) ;
#4188 = FACE_OUTER_BOUND ( 'NONE', #4896, .T. ) ;
#4189 = EDGE_CURVE ( 'NONE', #3200, #3767, #7085, .T. ) ;
#4190 = VECTOR ( 'NONE', #4901, 1000.000000000000000 ) ;
#4191 = DIRECTION ( 'NONE',  ( 0.0000000000000000000, 0.0000000000000000000, 1.000000000000000000 ) ) ;
#4192 = AXIS2_PLACEMENT_3D ( 'NONE', #5949, #2902, #9754 ) ;
#4193 = ORIENTED_EDGE ( 'NONE', *, *, #2660, .T. ) ;
#4194 = ORIENTED_EDGE ( 'NONE', *, *, #3541, .T. ) ;
#4195 = LINE ( 'NONE', #6914, #5489 ) ;
#4196 = FACE_OUTER_BOUND ( 'NONE', #5797, .T. ) ;
#4197 = SURFACE_SIDE_STYLE ('',( #1665 ) ) ;
#4198 = VERTEX_POINT ( 'NONE', #1734 ) ;
#4199 = EDGE_CURVE ( 'NONE', #1838, #3824, #8136, .T. ) ;
#4200 = FACE_OUTER_BOUND ( 'NONE', #6876, .T. ) ;
#4201 = CARTESIAN_POINT ( 'NONE',  ( -6.747859764812765200, 3.949999999999937100, 5.873112532580884200 ) ) ;
#4202 = PLANE ( 'NONE',  #8309 ) ;
#4203 = CARTESIAN_POINT ( 'NONE',  ( 5.800000000000000700, 0.2500000000000000000, 17.08448840921516900 ) ) ;
#4204 = DIRECTION ( 'NONE',  ( 0.0000000000000000000, 0.0000000000000000000, 1.000000000000000000 ) ) ;
#4205 = CIRCLE ( 'NONE', #9349, 0.2500000000000002200 ) ;
#4206 = VERTEX_POINT ( 'NONE', #7069 ) ;
#4207 = DIRECTION ( 'NONE',  ( 0.0000000000000000000, -1.000000000000000000, 0.0000000000000000000 ) ) ;
#4208 = ORIENTED_EDGE ( 'NONE', *, *, #5294, .F. ) ;
#4209 = LINE ( 'NONE', #1506, #9552 ) ;
#4210 = VECTOR ( 'NONE', #5376, 1000.000000000000000 ) ;
#4211 = LINE ( 'NONE', #7183, #434 ) ;
#4212 = PLANE ( 'NONE',  #9548 ) ;
#4213 = ORIENTED_EDGE ( 'NONE', *, *, #633, .F. ) ;
#4214 = AXIS2_PLACEMENT_3D ( 'NONE', #3105, #9332, #3345 ) ;
#4215 = VECTOR ( 'NONE', #6459, 1000.000000000000000 ) ;
#4216 = CARTESIAN_POINT ( 'NONE',  ( 6.999995685999016000, 2.935908916379191200, 5.852332561030659800 ) ) ;
#4217 = ORIENTED_EDGE ( 'NONE', *, *, #2538, .T. ) ;
#4218 =( NAMED_UNIT ( * ) SI_UNIT ( $, .STERADIAN. ) SOLID_ANGLE_UNIT ( ) );
#4219 = DIRECTION ( 'NONE',  ( 1.000000000000000000, 0.0000000000000000000, -0.0000000000000000000 ) ) ;
#4220 = VECTOR ( 'NONE', #9807, 1000.000000000000000 ) ;
#4221 = CARTESIAN_POINT ( 'NONE',  ( 1.650000000000000800, -3.279999999999996300, 3.950000000000000200 ) ) ;
#4222 = ORIENTED_EDGE ( 'NONE', *, *, #3913, .F. ) ;
#4223 = ADVANCED_FACE ( 'NONE', ( #1750 ), #7545, .T. ) ;
#4224 = CARTESIAN_POINT ( 'NONE',  ( -7.000000000000005300, -9.340818716798201800E-016, 1.799999999999998700 ) ) ;
#4225 = ORIENTED_EDGE ( 'NONE', *, *, #4893, .T. ) ;
#4226 = DIRECTION ( 'NONE',  ( 1.000000000000000000, 0.0000000000000000000, 0.0000000000000000000 ) ) ;
#4227 = AXIS2_PLACEMENT_3D ( 'NONE', #563, #1337, #1424 ) ;
#4228 = LINE ( 'NONE', #3412, #6614 ) ;
#4229 = ORIENTED_EDGE ( 'NONE', *, *, #2814, .F. ) ;
#4230 = EDGE_CURVE ( 'NONE', #7757, #5900, #6854, .T. ) ;
#4231 = ORIENTED_EDGE ( 'NONE', *, *, #6453, .F. ) ;
#4232 = DIRECTION ( 'NONE',  ( 0.0000000000000000000, 0.0000000000000000000, -1.000000000000000000 ) ) ;
#4233 = CARTESIAN_POINT ( 'NONE',  ( -6.624657383688641800, 2.249991028276129500, 3.300000000000000700 ) ) ;
#4234 = LINE ( 'NONE', #3197, #1558 ) ;
#4235 = CARTESIAN_POINT ( 'NONE',  ( 6.874314767377288900, 2.263075017336866800, 2.100000000000001000 ) ) ;
#4236 = VERTEX_POINT ( 'NONE', #4070 ) ;
#4237 = DIRECTION ( 'NONE',  ( -0.02792163872356207700, 0.9996101150403545700, 0.0000000000000000000 ) ) ;
#4238 = ORIENTED_EDGE ( 'NONE', *, *, #2222, .T. ) ;
#4239 = EDGE_CURVE ( 'NONE', #8139, #8627, #2573, .T. ) ;
#4240 = CARTESIAN_POINT ( 'NONE',  ( 6.605784270717713900, 3.949999999999986400, 6.650000000000000400 ) ) ;
#4241 = DIRECTION ( 'NONE',  ( -0.0000000000000000000, 1.000000000000000000, -0.0000000000000000000 ) ) ;
#4242 = ORIENTED_EDGE ( 'NONE', *, *, #7047, .F. ) ;
#4243 = EDGE_CURVE ( 'NONE', #867, #2138, #5527, .T. ) ;
#4244 = DIRECTION ( 'NONE',  ( 0.0000000000000000000, -1.000000000000000000, 0.0000000000000000000 ) ) ;
#4245 = ORIENTED_EDGE ( 'NONE', *, *, #7740, .F. ) ;
#4246 = DIRECTION ( 'NONE',  ( -1.000000000000000000, -9.599961581310927900E-016, 0.0000000000000000000 ) ) ;
#4247 = VECTOR ( 'NONE', #7093, 1000.000000000000000 ) ;
#4248 = DIRECTION ( 'NONE',  ( 0.0000000000000000000, -0.0000000000000000000, 1.000000000000000000 ) ) ;
#4249 = ORIENTED_EDGE ( 'NONE', *, *, #4495, .T. ) ;
#4250 = AXIS2_PLACEMENT_3D ( 'NONE', #9406, #1216, #5633 ) ;
#4251 = ORIENTED_EDGE ( 'NONE', *, *, #5712, .T. ) ;
#4252 = ORIENTED_EDGE ( 'NONE', *, *, #8626, .F. ) ;
#4253 = CARTESIAN_POINT ( 'NONE',  ( -6.624999999999997300, 2.899999999999986600, 6.700000000000002000 ) ) ;
#4254 = VERTEX_POINT ( 'NONE', #9372 ) ;
#4255 = DIRECTION ( 'NONE',  ( -8.075993836018658100E-017, 0.0000000000000000000, -1.000000000000000000 ) ) ;
#4256 = VECTOR ( 'NONE', #3111, 1000.000000000000000 ) ;
#4258 = EDGE_CURVE ( 'NONE', #5177, #7954, #5060, .T. ) ;
#4257 = LINE ( 'NONE', #520, #949 ) ;
#4259 = PLANE ( 'NONE',  #3613 ) ;
#4260 = EDGE_CURVE ( 'NONE', #848, #6796, #1867, .T. ) ;
#4261 = ORIENTED_EDGE ( 'NONE', *, *, #6294, .F. ) ;
#4262 = ORIENTED_EDGE ( 'NONE', *, *, #4332, .F. ) ;
#4263 = CARTESIAN_POINT ( 'NONE',  ( 6.625000000000000000, 12.49999999999999800, 8.040000000000000900 ) ) ;
#4264 = AXIS2_PLACEMENT_3D ( 'NONE', #3894, #3997, #5422 ) ;
#4265 = DIRECTION ( 'NONE',  ( -1.000000000000000000, 0.0000000000000000000, 0.0000000000000000000 ) ) ;
#4266 = LINE ( 'NONE', #9325, #2257 ) ;
#4267 = DIRECTION ( 'NONE',  ( 0.0000000000000000000, -0.0000000000000000000, -1.000000000000000000 ) ) ;
#4268 = DIRECTION ( 'NONE',  ( 0.9396926207859095400, 0.3420201433256658300, -0.0000000000000000000 ) ) ;
#4269 = CARTESIAN_POINT ( 'NONE',  ( -6.567327451886728600, 3.343911293286547300, 3.300000000000000700 ) ) ;
#4270 = ADVANCED_FACE ( 'NONE', ( #2335 ), #4827, .F. ) ;
#4271 = VERTEX_POINT ( 'NONE', #4860 ) ;
#4272 = EDGE_CURVE ( 'NONE', #2095, #6006, #2820, .T. ) ;
#4273 = EDGE_LOOP ( 'NONE', ( #4994, #426, #5351, #8257 ) ) ;
#4274 = VECTOR ( 'NONE', #3480, 1000.000000000000100 ) ;
#4275 = DIRECTION ( 'NONE',  ( 0.0000000000000000000, 1.000000000000000000, 0.0000000000000000000 ) ) ;
#4276 = CARTESIAN_POINT ( 'NONE',  ( -6.624999999999998200, -1.656610674714111600, 1.799999999999998700 ) ) ;
#4277 = SURFACE_STYLE_USAGE ( .BOTH. , #8824 ) ;
#4278 = CARTESIAN_POINT ( 'NONE',  ( -1.022794046853239700, -3.480000000000000000, 6.222794046853240800 ) ) ;
#4279 = DIRECTION ( 'NONE',  ( 1.000000000000000000, -2.556604186739367600E-028, 8.926335808808728500E-043 ) ) ;
#4280 = VERTEX_POINT ( 'NONE', #2722 ) ;
#4281 = ORIENTED_EDGE ( 'NONE', *, *, #4062, .T. ) ;
#4282 = AXIS2_PLACEMENT_3D ( 'NONE', #3626, #6720, #6589 ) ;
#4283 = EDGE_LOOP ( 'NONE', ( #8781, #2288, #4184 ) ) ;
#4284 = DIRECTION ( 'NONE',  ( 0.0000000000000000000, 0.0000000000000000000, 1.000000000000000000 ) ) ;
#4285 = FACE_OUTER_BOUND ( 'NONE', #1306, .T. ) ;
#4286 = FACE_BOUND ( 'NONE', #809, .T. ) ;
#4287 = EDGE_CURVE ( 'NONE', #2122, #118, #9211, .T. ) ;
#4288 = EDGE_LOOP ( 'NONE', ( #7356, #7539, #1016, #536, #3055, #7609 ) ) ;
#4289 = ORIENTED_EDGE ( 'NONE', *, *, #1354, .T. ) ;
#4290 = CARTESIAN_POINT ( 'NONE',  ( 6.521446609406726900, 12.75000000000000200, 8.040000000000000900 ) ) ;
#4291 = VECTOR ( 'NONE', #3563, 1000.000000000000100 ) ;
#4292 = VECTOR ( 'NONE', #2719, 1000.000000000000000 ) ;
#4293 = AXIS2_PLACEMENT_3D ( 'NONE', #287, #2431, #214 ) ;
#4294 = ORIENTED_EDGE ( 'NONE', *, *, #4607, .T. ) ;
#4295 = CARTESIAN_POINT ( 'NONE',  ( -1.577205953146756800, -3.480000000000000000, 3.877205953146760200 ) ) ;
#4296 = CARTESIAN_POINT ( 'NONE',  ( -3.749999999999998200, 0.0000000000000000000, 6.450000000000000200 ) ) ;
#4297 = CARTESIAN_POINT ( 'NONE',  ( -6.816984835575373000, 3.356995282347282800, 8.040000000000000900 ) ) ;
#4298 = VERTEX_POINT ( 'NONE', #474 ) ;
#4299 = CARTESIAN_POINT ( 'NONE',  ( 6.875000000000000000, 12.49999999999999800, 8.040000000000000900 ) ) ;
#4300 = VERTEX_POINT ( 'NONE', #5634 ) ;
#4301 = CARTESIAN_POINT ( 'NONE',  ( 6.500000000000005300, 4.999999999999997300, 7.800000000000018500 ) ) ;
#4302 = DIRECTION ( 'NONE',  ( 1.000000000000000000, 0.0000000000000000000, -0.0000000000000000000 ) ) ;
#4303 = VECTOR ( 'NONE', #3257, 1000.000000000000000 ) ;
#4304 = DIRECTION ( 'NONE',  ( 0.4385323276481791200, 0.8987154152497163200, 0.0000000000000000000 ) ) ;
#4305 = UNCERTAINTY_MEASURE_WITH_UNIT (LENGTH_MEASURE( 1.000000000000000100E-005 ), #7776, 'distance_accuracy_value', 'NONE');
#4306 = EDGE_CURVE ( 'NONE', #2913, #3447, #3976, .T. ) ;
#4307 = CARTESIAN_POINT ( 'NONE',  ( 6.875000000000000000, 13.00000000000000000, 3.300000000000000700 ) ) ;
#4308 = EDGE_LOOP ( 'NONE', ( #6894, #6899, #3707, #8566 ) ) ;
#4309 = AXIS2_PLACEMENT_3D ( 'NONE', #3921, #5416, #6897 ) ;
#4310 = LINE ( 'NONE', #378, #422 ) ;
#4311 = DIRECTION ( 'NONE',  ( -1.000000000000000000, -1.334402673828313600E-016, -0.0000000000000000000 ) ) ;
#4312 = DIRECTION ( 'NONE',  ( 0.0000000000000000000, 0.0000000000000000000, 1.000000000000000000 ) ) ;
#4313 = DIRECTION ( 'NONE',  ( -1.000000000000000000, -1.334402673828313600E-016, 0.0000000000000000000 ) ) ;
#4314 = VECTOR ( 'NONE', #8411, 1000.000000000000000 ) ;
#4315 = CARTESIAN_POINT ( 'NONE',  ( 1.030211586339642600, -1.613083989060736000, -0.1250000000000000000 ) ) ;
#4316 = EDGE_CURVE ( 'NONE', #858, #2294, #193, .T. ) ;
#4317 = ADVANCED_FACE ( 'NONE', ( #6963 ), #8814, .T. ) ;
#4318 = ORIENTED_EDGE ( 'NONE', *, *, #7541, .F. ) ;
#4319 = CARTESIAN_POINT ( 'NONE',  ( -6.374999999999999100, 12.75000000000000000, 8.050000000000000700 ) ) ;
#4320 = EDGE_LOOP ( 'NONE', ( #3771, #7719, #8913, #1873 ) ) ;
#4321 = CARTESIAN_POINT ( 'NONE',  ( -0.9499999999999986200, -3.279999999999996300, 6.150000000000000400 ) ) ;
#4322 = LINE ( 'NONE', #8715, #6833 ) ;
#4323 = LINE ( 'NONE', #1806, #4913 ) ;
#4324 = FACE_OUTER_BOUND ( 'NONE', #9025, .T. ) ;
#4325 = CARTESIAN_POINT ( 'NONE',  ( -1.000000000000000000, 12.11159513863927900, 4.485059523282288300 ) ) ;
#4326 = ORIENTED_EDGE ( 'NONE', *, *, #4375, .F. ) ;
#4327 = AXIS2_PLACEMENT_3D ( 'NONE', #7710, #1679, #8258 ) ;
#4328 = LINE ( 'NONE', #6024, #4928 ) ;
#4329 = DIRECTION ( 'NONE',  ( 0.0000000000000000000, -1.000000000000000000, 3.491481338843134100E-015 ) ) ;
#4330 = ORIENTED_EDGE ( 'NONE', *, *, #3113, .F. ) ;
#4331 = VECTOR ( 'NONE', #9590, 1000.000000000000000 ) ;
#4332 = EDGE_CURVE ( 'NONE', #8182, #3603, #4935, .T. ) ;
#4333 = LINE ( 'NONE', #7107, #6008 ) ;
#4334 = LINE ( 'NONE', #5892, #5639 ) ;
#4335 = DIRECTION ( 'NONE',  ( 0.0000000000000000000, 1.000000000000000000, 0.0000000000000000000 ) ) ;
#4336 = EDGE_CURVE ( 'NONE', #2712, #2712, #443, .T. ) ;
#4337 = DIRECTION ( 'NONE',  ( 1.000000000000000000, 0.0000000000000000000, -0.0000000000000000000 ) ) ;
#4338 = DIRECTION ( 'NONE',  ( 0.0000000000000000000, 2.551063935260010000E-016, -1.000000000000000000 ) ) ;
#4339 = PLANE ( 'NONE',  #1303 ) ;
#4340 = ORIENTED_EDGE ( 'NONE', *, *, #8892, .T. ) ;
#4341 = FACE_OUTER_BOUND ( 'NONE', #2010, .T. ) ;
#4342 = ORIENTED_EDGE ( 'NONE', *, *, #4287, .T. ) ;
#4343 = VECTOR ( 'NONE', #7202, 1000.000000000000000 ) ;
#4344 = VECTOR ( 'NONE', #900, 1000.000000000000000 ) ;
#4345 = PLANE ( 'NONE',  #4596 ) ;
#4346 = VERTEX_POINT ( 'NONE', #6402 ) ;
#4347 = ADVANCED_FACE ( 'NONE', ( #9317 ), #2696, .F. ) ;
#4348 = CARTESIAN_POINT ( 'NONE',  ( 6.625000000000000000, 4.999999999999998200, 8.040000000000000900 ) ) ;
#4349 = DIRECTION ( 'NONE',  ( 0.0000000000000000000, 0.0000000000000000000, -1.000000000000000000 ) ) ;
#4350 = DIRECTION ( 'NONE',  ( -1.000000000000000000, 0.0000000000000000000, 0.0000000000000000000 ) ) ;
#4351 = PLANE ( 'NONE',  #2884 ) ;
#4352 = CARTESIAN_POINT ( 'NONE',  ( -1.649999999999998600, -7.721577310586390300, 6.150000000000000400 ) ) ;
#4353 = EDGE_LOOP ( 'NONE', ( #8548, #5088, #8708, #5385 ) ) ;
#4354 = EDGE_CURVE ( 'NONE', #4763, #7502, #8479, .T. ) ;
#4355 = CARTESIAN_POINT ( 'NONE',  ( 5.800000000000000700, 0.0000000000000000000, 0.1250000000000001100 ) ) ;
#4356 = EDGE_LOOP ( 'NONE', ( #5072, #6085, #1922, #9160 ) ) ;
#4357 = DIRECTION ( 'NONE',  ( 1.000000000000000000, 0.0000000000000000000, 0.0000000000000000000 ) ) ;
#4358 = DIRECTION ( 'NONE',  ( 0.0000000000000000000, 0.0000000000000000000, -1.000000000000000000 ) ) ;
#4359 = AXIS2_PLACEMENT_3D ( 'NONE', #418, #1194, #3354 ) ;
#4360 = ORIENTED_EDGE ( 'NONE', *, *, #8174, .T. ) ;
#4361 = CARTESIAN_POINT ( 'NONE',  ( -6.624999999999998200, 2.236907039215393100, 8.040000000000000900 ) ) ;
#4362 = CARTESIAN_POINT ( 'NONE',  ( -6.374999999999999100, 2.236907039215393100, 3.300000000000000700 ) ) ;
#4363 = ORIENTED_EDGE ( 'NONE', *, *, #3501, .T. ) ;
#4364 = EDGE_CURVE ( 'NONE', #9609, #9074, #5518, .T. ) ;
#4365 = VERTEX_POINT ( 'NONE', #509 ) ;
#4366 =( LENGTH_UNIT ( ) NAMED_UNIT ( * ) SI_UNIT ( .MILLI., .METRE. ) );
#4367 = DIRECTION ( 'NONE',  ( 1.000000000000000000, -0.0000000000000000000, -0.0000000000000000000 ) ) ;
#4368 = ADVANCED_FACE ( 'NONE', ( #924 ), #2028, .F. ) ;
#4369 = CARTESIAN_POINT ( 'NONE',  ( -6.874999999999998200, 2.149999999999985300, 8.040000000000000900 ) ) ;
#4370 = ORIENTED_EDGE ( 'NONE', *, *, #7510, .F. ) ;
#4371 = LINE ( 'NONE', #7928, #6398 ) ;
#4372 = EDGE_CURVE ( 'NONE', #1755, #5392, #7324, .T. ) ;
#4373 = VERTEX_POINT ( 'NONE', #7505 ) ;
#4374 = CARTESIAN_POINT ( 'NONE',  ( 6.625000000000000900, 3.499999999999987600, 8.040000000000000900 ) ) ;
#4375 = EDGE_CURVE ( 'NONE', #7941, #5380, #3760, .T. ) ;
#4376 = ORIENTED_EDGE ( 'NONE', *, *, #2675, .F. ) ;
#4377 = CARTESIAN_POINT ( 'NONE',  ( -7.000000000000006200, 3.499999999999985300, 1.950000000000000800 ) ) ;
#4378 = ORIENTED_EDGE ( 'NONE', *, *, #6313, .F. ) ;
#4379 = CARTESIAN_POINT ( 'NONE',  ( 6.625000000000000000, 12.49999999999999800, -2.699999999999999300 ) ) ;
#4380 = VERTEX_POINT ( 'NONE', #99 ) ;
#4381 = FACE_OUTER_BOUND ( 'NONE', #4288, .T. ) ;
#4382 = FACE_OUTER_BOUND ( 'NONE', #3347, .T. ) ;
#4383 = CARTESIAN_POINT ( 'NONE',  ( -6.874999999999998200, 2.149999999999985300, 1.950000000000000600 ) ) ;
#4384 = CIRCLE ( 'NONE', #9100, 3.850000000000000100 ) ;
#4385 = DIRECTION ( 'NONE',  ( 0.0000000000000000000, 0.0000000000000000000, 1.000000000000000000 ) ) ;
#4386 = DIRECTION ( 'NONE',  ( 0.0000000000000000000, 0.3420201433256658300, 0.9396926207859095400 ) ) ;
#4387 = ORIENTED_EDGE ( 'NONE', *, *, #171, .T. ) ;
#4388 = ORIENTED_EDGE ( 'NONE', *, *, #865, .F. ) ;
#4389 = CARTESIAN_POINT ( 'NONE',  ( 6.999634735074468300, 3.951228813125868800, 5.866770532438733800 ) ) ;
#4390 = VERTEX_POINT ( 'NONE', #810 ) ;
#4391 = FACE_OUTER_BOUND ( 'NONE', #5513, .T. ) ;
#4392 = CARTESIAN_POINT ( 'NONE',  ( 6.749937587613136000, 3.961513713619297100, 5.853949582435068200 ) ) ;
#4393 = EDGE_CURVE ( 'NONE', #8675, #8758, #6977, .T. ) ;
#4394 = ADVANCED_FACE ( 'NONE', ( #6504 ), #4559, .F. ) ;
#4395 = CARTESIAN_POINT ( 'NONE',  ( -7.000000000000005300, 1.899999999999998100, 7.800000000000029100 ) ) ;
#4396 = EDGE_LOOP ( 'NONE', ( #1488, #7444, #325, #3318 ) ) ;
#4397 = ORIENTED_EDGE ( 'NONE', *, *, #8417, .F. ) ;
#4398 = CARTESIAN_POINT ( 'NONE',  ( -0.9499999999999977400, -3.279999999999996300, 3.650000000000001200 ) ) ;
#4399 = EDGE_LOOP ( 'NONE', ( #7912, #8276, #20, #6126 ) ) ;
#4400 = DIRECTION ( 'NONE',  ( -1.334402673828313600E-016, -1.000000000000000000, -2.551063935260010000E-016 ) ) ;
#4401 = VECTOR ( 'NONE', #4313, 1000.000000000000000 ) ;
#4402 = AXIS2_PLACEMENT_3D ( 'NONE', #3401, #8037, #1223 ) ;
#4403 = CARTESIAN_POINT ( 'NONE',  ( 6.625000000000001800, 2.224999999999987200, 3.450000000000000600 ) ) ;
#4404 = EDGE_CURVE ( 'NONE', #4254, #2882, #8019, .T. ) ;
#4405 = ORIENTED_EDGE ( 'NONE', *, *, #9263, .T. ) ;
#4406 = ORIENTED_EDGE ( 'NONE', *, *, #3110, .T. ) ;
#4407 = VECTOR ( 'NONE', #585, 1000.000000000000100 ) ;
#4408 = CARTESIAN_POINT ( 'NONE',  ( -6.624999999999998200, -2.501847198195502800, -0.01261557407330343400 ) ) ;
#4409 = DIRECTION ( 'NONE',  ( -0.4896926261707817400, -6.134742863175384300E-016, 0.8718951381180899400 ) ) ;
#4410 = DIRECTION ( 'NONE',  ( -4.727448570154208000E-031, 3.542745126994888700E-015, 1.000000000000000000 ) ) ;
#4411 = ORIENTED_EDGE ( 'NONE', *, *, #7660, .T. ) ;
#4412 = AXIS2_PLACEMENT_3D ( 'NONE', #930, #8541, #7001 ) ;
#4413 = ORIENTED_EDGE ( 'NONE', *, *, #2312, .T. ) ;
#4414 = VECTOR ( 'NONE', #8409, 1000.000000000000000 ) ;
#4415 = ADVANCED_FACE ( 'NONE', ( #4953 ), #6098, .F. ) ;
#4416 = LINE ( 'NONE', #3736, #5853 ) ;
#4417 = CARTESIAN_POINT ( 'NONE',  ( 6.625000000000001800, 2.899999999999986100, 8.039999999999995600 ) ) ;
#4418 = DIRECTION ( 'NONE',  ( 0.0000000000000000000, 0.0000000000000000000, -1.000000000000000000 ) ) ;
#4419 = CARTESIAN_POINT ( 'NONE',  ( 6.733986892264766800, 3.949999999999988200, 5.911211578271352400 ) ) ;
#4420 = EDGE_CURVE ( 'NONE', #6256, #3999, #6740, .T. ) ;
#4421 = DIRECTION ( 'NONE',  ( 0.0000000000000000000, 5.204170427930424200E-016, -1.000000000000000000 ) ) ;
#4422 = ORIENTED_EDGE ( 'NONE', *, *, #8390, .F. ) ;
#4423 = ORIENTED_EDGE ( 'NONE', *, *, #3239, .T. ) ;
#4424 = VECTOR ( 'NONE', #1438, 1000.000000000000000 ) ;
#4425 = DIRECTION ( 'NONE',  ( -0.3090169943749485100, -0.9510565162951532000, 0.0000000000000000000 ) ) ;
#4426 = LINE ( 'NONE', #2798, #162 ) ;
#4427 = AXIS2_PLACEMENT_3D ( 'NONE', #4463, #5857, #9141 ) ;
#4428 = MANIFOLD_SOLID_BREP ( 'Chamfer4', #830 ) ;
#4429 = DIRECTION ( 'NONE',  ( 0.0000000000000000000, 0.0000000000000000000, -1.000000000000000000 ) ) ;
#4430 = VERTEX_POINT ( 'NONE', #7540 ) ;
#4431 = CARTESIAN_POINT ( 'NONE',  ( 6.625000000000000000, 12.50000000000000700, -2.699999999999999300 ) ) ;
#4432 = PLANE ( 'NONE',  #9129 ) ;
#4433 = ORIENTED_EDGE ( 'NONE', *, *, #7668, .F. ) ;
#4434 = VERTEX_POINT ( 'NONE', #7753 ) ;
#4435 = VECTOR ( 'NONE', #6540, 1000.000000000000000 ) ;
#4436 = EDGE_CURVE ( 'NONE', #8315, #4365, #1881, .T. ) ;
#4437 = LINE ( 'NONE', #3693, #6218 ) ;
#4438 = LINE ( 'NONE', #7073, #8225 ) ;
#4439 = ORIENTED_EDGE ( 'NONE', *, *, #2143, .F. ) ;
#4440 = CARTESIAN_POINT ( 'NONE',  ( 6.424999999999999800, 2.149999999999987000, 3.450000000000000600 ) ) ;
#4441 = DIRECTION ( 'NONE',  ( -1.022211753169290700E-016, 0.7660444431189817900, -0.6427876096865348100 ) ) ;
#4442 = AXIS2_PLACEMENT_3D ( 'NONE', #3580, #8885, #4350 ) ;
#4443 = ADVANCED_FACE ( 'NONE', ( #3643 ), #6180, .T. ) ;
#4444 = DIRECTION ( 'NONE',  ( -1.000000000000000000, -2.556604186739367600E-028, 8.926335808808728500E-043 ) ) ;
#4445 = ORIENTED_EDGE ( 'NONE', *, *, #201, .F. ) ;
#4446 = CARTESIAN_POINT ( 'NONE',  ( 6.625000000000000900, 3.974999999999987200, 5.875000000000000000 ) ) ;
#4447 = LINE ( 'NONE', #4892, #8464 ) ;
#4448 = LINE ( 'NONE', #5951, #8601 ) ;
#4449 = CARTESIAN_POINT ( 'NONE',  ( 3.677205953146760900, -3.480000000000000000, 3.877205953146760200 ) ) ;
#4450 = CIRCLE ( 'NONE', #2321, 0.7500000000000041100 ) ;
#4451 = EDGE_CURVE ( 'NONE', #1838, #7533, #5190, .T. ) ;
#4452 = ORIENTED_EDGE ( 'NONE', *, *, #7724, .F. ) ;
#4453 = VECTOR ( 'NONE', #2541, 1000.000000000000000 ) ;
#4455 = DIRECTION ( 'NONE',  ( 0.0000000000000000000, 0.0000000000000000000, -1.000000000000000000 ) ) ;
#4454 = FILL_AREA_STYLE_COLOUR ( '', #2249 ) ;
#4456 = VERTEX_POINT ( 'NONE', #916 ) ;
#4457 = DIRECTION ( 'NONE',  ( 0.0000000000000000000, 0.0000000000000000000, 1.000000000000000000 ) ) ;
#4458 = LINE ( 'NONE', #2023, #8243 ) ;
#4459 = DIRECTION ( 'NONE',  ( -0.0000000000000000000, 1.000000000000000000, -0.0000000000000000000 ) ) ;
#4460 = LINE ( 'NONE', #1669, #3378 ) ;
#4461 = EDGE_LOOP ( 'NONE', ( #7171, #3304, #5996, #6891 ) ) ;
#4462 = CARTESIAN_POINT ( 'NONE',  ( 7.000000000000005300, 4.549999999999986500, 4.749999999999984900 ) ) ;
#4463 = CARTESIAN_POINT ( 'NONE',  ( 6.424999999999999800, 3.999999999999987100, 6.700000000000000200 ) ) ;
#4464 = ORIENTED_EDGE ( 'NONE', *, *, #97, .F. ) ;
#4465 = LINE ( 'NONE', #6546, #8607 ) ;
#4466 = CARTESIAN_POINT ( 'NONE',  ( -6.424999999999997200, 3.999999999999987100, 5.850000000000002300 ) ) ;
#4467 = EDGE_CURVE ( 'NONE', #3070, #5873, #334, .T. ) ;
#4468 = DIRECTION ( 'NONE',  ( 1.000000000000000000, 0.0000000000000000000, -0.0000000000000000000 ) ) ;
#4469 = ADVANCED_FACE ( 'NONE', ( #1644 ), #7110, .T. ) ;
#4470 = FILL_AREA_STYLE_COLOUR ( '', #8692 ) ;
#4471 = ORIENTED_EDGE ( 'NONE', *, *, #7286, .T. ) ;
#4472 = AXIS2_PLACEMENT_3D ( 'NONE', #7652, #5405, #5462 ) ;
#4473 = DIRECTION ( 'NONE',  ( -0.9986295347545739400, 0.05233595624294443100, 0.0000000000000000000 ) ) ;
#4474 = DIRECTION ( 'NONE',  ( 0.0000000000000000000, 1.000000000000000000, 0.0000000000000000000 ) ) ;
#4475 = CARTESIAN_POINT ( 'NONE',  ( -6.625000000000000900, 3.949999999999987300, 5.850000000000001400 ) ) ;
#4476 = CARTESIAN_POINT ( 'NONE',  ( -3.677205953146756900, -3.480000000000000000, 6.222794046853240800 ) ) ;
#4477 = DIRECTION ( 'NONE',  ( 1.000000000000000000, 1.334402673828313600E-016, -0.0000000000000000000 ) ) ;
#4478 = VERTEX_POINT ( 'NONE', #8455 ) ;
#4479 = DIRECTION ( 'NONE',  ( -1.334402673828313600E-016, -1.000000000000000000, -2.551063935260010000E-016 ) ) ;
#4480 = CARTESIAN_POINT ( 'NONE',  ( 6.750000000000005300, 2.098616088517479400, 7.800000000000029100 ) ) ;
#4481 = EDGE_CURVE ( 'NONE', #4298, #8810, #7872, .T. ) ;
#4482 = ORIENTED_EDGE ( 'NONE', *, *, #3557, .T. ) ;
#4484 = DIRECTION ( 'NONE',  ( 1.296989514749014200E-016, 0.0000000000000000000, 1.000000000000000000 ) ) ;
#4483 = CARTESIAN_POINT ( 'NONE',  ( -0.4999999999999998900, 0.8219721733686430300, -0.1250000000000001100 ) ) ;
#4485 = CARTESIAN_POINT ( 'NONE',  ( -7.000000000000006200, 3.349999999999985400, 2.100000000000000500 ) ) ;
#4486 = FACE_OUTER_BOUND ( 'NONE', #240, .T. ) ;
#4487 = ORIENTED_EDGE ( 'NONE', *, *, #765, .F. ) ;
#4488 = CARTESIAN_POINT ( 'NONE',  ( 6.999890330962818700, 3.955286041221009800, 5.859373740634693700 ) ) ;
#4489 = AXIS2_PLACEMENT_3D ( 'NONE', #7102, #5464, #1056 ) ;
#4490 = DIRECTION ( 'NONE',  ( 1.000000000000000000, 0.0000000000000000000, 0.0000000000000000000 ) ) ;
#4491 = ORIENTED_EDGE ( 'NONE', *, *, #8367, .T. ) ;
#4492 = ADVANCED_FACE ( 'NONE', ( #3638 ), #5903, .F. ) ;
#4493 = EDGE_LOOP ( 'NONE', ( #133, #2868, #2813, #5198 ) ) ;
#4494 = EDGE_LOOP ( 'NONE', ( #9239, #2453, #3545, #3153 ) ) ;
#4495 = EDGE_CURVE ( 'NONE', #3586, #4713, #452, .T. ) ;
#4496 = CARTESIAN_POINT ( 'NONE',  ( -6.374999999999999100, 12.49999999999999600, -2.699999999999999300 ) ) ;
#4497 = SURFACE_STYLE_FILL_AREA ( #7562 ) ;
#4498 = EDGE_LOOP ( 'NONE', ( #61, #6302, #8006, #3828 ) ) ;
#4499 = VECTOR ( 'NONE', #5141, 1000.000000000000000 ) ;
#4500 = CARTESIAN_POINT ( 'NONE',  ( -6.624999999999999100, 12.49999999999999300, -2.699999999999999300 ) ) ;
#4501 = AXIS2_PLACEMENT_3D ( 'NONE', #874, #4733, #7657 ) ;
#4502 = ORIENTED_EDGE ( 'NONE', *, *, #3570, .F. ) ;
#4503 = ORIENTED_EDGE ( 'NONE', *, *, #4336, .F. ) ;
#4504 = VECTOR ( 'NONE', #4647, 1000.000000000000000 ) ;
#4506 = EDGE_CURVE ( 'NONE', #5538, #8510, #2109, .T. ) ;
#4505 = FACE_BOUND ( 'NONE', #8077, .T. ) ;
#4507 = DIRECTION ( 'NONE',  ( 0.0000000000000000000, 0.0000000000000000000, 1.000000000000000000 ) ) ;
#4508 = EDGE_CURVE ( 'NONE', #7587, #4373, #8619, .T. ) ;
#4509 = DIRECTION ( 'NONE',  ( 1.000000000000000000, 1.334402673828313600E-016, -0.0000000000000000000 ) ) ;
#4510 = CARTESIAN_POINT ( 'NONE',  ( 7.000000000000005300, 1.899999999999988800, 5.199999999999995700 ) ) ;
#4511 = ORIENTED_EDGE ( 'NONE', *, *, #755, .T. ) ;
#4512 = DIRECTION ( 'NONE',  ( 0.0000000000000000000, -0.0000000000000000000, 1.000000000000000000 ) ) ;
#4513 = ORIENTED_EDGE ( 'NONE', *, *, #145, .T. ) ;
#4514 = LINE ( 'NONE', #1943, #1224 ) ;
#4515 =( GEOMETRIC_REPRESENTATION_CONTEXT ( 3 ) GLOBAL_UNCERTAINTY_ASSIGNED_CONTEXT ( ( #4606 ) ) GLOBAL_UNIT_ASSIGNED_CONTEXT ( ( #782, #59, #6091 ) ) REPRESENTATION_CONTEXT ( 'NONE', 'WORKASPACE' ) );
#4516 = ADVANCED_FACE ( 'NONE', ( #3865 ), #3510, .T. ) ;
#4517 = CARTESIAN_POINT ( 'NONE',  ( -6.999999999999999100, 0.0000000000000000000, -23.80497317454280200 ) ) ;
#4518 = DIRECTION ( 'NONE',  ( -1.309225264888156900E-016, 0.0000000000000000000, -1.000000000000000000 ) ) ;
#4519 = CARTESIAN_POINT ( 'NONE',  ( 3.677205953146759600, -3.480000000000000000, 6.222794046853240800 ) ) ;
#4520 = CARTESIAN_POINT ( 'NONE',  ( 3.122794046853241600, -3.480000000000000000, 6.222794046853240800 ) ) ;
#4521 = CARTESIAN_POINT ( 'NONE',  ( 0.0000000000000000000, -3.799999999999999800, 1.007276981136500800 ) ) ;
#4522 = EDGE_LOOP ( 'NONE', ( #7268, #4491, #5481, #7326, #808, #7554, #1203, #7216, #986, #7114, #2170, #6892, #1333, #6837 ) ) ;
#4523 = ORIENTED_EDGE ( 'NONE', *, *, #1338, .T. ) ;
#4524 = CARTESIAN_POINT ( 'NONE',  ( -7.000000000000005300, 2.349999999999989000, 5.199999999999993100 ) ) ;
#4525 = LINE ( 'NONE', #4321, #504 ) ;
#4526 = EDGE_CURVE ( 'NONE', #2848, #4254, #4228, .T. ) ;
#4527 = LINE ( 'NONE', #5409, #9264 ) ;
#4528 = CIRCLE ( 'NONE', #5186, 0.2500000000000002200 ) ;
#4529 = DIRECTION ( 'NONE',  ( 0.0000000000000000000, 0.0000000000000000000, 1.000000000000000000 ) ) ;
#4530 = CARTESIAN_POINT ( 'NONE',  ( -6.424999999999998000, 2.149999999999987000, 1.950000000000001700 ) ) ;
#4531 = ORIENTED_EDGE ( 'NONE', *, *, #5221, .F. ) ;
#4532 = CARTESIAN_POINT ( 'NONE',  ( -1.577205953146757700, -3.480000000000000000, 6.377205953146758900 ) ) ;
#4533 = VECTOR ( 'NONE', #4891, 1000.000000000000000 ) ;
#4534 = AXIS2_PLACEMENT_3D ( 'NONE', #7999, #468, #8807 ) ;
#4535 = VECTOR ( 'NONE', #8843, 1000.000000000000000 ) ;
#4536 = CYLINDRICAL_SURFACE ( 'NONE', #6675, 0.02499999999999984900 ) ;
#4537 = DIRECTION ( 'NONE',  ( -1.000000000000000000, 0.0000000000000000000, 0.0000000000000000000 ) ) ;
#4538 = CIRCLE ( 'NONE', #5554, 0.2500000000000002200 ) ;
#4539 = ORIENTED_EDGE ( 'NONE', *, *, #3058, .F. ) ;
#4540 = ORIENTED_EDGE ( 'NONE', *, *, #1181, .F. ) ;
#4541 = ORIENTED_EDGE ( 'NONE', *, *, #5062, .T. ) ;
#4542 = CARTESIAN_POINT ( 'NONE',  ( 6.424999999999999800, 2.899999999999986600, 6.700000000000000200 ) ) ;
#4543 = CIRCLE ( 'NONE', #258, 0.5000000000000002200 ) ;
#4544 = EDGE_LOOP ( 'NONE', ( #393, #2061, #2273, #1604 ) ) ;
#4545 = PLANE ( 'NONE',  #5446 ) ;
#4546 = FACE_BOUND ( 'NONE', #1324, .T. ) ;
#4547 = CARTESIAN_POINT ( 'NONE',  ( -6.500000000000005300, 4.999999999999997300, 7.800000000000018500 ) ) ;
#4548 = CARTESIAN_POINT ( 'NONE',  ( 3.750000000000000900, -3.279999999999996300, 6.450000000000000200 ) ) ;
#4549 = AXIS2_PLACEMENT_3D ( 'NONE', #5191, #8941, #7371 ) ;
#4550 = ORIENTED_EDGE ( 'NONE', *, *, #5360, .F. ) ;
#4551 = DIRECTION ( 'NONE',  ( -1.000000000000000000, 0.0000000000000000000, 0.0000000000000000000 ) ) ;
#4552 = VECTOR ( 'NONE', #1128, 1000.000000000000100 ) ;
#4553 = VECTOR ( 'NONE', #9195, 1000.000000000000000 ) ;
#4554 = DIRECTION ( 'NONE',  ( 1.000000000000000000, 0.0000000000000000000, 0.0000000000000000000 ) ) ;
#4555 = PLANE ( 'NONE',  #3812 ) ;
#4556 = EDGE_CURVE ( 'NONE', #1371, #1174, #1739, .T. ) ;
#4557 = CARTESIAN_POINT ( 'NONE',  ( 0.0000000000000000000, 6.500000000000000000, 0.1250000000000000000 ) ) ;
#4558 = ORIENTED_EDGE ( 'NONE', *, *, #4698, .F. ) ;
#4559 = PLANE ( 'NONE',  #496 ) ;
#4560 = EDGE_LOOP ( 'NONE', ( #9162, #8564, #3423, #7019 ) ) ;
#4561 = ORIENTED_EDGE ( 'NONE', *, *, #1298, .T. ) ;
#4562 = FACE_OUTER_BOUND ( 'NONE', #2370, .T. ) ;
#4563 = FACE_OUTER_BOUND ( 'NONE', #3370, .T. ) ;
#4564 = DIRECTION ( 'NONE',  ( 0.0000000000000000000, 0.0000000000000000000, 1.000000000000000000 ) ) ;
#4565 = ORIENTED_EDGE ( 'NONE', *, *, #5848, .F. ) ;
#4566 = FACE_OUTER_BOUND ( 'NONE', #1967, .T. ) ;
#4567 = ADVANCED_FACE ( 'NONE', ( #4486 ), #9527, .F. ) ;
#4568 = EDGE_CURVE ( 'NONE', #3993, #6647, #1516, .T. ) ;
#4569 = CARTESIAN_POINT ( 'NONE',  ( -1.649999999999998600, -7.721577310586390300, 6.450000000000000200 ) ) ;
#4570 = EDGE_CURVE ( 'NONE', #7357, #5380, #3388, .T. ) ;
#4571 = VERTEX_POINT ( 'NONE', #9660 ) ;
#4572 = LINE ( 'NONE', #1429, #8121 ) ;
#4573 = CARTESIAN_POINT ( 'NONE',  ( -6.625000000000000900, 3.949999999999987300, 5.850000000000001400 ) ) ;
#4574 = LINE ( 'NONE', #1941, #9202 ) ;
#4575 = FACE_OUTER_BOUND ( 'NONE', #1768, .T. ) ;
#4576 = EDGE_LOOP ( 'NONE', ( #5802, #3785, #8533, #7071 ) ) ;
#4577 = DIRECTION ( 'NONE',  ( 0.0000000000000000000, -0.0000000000000000000, 1.000000000000000000 ) ) ;
#4578 = VECTOR ( 'NONE', #8654, 1000.000000000000000 ) ;
#4579 = DIRECTION ( 'NONE',  ( 0.0000000000000000000, -1.000000000000000000, 3.491481338843134100E-015 ) ) ;
#4580 = CARTESIAN_POINT ( 'NONE',  ( 0.0000000000000000000, 0.0000000000000000000, 0.1250000000000000000 ) ) ;
#4581 = ORIENTED_EDGE ( 'NONE', *, *, #7361, .T. ) ;
#4582 = LINE ( 'NONE', #7646, #4098 ) ;
#4583 = DIRECTION ( 'NONE',  ( 1.334402673828313600E-016, 1.000000000000000000, 2.551063935260010000E-016 ) ) ;
#4584 = CIRCLE ( 'NONE', #8329, 0.2500000000000002200 ) ;
#4585 = EDGE_CURVE ( 'NONE', #1613, #8689, #6320, .T. ) ;
#4586 = CARTESIAN_POINT ( 'NONE',  ( 7.000000000000005300, 4.999999999999997300, 7.800000000000018500 ) ) ;
#4587 = CARTESIAN_POINT ( 'NONE',  ( -6.500000000000042600, 4.999999999999999100, 8.300000000000018500 ) ) ;
#4588 = CARTESIAN_POINT ( 'NONE',  ( -6.374999999999999100, 12.75000000000000200, 8.300000000000000700 ) ) ;
#4589 = ORIENTED_EDGE ( 'NONE', *, *, #5116, .F. ) ;
#4590 = DIRECTION ( 'NONE',  ( -1.000000000000000000, -1.334402673828313600E-016, 0.0000000000000000000 ) ) ;
#4591 = ADVANCED_FACE ( 'NONE', ( #44 ), #5110, .F. ) ;
#4592 = DIRECTION ( 'NONE',  ( -0.0000000000000000000, -0.0000000000000000000, 1.000000000000000000 ) ) ;
#4593 = CARTESIAN_POINT ( 'NONE',  ( 6.625000000000000900, 3.974999999999987200, 5.850000000000000500 ) ) ;
#4594 = EDGE_CURVE ( 'NONE', #5316, #5410, #5247, .T. ) ;
#4595 = ORIENTED_EDGE ( 'NONE', *, *, #1310, .T. ) ;
#4596 = AXIS2_PLACEMENT_3D ( 'NONE', #3612, #7517, #7383 ) ;
#4597 = CARTESIAN_POINT ( 'NONE',  ( -6.500000000000042600, 4.999999999999999100, 8.300000000000018500 ) ) ;
#4598 = ORIENTED_EDGE ( 'NONE', *, *, #2969, .T. ) ;
#4599 = ORIENTED_EDGE ( 'NONE', *, *, #3926, .F. ) ;
#4600 = DIRECTION ( 'NONE',  ( -3.469446951953611000E-015, 1.000000000000000000, 0.0000000000000000000 ) ) ;
#4601 = VERTEX_POINT ( 'NONE', #5095 ) ;
#4602 = AXIS2_PLACEMENT_3D ( 'NONE', #5478, #9333, #956 ) ;
#4603 = ORIENTED_EDGE ( 'NONE', *, *, #5578, .F. ) ;
#4604 = CARTESIAN_POINT ( 'NONE',  ( 0.0000000000000000000, 0.0000000000000000000, 0.6250000000000000000 ) ) ;
#4605 = CARTESIAN_POINT ( 'NONE',  ( 6.625000000000000000, 29.80608689002257700, 8.040000000000000900 ) ) ;
#4606 = UNCERTAINTY_MEASURE_WITH_UNIT (LENGTH_MEASURE( 1.000000000000000100E-005 ), #782, 'distance_accuracy_value', 'NONE');
#4607 = EDGE_CURVE ( 'NONE', #3521, #2072, #1464, .T. ) ;
#4608 = FACE_OUTER_BOUND ( 'NONE', #7208, .T. ) ;
#4609 = ADVANCED_FACE ( 'NONE', ( #8323 ), #3483, .F. ) ;
#4610 = EDGE_LOOP ( 'NONE', ( #4836, #475, #29, #4075 ) ) ;
#4611 = CARTESIAN_POINT ( 'NONE',  ( -2.575000000000000200, 4.649999999999998600, -4.199999999999999300 ) ) ;
#4612 = ORIENTED_EDGE ( 'NONE', *, *, #4774, .F. ) ;
#4613 = VERTEX_POINT ( 'NONE', #9593 ) ;
#4614 = CARTESIAN_POINT ( 'NONE',  ( 1.030211586339642600, -1.613083989060736000, 0.1250000000000000000 ) ) ;
#4615 = AXIS2_PLACEMENT_3D ( 'NONE', #4419, #3629, #1368 ) ;
#4616 = DIRECTION ( 'NONE',  ( 1.000000000000000000, 0.0000000000000000000, 0.0000000000000000000 ) ) ;
#4617 = EDGE_LOOP ( 'NONE', ( #2383, #6094, #4844, #623 ) ) ;
#4618 = LINE ( 'NONE', #8845, #7340 ) ;
#4619 = CARTESIAN_POINT ( 'NONE',  ( -1.576691070772523900, -3.481414627696880300, 3.723308929227475300 ) ) ;
#4620 = CIRCLE ( 'NONE', #2686, 5.700000000000000200 ) ;
#4621 = EDGE_CURVE ( 'NONE', #3694, #1724, #3211, .T. ) ;
#4622 = DIRECTION ( 'NONE',  ( 1.000000000000000000, 0.0000000000000000000, 0.0000000000000000000 ) ) ;
#4623 = ORIENTED_EDGE ( 'NONE', *, *, #5076, .F. ) ;
#4624 = DIRECTION ( 'NONE',  ( 0.0000000000000000000, 0.0000000000000000000, 1.000000000000000000 ) ) ;
#4625 = VERTEX_POINT ( 'NONE', #6587 ) ;
#4626 = LINE ( 'NONE', #5453, #6421 ) ;
#4627 = CARTESIAN_POINT ( 'NONE',  ( -0.9999999999999995600, 9.500000000000000000, 4.485059523282288300 ) ) ;
#4628 = AXIS2_PLACEMENT_3D ( 'NONE', #6754, #4490, #9794 ) ;
#4629 = DIRECTION ( 'NONE',  ( 1.000000000000000000, 0.0000000000000000000, 0.0000000000000000000 ) ) ;
#4630 = ORIENTED_EDGE ( 'NONE', *, *, #7666, .T. ) ;
#4631 = ORIENTED_EDGE ( 'NONE', *, *, #1785, .F. ) ;
#4632 = EDGE_CURVE ( 'NONE', #2113, #5196, #7497, .T. ) ;
#4633 = VECTOR ( 'NONE', #8214, 1000.000000000000000 ) ;
#4634 = CARTESIAN_POINT ( 'NONE',  ( 1.250000000000001600, -3.279999999999996300, 6.150000000000000400 ) ) ;
#4635 = CARTESIAN_POINT ( 'NONE',  ( 1.250000000000001600, -3.279999999999996300, 6.150000000000000400 ) ) ;
#4636 = PLANE ( 'NONE',  #3538 ) ;
#4637 = ORIENTED_EDGE ( 'NONE', *, *, #9216, .T. ) ;
#4638 = EDGE_LOOP ( 'NONE', ( #4144, #6907, #3018, #7722 ) ) ;
#4639 = AXIS2_PLACEMENT_3D ( 'NONE', #860, #3744, #2228 ) ;
#4640 = VECTOR ( 'NONE', #6089, 1000.000000000000000 ) ;
#4641 = VECTOR ( 'NONE', #1070, 1000.000000000000000 ) ;
#4642 = PLANE ( 'NONE',  #4093 ) ;
#4643 = DIRECTION ( 'NONE',  ( 0.0000000000000000000, 0.0000000000000000000, -1.000000000000000000 ) ) ;
#4644 = LINE ( 'NONE', #2641, #2045 ) ;
#4645 = EDGE_CURVE ( 'NONE', #6363, #2243, #2056, .T. ) ;
#4646 = DIRECTION ( 'NONE',  ( 0.0000000000000000000, 0.0000000000000000000, -1.000000000000000000 ) ) ;
#4647 = DIRECTION ( 'NONE',  ( -0.0000000000000000000, 1.000000000000000000, 0.0000000000000000000 ) ) ;
#4648 = ORIENTED_EDGE ( 'NONE', *, *, #500, .F. ) ;
#4649 = CARTESIAN_POINT ( 'NONE',  ( 6.424999999999999800, 3.499999999999987100, 3.450000000000000600 ) ) ;
#4650 = EDGE_CURVE ( 'NONE', #2591, #2415, #8919, .T. ) ;
#4651 = ORIENTED_EDGE ( 'NONE', *, *, #6889, .T. ) ;
#4652 = VERTEX_POINT ( 'NONE', #4383 ) ;
#4653 = LINE ( 'NONE', #926, #282 ) ;
#4654 =( NAMED_UNIT ( * ) PLANE_ANGLE_UNIT ( ) SI_UNIT ( $, .RADIAN. ) );
#4655 = LINE ( 'NONE', #793, #6099 ) ;
#4656 = DIRECTION ( 'NONE',  ( 0.0000000000000000000, -3.542745126994888700E-015, -1.000000000000000000 ) ) ;
#4657 = ORIENTED_EDGE ( 'NONE', *, *, #8321, .F. ) ;
#4658 = ADVANCED_FACE ( 'NONE', ( #5970 ), #610, .F. ) ;
#4659 = ORIENTED_EDGE ( 'NONE', *, *, #7390, .T. ) ;
#4660 = FACE_OUTER_BOUND ( 'NONE', #7404, .T. ) ;
#4661 = VECTOR ( 'NONE', #1763, 1000.000000000000000 ) ;
#4662 = VERTEX_POINT ( 'NONE', #3649 ) ;
#4663 = EDGE_LOOP ( 'NONE', ( #2890, #7240, #7430, #1540 ) ) ;
#4664 = SURFACE_SIDE_STYLE ('',( #6988 ) ) ;
#4665 = ORIENTED_EDGE ( 'NONE', *, *, #7552, .F. ) ;
#4666 = CARTESIAN_POINT ( 'NONE',  ( 3.750000000000000900, 0.0000000000000000000, 6.450000000000000200 ) ) ;
#4667 = LINE ( 'NONE', #9519, #2669 ) ;
#4668 = FACE_OUTER_BOUND ( 'NONE', #3702, .T. ) ;
#4669 = AXIS2_PLACEMENT_3D ( 'NONE', #5614, #1097, #6386 ) ;
#4670 = FACE_OUTER_BOUND ( 'NONE', #1888, .T. ) ;
#4671 = DIRECTION ( 'NONE',  ( 1.000000000000000000, 0.0000000000000000000, 0.0000000000000000000 ) ) ;
#4672 = CIRCLE ( 'NONE', #7402, 0.02499999999999984900 ) ;
#4673 = CARTESIAN_POINT ( 'NONE',  ( -6.624657383688641800, 2.249991028276129500, 2.100000000000001000 ) ) ;
#4674 = VERTEX_POINT ( 'NONE', #6680 ) ;
#4675 = CARTESIAN_POINT ( 'NONE',  ( 7.000000832491058300, 3.969365447809584300, 5.850483056373459300 ) ) ;
#4676 = DIRECTION ( 'NONE',  ( 0.0000000000000000000, -1.000000000000000000, 0.0000000000000000000 ) ) ;
#4677 = EDGE_CURVE ( 'NONE', #2529, #5417, #6090, .T. ) ;
#4678 = FACE_BOUND ( 'NONE', #1962, .T. ) ;
#4679 = DIRECTION ( 'NONE',  ( 1.334402673828313600E-016, -1.000000000000000000, 0.0000000000000000000 ) ) ;
#4680 = CIRCLE ( 'NONE', #7837, 0.4499999999999999000 ) ;
#4681 = VECTOR ( 'NONE', #5428, 1000.000000000000000 ) ;
#4682 = VECTOR ( 'NONE', #9570, 1000.000000000000000 ) ;
#4683 = AXIS2_PLACEMENT_3D ( 'NONE', #7674, #8476, #9343 ) ;
#4684 = ORIENTED_EDGE ( 'NONE', *, *, #6658, .F. ) ;
#4685 = FACE_OUTER_BOUND ( 'NONE', #1833, .T. ) ;
#4686 = CARTESIAN_POINT ( 'NONE',  ( -6.624999999999998200, 4.999999999999999100, 8.300000000000018500 ) ) ;
#4687 = FACE_OUTER_BOUND ( 'NONE', #1081, .T. ) ;
#4688 = VECTOR ( 'NONE', #8890, 1000.000000000000100 ) ;
#4689 = ORIENTED_EDGE ( 'NONE', *, *, #78, .F. ) ;
#4690 = EDGE_CURVE ( 'NONE', #1786, #3695, #3460, .T. ) ;
#4691 = VERTEX_POINT ( 'NONE', #8926 ) ;
#4692 = LINE ( 'NONE', #8313, #9326 ) ;
#4693 = CARTESIAN_POINT ( 'NONE',  ( -6.750000000000006200, 3.974999999999988100, 5.850000000000001400 ) ) ;
#4694 = CARTESIAN_POINT ( 'NONE',  ( 3.750000000000002200, -7.721577310586390300, 3.650000000000001200 ) ) ;
#4695 = ORIENTED_EDGE ( 'NONE', *, *, #130, .T. ) ;
#4696 = CARTESIAN_POINT ( 'NONE',  ( -6.624999999999998200, 0.0000000000000000000, -2.699999999999997500 ) ) ;
#4697 = CARTESIAN_POINT ( 'NONE',  ( -1.075000000000000000, 0.9022884140034506100, 0.1250000000000001100 ) ) ;
#4698 = EDGE_CURVE ( 'NONE', #6006, #8803, #1243, .T. ) ;
#4699 = ORIENTED_EDGE ( 'NONE', *, *, #6362, .F. ) ;
#4700 = PRODUCT ( 'KMDGX-8S-AS', 'KMDGX-8S-AS', '', ( #6764 ) ) ;
#4701 = EDGE_CURVE ( 'NONE', #3831, #8405, #992, .T. ) ;
#4702 = CARTESIAN_POINT ( 'NONE',  ( -1.022794046853238800, -3.480000000000000000, -2.499999999999998700 ) ) ;
#4703 = ADVANCED_FACE ( 'NONE', ( #4052 ), #5861, .F. ) ;
#4704 = CARTESIAN_POINT ( 'NONE',  ( -4.699999999999999300, -3.480000000000000000, 6.222794046853240800 ) ) ;
#4705 = CARTESIAN_POINT ( 'NONE',  ( 0.0000000000000000000, 6.500000000000000000, -15.58944443027283300 ) ) ;
#4706 = PLANE ( 'NONE',  #9703 ) ;
#4707 = VERTEX_POINT ( 'NONE', #1281 ) ;
#4708 = DIRECTION ( 'NONE',  ( 0.0000000000000000000, -3.469446951953611000E-015, -1.000000000000000000 ) ) ;
#4709 = ORIENTED_EDGE ( 'NONE', *, *, #330, .T. ) ;
#4710 = CARTESIAN_POINT ( 'NONE',  ( 6.375000000000000000, 13.00000000000000000, 8.040000000000000900 ) ) ;
#4711 = ADVANCED_FACE ( 'NONE', ( #1582 ), #2086, .F. ) ;
#4712 = ORIENTED_EDGE ( 'NONE', *, *, #2550, .T. ) ;
#4713 = VERTEX_POINT ( 'NONE', #6758 ) ;
#4714 = DIRECTION ( 'NONE',  ( 1.000000000000000000, 0.0000000000000000000, 0.0000000000000000000 ) ) ;
#4715 = ORIENTED_EDGE ( 'NONE', *, *, #3622, .T. ) ;
#4716 = ORIENTED_EDGE ( 'NONE', *, *, #3085, .T. ) ;
#4717 = VECTOR ( 'NONE', #6676, 1000.000000000000000 ) ;
#4718 = CARTESIAN_POINT ( 'NONE',  ( 6.424999999999999800, 3.999999999999987100, 5.850000000000000500 ) ) ;
#4719 = CARTESIAN_POINT ( 'NONE',  ( -6.749671576520857000, 3.955298869614391100, 5.859359902479832600 ) ) ;
#4720 = DIRECTION ( 'NONE',  ( 0.0000000000000000000, 0.0000000000000000000, 1.000000000000000000 ) ) ;
#4721 = CARTESIAN_POINT ( 'NONE',  ( -6.874999999999998200, -3.626785478522209300, 0.5119517609947511500 ) ) ;
#4722 = ORIENTED_EDGE ( 'NONE', *, *, #4375, .T. ) ;
#4723 = ORIENTED_EDGE ( 'NONE', *, *, #8186, .T. ) ;
#4724 = ORIENTED_EDGE ( 'NONE', *, *, #9748, .T. ) ;
#4725 = EDGE_CURVE ( 'NONE', #7276, #8903, #6562, .T. ) ;
#4726 = CIRCLE ( 'NONE', #4746, 0.5000000000000002200 ) ;
#4727 = CARTESIAN_POINT ( 'NONE',  ( 7.000000000000005300, 1.899999999999988800, 5.199999999999994800 ) ) ;
#4728 = LINE ( 'NONE', #3199, #594 ) ;
#4729 = CARTESIAN_POINT ( 'NONE',  ( -6.424999999999997200, 3.999999999999987100, 6.700000000000002000 ) ) ;
#4730 = MECHANICAL_DESIGN_GEOMETRIC_PRESENTATION_REPRESENTATION (  '', ( #6857 ), #9512 ) ;
#4731 =( NAMED_UNIT ( * ) PLANE_ANGLE_UNIT ( ) SI_UNIT ( $, .RADIAN. ) );
#4732 = ORIENTED_EDGE ( 'NONE', *, *, #1796, .F. ) ;
#4733 = DIRECTION ( 'NONE',  ( 1.000000000000000000, 0.0000000000000000000, 0.0000000000000000000 ) ) ;
#4734 = EDGE_LOOP ( 'NONE', ( #8714, #3918, #3340, #5180 ) ) ;
#4735 = LINE ( 'NONE', #2634, #6900 ) ;
#4736 = EDGE_CURVE ( 'NONE', #6314, #5933, #3933, .T. ) ;
#4737 = EDGE_CURVE ( 'NONE', #1994, #3175, #9277, .T. ) ;
#4738 = CARTESIAN_POINT ( 'NONE',  ( 6.875000000000000000, 12.99999999999998800, 4.749999999999955600 ) ) ;
#4739 = DIRECTION ( 'NONE',  ( 1.000000000000000000, 0.0000000000000000000, 0.0000000000000000000 ) ) ;
#4740 = CARTESIAN_POINT ( 'NONE',  ( -6.999997352340027000, 2.933274820760085600, 5.851409168237275100 ) ) ;
#4741 = ORIENTED_EDGE ( 'NONE', *, *, #276, .F. ) ;
#4742 = ORIENTED_EDGE ( 'NONE', *, *, #518, .T. ) ;
#4743 = FACE_OUTER_BOUND ( 'NONE', #2780, .T. ) ;
#4744 = ADVANCED_FACE ( 'NONE', ( #7836 ), #8975, .T. ) ;
#4745 = VECTOR ( 'NONE', #2310, 1000.000000000000000 ) ;
#4746 = AXIS2_PLACEMENT_3D ( 'NONE', #9448, #6370, #7929 ) ;
#4747 = VECTOR ( 'NONE', #4777, 1000.000000000000100 ) ;
#4748 = ORIENTED_EDGE ( 'NONE', *, *, #5658, .F. ) ;
#4749 = ORIENTED_EDGE ( 'NONE', *, *, #653, .T. ) ;
#4750 = EDGE_CURVE ( 'NONE', #7941, #901, #4538, .T. ) ;
#4751 = EDGE_LOOP ( 'NONE', ( #6793, #8242, #2179, #4121 ) ) ;
#4752 = VECTOR ( 'NONE', #1892, 1000.000000000000000 ) ;
#4753 = EDGE_CURVE ( 'NONE', #4206, #5265, #5477, .T. ) ;
#4754 = ORIENTED_EDGE ( 'NONE', *, *, #5520, .F. ) ;
#4755 = CARTESIAN_POINT ( 'NONE',  ( 6.875000000000001800, 1.050000000000000900, -2.699999999999999300 ) ) ;
#4756 = VECTOR ( 'NONE', #7088, 1000.000000000000000 ) ;
#4757 = DIRECTION ( 'NONE',  ( 0.0000000000000000000, 0.0000000000000000000, -1.000000000000000000 ) ) ;
#4758 = CARTESIAN_POINT ( 'NONE',  ( 7.000000000000006200, 3.999999999999987100, 5.850000000000000500 ) ) ;
#4759 = ADVANCED_FACE ( 'NONE', ( #9637 ), #2176, .F. ) ;
#4760 = VECTOR ( 'NONE', #8828, 1000.000000000000000 ) ;
#4761 = AXIS2_PLACEMENT_3D ( 'NONE', #7226, #4825, #3431 ) ;
#4762 = CARTESIAN_POINT ( 'NONE',  ( 6.875000000000001800, 1.049999999999999800, 1.799999999999998700 ) ) ;
#4763 = VERTEX_POINT ( 'NONE', #619 ) ;
#4764 = ORIENTED_EDGE ( 'NONE', *, *, #633, .T. ) ;
#4765 = DIRECTION ( 'NONE',  ( 1.000000000000000000, -0.0000000000000000000, -0.0000000000000000000 ) ) ;
#4766 = AXIS2_PLACEMENT_3D ( 'NONE', #5333, #8383, #3807 ) ;
#4767 = LINE ( 'NONE', #671, #8688 ) ;
#4768 = DIRECTION ( 'NONE',  ( 0.0000000000000000000, 0.0000000000000000000, 1.000000000000000000 ) ) ;
#4769 = ORIENTED_EDGE ( 'NONE', *, *, #7141, .T. ) ;
#4770 = CARTESIAN_POINT ( 'NONE',  ( -7.000000000000006200, 3.999999999999987100, 6.700000000000000200 ) ) ;
#4771 = LINE ( 'NONE', #1831, #1477 ) ;
#4772 = SURFACE_SIDE_STYLE ('',( #5152 ) ) ;
#4773 = PLANE ( 'NONE',  #454 ) ;
#4774 = EDGE_CURVE ( 'NONE', #4115, #4713, #7617, .T. ) ;
#4775 = ORIENTED_EDGE ( 'NONE', *, *, #4243, .T. ) ;
#4776 = LINE ( 'NONE', #1805, #4552 ) ;
#4777 = DIRECTION ( 'NONE',  ( 0.05233595624294395300, 0.9986295347545739400, 0.0000000000000000000 ) ) ;
#4778 = FACE_OUTER_BOUND ( 'NONE', #2448, .T. ) ;
#4779 = CARTESIAN_POINT ( 'NONE',  ( 6.750000000000006200, 2.927797096264328500, 5.850000000000000500 ) ) ;
#4780 = DIRECTION ( 'NONE',  ( 1.000000000000000000, -0.0000000000000000000, -0.0000000000000000000 ) ) ;
#4781 = ORIENTED_EDGE ( 'NONE', *, *, #592, .F. ) ;
#4782 = DIRECTION ( 'NONE',  ( 0.0000000000000000000, 0.0000000000000000000, 1.000000000000000000 ) ) ;
#4783 = LINE ( 'NONE', #1358, #9187 ) ;
#4784 = ORIENTED_EDGE ( 'NONE', *, *, #835, .F. ) ;
#4785 = VECTOR ( 'NONE', #7791, 1000.000000000000000 ) ;
#4786 = COLOUR_RGB ( '',0.7921568627450980000, 0.8196078431372548800, 0.9333333333333333500 ) ;
#4787 = CARTESIAN_POINT ( 'NONE',  ( 1.000000000000000400, 12.11159513863927900, 0.1250000000000001100 ) ) ;
#4788 = EDGE_CURVE ( 'NONE', #3418, #5187, #3578, .T. ) ;
#4789 = VERTEX_POINT ( 'NONE', #3658 ) ;
#4790 = DIRECTION ( 'NONE',  ( 0.0000000000000000000, 1.000000000000000000, 0.0000000000000000000 ) ) ;
#4791 = LINE ( 'NONE', #5654, #6838 ) ;
#4792 = CARTESIAN_POINT ( 'NONE',  ( -7.000000000000006200, 3.999999999999987100, 6.700000000000000200 ) ) ;
#4793 = DIRECTION ( 'NONE',  ( 1.000000000000000000, 0.0000000000000000000, -0.0000000000000000000 ) ) ;
#4794 = CARTESIAN_POINT ( 'NONE',  ( -6.374999999999999100, 12.49999999999999600, 8.040000000000000900 ) ) ;
#4795 = ORIENTED_EDGE ( 'NONE', *, *, #7724, .T. ) ;
#4796 = VECTOR ( 'NONE', #8906, 1000.000000000000000 ) ;
#4797 = DIRECTION ( 'NONE',  ( 0.0000000000000000000, 1.000000000000000000, 0.0000000000000000000 ) ) ;
#4798 = AXIS2_PLACEMENT_3D ( 'NONE', #9287, #7010, #7847 ) ;
#4799 = FACE_OUTER_BOUND ( 'NONE', #6130, .T. ) ;
#4800 = CARTESIAN_POINT ( 'NONE',  ( -6.374999999999999100, 13.00000000000000000, 8.049999999999997200 ) ) ;
#4801 = ADVANCED_FACE ( 'NONE', ( #2522 ), #8196, .F. ) ;
#4802 = LINE ( 'NONE', #149, #2327 ) ;
#4803 = DIRECTION ( 'NONE',  ( 0.0000000000000000000, 0.0000000000000000000, -1.000000000000000000 ) ) ;
#4804 = DIRECTION ( 'NONE',  ( 1.000000000000000000, -0.0000000000000000000, -0.0000000000000000000 ) ) ;
#4805 = CARTESIAN_POINT ( 'NONE',  ( -6.624999999999998200, -3.500000000000000000, 0.8161559028942522200 ) ) ;
#4806 = EDGE_CURVE ( 'NONE', #236, #417, #6913, .T. ) ;
#4807 = VERTEX_POINT ( 'NONE', #5122 ) ;
#4808 = CARTESIAN_POINT ( 'NONE',  ( 3.050000000000000700, -7.721577310586390300, 6.450000000000000200 ) ) ;
#4809 = VECTOR ( 'NONE', #6620, 1000.000000000000000 ) ;
#4810 = DIRECTION ( 'NONE',  ( 0.0000000000000000000, -0.0000000000000000000, 1.000000000000000000 ) ) ;
#4811 = LINE ( 'NONE', #8876, #9685 ) ;
#4812 = VECTOR ( 'NONE', #9312, 1000.000000000000100 ) ;
#4813 = AXIS2_PLACEMENT_3D ( 'NONE', #7663, #8432, #3178 ) ;
#4814 = ADVANCED_FACE ( 'NONE', ( #3324 ), #1654, .T. ) ;
#4815 = CARTESIAN_POINT ( 'NONE',  ( 6.375000000000000900, 12.75000000000000000, 8.050000000000000700 ) ) ;
#4816 = ORIENTED_EDGE ( 'NONE', *, *, #3342, .F. ) ;
#4817 = EDGE_CURVE ( 'NONE', #2529, #7577, #1355, .T. ) ;
#4818 = DIRECTION ( 'NONE',  ( -0.0000000000000000000, -0.0000000000000000000, -1.000000000000000000 ) ) ;
#4819 = EDGE_CURVE ( 'NONE', #280, #8675, #5358, .T. ) ;
#4820 = EDGE_LOOP ( 'NONE', ( #2972, #5389, #7178, #6873, #7395, #1192, #4405, #8742 ) ) ;
#4821 = CARTESIAN_POINT ( 'NONE',  ( -6.624999999999998200, 1.349695404316982600, 6.907471084035964100 ) ) ;
#4822 = ORIENTED_EDGE ( 'NONE', *, *, #9582, .F. ) ;
#4823 = DIRECTION ( 'NONE',  ( 0.0000000000000000000, 0.0000000000000000000, 1.000000000000000000 ) ) ;
#4824 = MECHANICAL_DESIGN_GEOMETRIC_PRESENTATION_REPRESENTATION (  '', ( #9466 ), #4515 ) ;
#4825 = DIRECTION ( 'NONE',  ( 1.000000000000000000, 0.0000000000000000000, 0.0000000000000000000 ) ) ;
#4826 = DIRECTION ( 'NONE',  ( 0.0000000000000000000, 0.0000000000000000000, -1.000000000000000000 ) ) ;
#4827 = PLANE ( 'NONE',  #1885 ) ;
#4828 = ORIENTED_EDGE ( 'NONE', *, *, #6860, .F. ) ;
#4829 = CARTESIAN_POINT ( 'NONE',  ( -6.624999999999998200, 0.0000000000000000000, -0.2000000000000005100 ) ) ;
#4830 = EDGE_CURVE ( 'NONE', #1189, #5316, #7717, .T. ) ;
#4831 = EDGE_LOOP ( 'NONE', ( #6183, #703, #7732, #2193, #5497, #271 ) ) ;
#4833 = AXIS2_PLACEMENT_3D ( 'NONE', #2126, #5976, #1440 ) ;
#4832 = VERTEX_POINT ( 'NONE', #2757 ) ;
#4834 = EDGE_CURVE ( 'NONE', #1142, #5914, #4880, .T. ) ;
#4835 = ORIENTED_EDGE ( 'NONE', *, *, #6960, .F. ) ;
#4836 = ORIENTED_EDGE ( 'NONE', *, *, #9610, .F. ) ;
#4837 = DIRECTION ( 'NONE',  ( -1.000000000000000000, 0.0000000000000000000, 0.0000000000000000000 ) ) ;
#4838 = CARTESIAN_POINT ( 'NONE',  ( -6.374999999999998200, 12.75000000000000200, 8.040000000000000900 ) ) ;
#4839 = ORIENTED_EDGE ( 'NONE', *, *, #3690, .F. ) ;
#4840 = CARTESIAN_POINT ( 'NONE',  ( -0.9499999999999977400, -7.721577310586390300, 3.650000000000001200 ) ) ;
#4841 = AXIS2_PLACEMENT_3D ( 'NONE', #8905, #8199, #659 ) ;
#4842 = DIRECTION ( 'NONE',  ( 0.0000000000000000000, 0.0000000000000000000, 1.000000000000000000 ) ) ;
#4843 = ORIENTED_EDGE ( 'NONE', *, *, #3437, .T. ) ;
#4844 = ORIENTED_EDGE ( 'NONE', *, *, #1930, .T. ) ;
#4845 = CARTESIAN_POINT ( 'NONE',  ( 6.749981638537121900, 2.935911899266283200, 5.852333840677904000 ) ) ;
#4846 = ORIENTED_EDGE ( 'NONE', *, *, #1455, .F. ) ;
#4847 = VECTOR ( 'NONE', #1078, 1000.000000000000100 ) ;
#4848 = ADVANCED_FACE ( 'NONE', ( #3451 ), #5411, .F. ) ;
#4849 = CYLINDRICAL_SURFACE ( 'NONE', #269, 0.02499999999999984900 ) ;
#4850 = DIRECTION ( 'NONE',  ( 0.9986295347545739400, -0.05233595624294395300, 0.0000000000000000000 ) ) ;
#4851 = VERTEX_POINT ( 'NONE', #3145 ) ;
#4852 = ORIENTED_EDGE ( 'NONE', *, *, #9164, .F. ) ;
#4853 = AXIS2_PLACEMENT_3D ( 'NONE', #8231, #3728, #9040 ) ;
#4854 = ORIENTED_EDGE ( 'NONE', *, *, #6917, .F. ) ;
#4855 = VECTOR ( 'NONE', #7032, 1000.000000000000000 ) ;
#4856 = CARTESIAN_POINT ( 'NONE',  ( 1.275528258147577300, -2.481329165221064100, 0.1250000000000000000 ) ) ;
#4857 = PLANE ( 'NONE',  #6160 ) ;
#4858 = CARTESIAN_POINT ( 'NONE',  ( -3.478505426185217500, 4.849999999999999600, -4.199999999999999300 ) ) ;
#4859 = CARTESIAN_POINT ( 'NONE',  ( 3.750000000000000900, 0.0000000000000000000, 6.150000000000000400 ) ) ;
#4860 = CARTESIAN_POINT ( 'NONE',  ( 6.875000000000000900, 3.499999999999987100, 1.950000000000000800 ) ) ;
#4861 = ADVANCED_FACE ( 'NONE', ( #8197 ), #9143, .F. ) ;
#4862 = CARTESIAN_POINT ( 'NONE',  ( -7.000000000000005300, 2.149999999999985300, 2.100000000000000500 ) ) ;
#4863 = EDGE_CURVE ( 'NONE', #6920, #848, #6188, .T. ) ;
#4864 = ORIENTED_EDGE ( 'NONE', *, *, #2571, .T. ) ;
#4865 = ORIENTED_EDGE ( 'NONE', *, *, #3160, .F. ) ;
#4866 = CARTESIAN_POINT ( 'NONE',  ( 0.9500000000000007300, -3.279999999999996300, 3.950000000000000200 ) ) ;
#4867 = LINE ( 'NONE', #5611, #8301 ) ;
#4868 = CARTESIAN_POINT ( 'NONE',  ( 1.075000000000000000, 0.2500000000000006100, 0.1250000000000001100 ) ) ;
#4869 = AXIS2_PLACEMENT_3D ( 'NONE', #6048, #3711, #676 ) ;
#4870 = CARTESIAN_POINT ( 'NONE',  ( -6.521446609406723400, 12.75000000000000000, 8.040000000000000900 ) ) ;
#4871 = CARTESIAN_POINT ( 'NONE',  ( 1.075000000000000000, 0.9022884140034506100, -4.699999999999999300 ) ) ;
#4872 = CARTESIAN_POINT ( 'NONE',  ( -6.424999999999997200, 0.0000000000000000000, -1.615198767203731400E-017 ) ) ;
#4873 = VERTEX_POINT ( 'NONE', #7690 ) ;
#4874 = ORIENTED_EDGE ( 'NONE', *, *, #3964, .T. ) ;
#4875 = VECTOR ( 'NONE', #6494, 1000.000000000000000 ) ;
#4876 = DIRECTION ( 'NONE',  ( -2.556604186739367600E-028, -1.000000000000000000, 3.542745126994888700E-015 ) ) ;
#4877 = EDGE_CURVE ( 'NONE', #2050, #7277, #5237, .T. ) ;
#4878 = CYLINDRICAL_SURFACE ( 'NONE', #8374, 0.2500000000000002200 ) ;
#4879 = EDGE_CURVE ( 'NONE', #372, #8305, #7025, .T. ) ;
#4880 = LINE ( 'NONE', #8492, #8434 ) ;
#4881 = CARTESIAN_POINT ( 'NONE',  ( -3.749999999999998200, -3.279999999999996300, 3.950000000000001100 ) ) ;
#4882 = DIRECTION ( 'NONE',  ( 1.598823480162956000E-016, 1.000000000000000000, 0.0000000000000000000 ) ) ;
#4883 = ORIENTED_EDGE ( 'NONE', *, *, #3991, .T. ) ;
#4884 = ORIENTED_EDGE ( 'NONE', *, *, #4239, .T. ) ;
#4885 = ORIENTED_EDGE ( 'NONE', *, *, #1074, .F. ) ;
#4886 = CARTESIAN_POINT ( 'NONE',  ( -2.100000000000000100, -3.480000000000000000, -2.499999999999999100 ) ) ;
#4887 = AXIS2_PLACEMENT_3D ( 'NONE', #273, #2417, #7731 ) ;
#4888 = VECTOR ( 'NONE', #8347, 1000.000000000000000 ) ;
#4889 = LINE ( 'NONE', #160, #5842 ) ;
#4890 = CARTESIAN_POINT ( 'NONE',  ( 6.875000000000001800, 2.224999999999987200, 3.450000000000000600 ) ) ;
#4891 = DIRECTION ( 'NONE',  ( 0.0000000000000000000, 0.0000000000000000000, 1.000000000000000000 ) ) ;
#4892 = CARTESIAN_POINT ( 'NONE',  ( -2.575000000000001500, 4.849999999999998800, 0.1250000000000000000 ) ) ;
#4893 = EDGE_CURVE ( 'NONE', #2447, #6394, #4528, .T. ) ;
#4894 = DIRECTION ( 'NONE',  ( -0.4896926261707817400, -2.877707391897904500E-016, 0.8718951381180898300 ) ) ;
#4895 = CARTESIAN_POINT ( 'NONE',  ( -7.000000000000006200, 3.499999999999985300, 1.950000000000000800 ) ) ;
#4896 = EDGE_LOOP ( 'NONE', ( #5871, #7915, #9224, #1122 ) ) ;
#4897 = VECTOR ( 'NONE', #3267, 1000.000000000000000 ) ;
#4898 = VECTOR ( 'NONE', #958, 1000.000000000000100 ) ;
#4899 = VECTOR ( 'NONE', #696, 1000.000000000000000 ) ;
#4900 = CIRCLE ( 'NONE', #5384, 0.7500000000000041100 ) ;
#4901 = DIRECTION ( 'NONE',  ( 1.000000000000000000, -0.0000000000000000000, -0.0000000000000000000 ) ) ;
#4902 = ORIENTED_EDGE ( 'NONE', *, *, #2983, .T. ) ;
#4903 = ADVANCED_FACE ( 'NONE', ( #9038 ), #4170, .F. ) ;
#4904 = ORIENTED_EDGE ( 'NONE', *, *, #1169, .F. ) ;
#4905 = DIRECTION ( 'NONE',  ( -1.000000000000000000, 0.0000000000000000000, 0.0000000000000000000 ) ) ;
#4906 = CARTESIAN_POINT ( 'NONE',  ( -6.976196811652812400, 1.432478447770946000, 3.300000000000000700 ) ) ;
#4907 = ORIENTED_EDGE ( 'NONE', *, *, #7631, .F. ) ;
#4908 = CARTESIAN_POINT ( 'NONE',  ( 6.424999999999999800, 3.499999999999987100, 1.950000000000000800 ) ) ;
#4909 = LINE ( 'NONE', #6142, #8438 ) ;
#4910 = DIRECTION ( 'NONE',  ( -0.0000000000000000000, -0.4226182617406975000, -0.9063077870366509400 ) ) ;
#4911 = LINE ( 'NONE', #5412, #3953 ) ;
#4912 = CARTESIAN_POINT ( 'NONE',  ( 1.650000000000000800, -7.721577310586390300, 3.950000000000000200 ) ) ;
#4913 = VECTOR ( 'NONE', #1678, 1000.000000000000000 ) ;
#4914 = EDGE_CURVE ( 'NONE', #3877, #3877, #7947, .T. ) ;
#4915 = LINE ( 'NONE', #941, #7632 ) ;
#4916 = VERTEX_POINT ( 'NONE', #6129 ) ;
#4917 = CARTESIAN_POINT ( 'NONE',  ( -1.030211586339642600, -1.613083989060736000, 0.1250000000000000000 ) ) ;
#4918 = ADVANCED_FACE ( 'NONE', ( #6310 ), #2349, .T. ) ;
#4919 = ORIENTED_EDGE ( 'NONE', *, *, #4120, .F. ) ;
#4920 = DIRECTION ( 'NONE',  ( 7.216449660063443000E-014, -3.491481338843133700E-015, -1.000000000000000000 ) ) ;
#4921 = DIRECTION ( 'NONE',  ( -0.0000000000000000000, -0.0000000000000000000, -1.000000000000000000 ) ) ;
#4922 = LINE ( 'NONE', #9639, #2432 ) ;
#4923 = LINE ( 'NONE', #6076, #5999 ) ;
#4924 = AXIS2_PLACEMENT_3D ( 'NONE', #5127, #8070, #3532 ) ;
#4925 = AXIS2_PLACEMENT_3D ( 'NONE', #4547, #2926, #9096 ) ;
#4926 = VECTOR ( 'NONE', #5403, 1000.000000000000000 ) ;
#4927 = EDGE_LOOP ( 'NONE', ( #7097 ) ) ;
#4928 = VECTOR ( 'NONE', #3779, 1000.000000000000000 ) ;
#4929 = EDGE_LOOP ( 'NONE', ( #5192, #7037, #9269, #9690 ) ) ;
#4930 = VECTOR ( 'NONE', #1149, 1000.000000000000000 ) ;
#4931 = EDGE_CURVE ( 'NONE', #2962, #9111, #8795, .T. ) ;
#4932 = FACE_OUTER_BOUND ( 'NONE', #3082, .T. ) ;
#4933 = CARTESIAN_POINT ( 'NONE',  ( -6.624999999999998200, 2.280286487743898400, 8.016506350946142900 ) ) ;
#4934 = CARTESIAN_POINT ( 'NONE',  ( 6.375000000000000000, 13.00000000000000000, -2.699999999999999300 ) ) ;
#4935 = CIRCLE ( 'NONE', #5419, 0.1250000000000053300 ) ;
#4936 = CARTESIAN_POINT ( 'NONE',  ( 6.605784270717713900, 3.949999999999986400, 6.650000000000000400 ) ) ;
#4937 = ORIENTED_EDGE ( 'NONE', *, *, #3219, .T. ) ;
#4938 = CARTESIAN_POINT ( 'NONE',  ( 6.567327451886732200, 3.343911293286548200, 2.100000000000000500 ) ) ;
#4939 = AXIS2_PLACEMENT_3D ( 'NONE', #6122, #9223, #936 ) ;
#4940 = ORIENTED_EDGE ( 'NONE', *, *, #8584, .F. ) ;
#4941 = CARTESIAN_POINT ( 'NONE',  ( 3.677205953146759600, -3.480000000000000000, 0.0000000000000000000 ) ) ;
#4942 = EDGE_CURVE ( 'NONE', #5154, #9537, #2160, .T. ) ;
#4943 = CARTESIAN_POINT ( 'NONE',  ( 1.650000000000000800, -3.279999999999996300, 3.650000000000000800 ) ) ;
#4944 = ORIENTED_EDGE ( 'NONE', *, *, #3948, .F. ) ;
#4945 = CARTESIAN_POINT ( 'NONE',  ( 6.625000000000000000, 2.899999999999986600, 5.850000000000000500 ) ) ;
#4946 = EDGE_CURVE ( 'NONE', #2962, #9666, #2276, .T. ) ;
#4947 =( LENGTH_UNIT ( ) NAMED_UNIT ( * ) SI_UNIT ( .MILLI., .METRE. ) );
#4948 = CARTESIAN_POINT ( 'NONE',  ( -7.000000000000005300, -1.656610674714111600, -0.2000000000000014000 ) ) ;
#4949 = EDGE_LOOP ( 'NONE', ( #3798, #5337, #8368, #812 ) ) ;
#4950 = DIRECTION ( 'NONE',  ( 0.0000000000000000000, 0.0000000000000000000, -1.000000000000000000 ) ) ;
#4951 = AXIS2_PLACEMENT_3D ( 'NONE', #4605, #3067, #6939 ) ;
#4952 = CARTESIAN_POINT ( 'NONE',  ( -1.275528258147577300, -2.481329165221063600, 0.1250000000000000000 ) ) ;
#4953 = FACE_OUTER_BOUND ( 'NONE', #5748, .T. ) ;
#4954 = DIRECTION ( 'NONE',  ( 0.0000000000000000000, -1.000000000000000000, -0.0000000000000000000 ) ) ;
#4955 = CARTESIAN_POINT ( 'NONE',  ( 1.000000000000000400, 9.500000000000000000, 0.6250000000000001100 ) ) ;
#4956 = VERTEX_POINT ( 'NONE', #7290 ) ;
#4957 = ADVANCED_FACE ( 'NONE', ( #4286, #5959 ), #991, .F. ) ;
#4958 = EDGE_CURVE ( 'NONE', #6958, #2699, #4644, .T. ) ;
#4959 = CLOSED_SHELL ( 'NONE', ( #461, #5455, #8145, #8161, #9738, #4270, #3765, #3713, #9434, #1103 ) ) ;
#4960 = CARTESIAN_POINT ( 'NONE',  ( -6.874999999999998200, 2.149999999999985300, 3.300000000000000700 ) ) ;
#4961 = EDGE_CURVE ( 'NONE', #3950, #7684, #8681, .T. ) ;
#4962 = ORIENTED_EDGE ( 'NONE', *, *, #8022, .T. ) ;
#4963 = VECTOR ( 'NONE', #6607, 1000.000000000000000 ) ;
#4964 = ORIENTED_EDGE ( 'NONE', *, *, #6598, .T. ) ;
#4965 = LINE ( 'NONE', #7762, #3655 ) ;
#4966 = AXIS2_PLACEMENT_3D ( 'NONE', #5830, #3534, #6532 ) ;
#4967 = ORIENTED_EDGE ( 'NONE', *, *, #3033, .F. ) ;
#4968 = DIRECTION ( 'NONE',  ( 0.0000000000000000000, 0.0000000000000000000, 1.000000000000000000 ) ) ;
#4969 = DIRECTION ( 'NONE',  ( 1.000000000000000000, 0.0000000000000000000, 0.0000000000000000000 ) ) ;
#4970 = VERTEX_POINT ( 'NONE', #1851 ) ;
#4971 = ADVANCED_FACE ( 'NONE', ( #7706 ), #8629, .T. ) ;
#4972 = VERTEX_POINT ( 'NONE', #7886 ) ;
#4973 = CARTESIAN_POINT ( 'NONE',  ( -6.624999999999998200, 1.049999999999998500, -2.699999999999999300 ) ) ;
#4974 = EDGE_CURVE ( 'NONE', #3418, #7143, #2773, .T. ) ;
#4975 = ORIENTED_EDGE ( 'NONE', *, *, #1997, .T. ) ;
#4976 = PRESENTATION_STYLE_ASSIGNMENT (( #2872 ) ) ;
#4977 = EDGE_CURVE ( 'NONE', #4390, #8217, #2372, .T. ) ;
#4978 = CARTESIAN_POINT ( 'NONE',  ( -6.749636929786963600, 2.944631053924494000, 5.859520280219068200 ) ) ;
#4979 = FACE_BOUND ( 'NONE', #9627, .T. ) ;
#4980 = CARTESIAN_POINT ( 'NONE',  ( 6.999999490822459900, 2.930524213637676100, 5.850617976589967700 ) ) ;
#4981 = CARTESIAN_POINT ( 'NONE',  ( -7.000000000000006200, 3.499999999999985300, 3.450000000000000600 ) ) ;
#4982 = EDGE_LOOP ( 'NONE', ( #3940 ) ) ;
#4983 = ORIENTED_EDGE ( 'NONE', *, *, #4495, .F. ) ;
#4984 = ORIENTED_EDGE ( 'NONE', *, *, #4830, .F. ) ;
#4985 = FACE_OUTER_BOUND ( 'NONE', #8201, .T. ) ;
#4986 = CARTESIAN_POINT ( 'NONE',  ( 6.424999999999999800, 3.999999999999987100, 6.700000000000000200 ) ) ;
#4987 = DIRECTION ( 'NONE',  ( 0.0000000000000000000, 1.000000000000000000, 0.0000000000000000000 ) ) ;
#4988 = EDGE_LOOP ( 'NONE', ( #2923, #3527, #355, #2272, #8685 ) ) ;
#4989 = CARTESIAN_POINT ( 'NONE',  ( -6.500000000000005300, 4.999999999999997300, 7.800000000000018500 ) ) ;
#4990 = ORIENTED_EDGE ( 'NONE', *, *, #5699, .F. ) ;
#4991 = ORIENTED_EDGE ( 'NONE', *, *, #7301, .F. ) ;
#4992 = LINE ( 'NONE', #4043, #6179 ) ;
#4993 = CARTESIAN_POINT ( 'NONE',  ( 3.677205953146760900, -3.480000000000000000, -2.499999999999998700 ) ) ;
#4994 = ORIENTED_EDGE ( 'NONE', *, *, #9650, .T. ) ;
#4995 = ORIENTED_EDGE ( 'NONE', *, *, #4650, .T. ) ;
#4996 = DIRECTION ( 'NONE',  ( 0.9396926207859095400, 0.3420201433256658300, -0.0000000000000000000 ) ) ;
#4997 = LINE ( 'NONE', #6823, #6186 ) ;
#4998 = EDGE_LOOP ( 'NONE', ( #3881, #3652, #8011, #6334 ) ) ;
#4999 = DIRECTION ( 'NONE',  ( -1.000000000000000000, 0.0000000000000000000, 0.0000000000000000000 ) ) ;
#5000 = CARTESIAN_POINT ( 'NONE',  ( -0.05000000000000023900, 6.199999999999999300, -2.699999999999999300 ) ) ;
#5001 = DIRECTION ( 'NONE',  ( -1.000000000000000000, 0.0000000000000000000, 0.0000000000000000000 ) ) ;
#5002 = VECTOR ( 'NONE', #2501, 1000.000000000000000 ) ;
#5003 = DIRECTION ( 'NONE',  ( 0.0000000000000000000, 1.000000000000000000, 0.0000000000000000000 ) ) ;
#5004 = DIRECTION ( 'NONE',  ( -1.000000000000000000, -0.0000000000000000000, 8.075993836018656900E-017 ) ) ;
#5005 = EDGE_CURVE ( 'NONE', #5392, #8495, #11, .T. ) ;
#5006 = EDGE_LOOP ( 'NONE', ( #6918, #5944, #1585, #6400 ) ) ;
#5007 = DIRECTION ( 'NONE',  ( 0.0000000000000000000, 0.0000000000000000000, 1.000000000000000000 ) ) ;
#5008 = ORIENTED_EDGE ( 'NONE', *, *, #3339, .T. ) ;
#5009 = EDGE_LOOP ( 'NONE', ( #7818 ) ) ;
#5010 = CIRCLE ( 'NONE', #6712, 0.7500000000000041100 ) ;
#5011 = CARTESIAN_POINT ( 'NONE',  ( -1.649999999999998600, -7.721577310586390300, 6.450000000000000200 ) ) ;
#5012 = VECTOR ( 'NONE', #3315, 1000.000000000000000 ) ;
#5013 = AXIS2_PLACEMENT_3D ( 'NONE', #4524, #8364, #9109 ) ;
#5014 = PLANE ( 'NONE',  #4040 ) ;
#5015 = DIRECTION ( 'NONE',  ( 1.239088197126290800E-016, -0.0000000000000000000, 1.000000000000000000 ) ) ;
#5016 = VECTOR ( 'NONE', #2709, 1000.000000000000000 ) ;
#5017 = CARTESIAN_POINT ( 'NONE',  ( 6.625000000000001800, 2.899999999999986100, 6.700000000000000200 ) ) ;
#5018 = DIRECTION ( 'NONE',  ( -0.05233595624294408400, 0.9986295347545739400, 0.0000000000000000000 ) ) ;
#5019 = ORIENTED_EDGE ( 'NONE', *, *, #5628, .F. ) ;
#5020 = ORIENTED_EDGE ( 'NONE', *, *, #7492, .F. ) ;
#5021 = CARTESIAN_POINT ( 'NONE',  ( 5.800000000000000700, 0.2500000000000000000, -4.699999999999999300 ) ) ;
#5022 = EDGE_CURVE ( 'NONE', #4271, #7933, #123, .T. ) ;
#5023 = ORIENTED_EDGE ( 'NONE', *, *, #7361, .F. ) ;
#5024 = EDGE_CURVE ( 'NONE', #7122, #3809, #8889, .T. ) ;
#5025 = VERTEX_POINT ( 'NONE', #4952 ) ;
#5026 = ADVANCED_FACE ( 'NONE', ( #6409 ), #3382, .F. ) ;
#5027 = VECTOR ( 'NONE', #43, 1000.000000000000000 ) ;
#5028 = CARTESIAN_POINT ( 'NONE',  ( -6.999959989698508500, 2.940616759169839300, 5.855477786117076800 ) ) ;
#5029 = CARTESIAN_POINT ( 'NONE',  ( -0.9499999999999977400, -7.721577310586390300, 3.950000000000001100 ) ) ;
#5030 = CARTESIAN_POINT ( 'NONE',  ( 6.500000000000005300, 4.999999999999997300, 7.800000000000018500 ) ) ;
#5031 = AXIS2_PLACEMENT_3D ( 'NONE', #9039, #2039, #1090 ) ;
#5032 = ORIENTED_EDGE ( 'NONE', *, *, #7778, .T. ) ;
#5033 = VECTOR ( 'NONE', #6343, 1000.000000000000000 ) ;
#5034 = EDGE_CURVE ( 'NONE', #4077, #8764, #3663, .T. ) ;
#5035 = ORIENTED_EDGE ( 'NONE', *, *, #6209, .F. ) ;
#5036 = CARTESIAN_POINT ( 'NONE',  ( -5.800000000000000700, 0.0000000000000000000, -4.699999999999999300 ) ) ;
#5037 = DIRECTION ( 'NONE',  ( -8.758115402030106700E-047, -1.000000000000000000, 6.982962677686266700E-015 ) ) ;
#5038 = EDGE_CURVE ( 'NONE', #9152, #4691, #5811, .T. ) ;
#5039 = CARTESIAN_POINT ( 'NONE',  ( -3.049999999999998000, -7.721577310586390300, 6.150000000000000400 ) ) ;
#5040 = PLANE ( 'NONE',  #9403 ) ;
#5041 = DIRECTION ( 'NONE',  ( 0.0000000000000000000, 0.0000000000000000000, 1.000000000000000000 ) ) ;
#5042 = ORIENTED_EDGE ( 'NONE', *, *, #9206, .T. ) ;
#5043 = MANIFOLD_SOLID_BREP ( 'Sketch-Pattern1[5]', #5532 ) ;
#5044 = ORIENTED_EDGE ( 'NONE', *, *, #8582, .F. ) ;
#5045 = LINE ( 'NONE', #537, #1019 ) ;
#5046 = LINE ( 'NONE', #1257, #3025 ) ;
#5047 = VERTEX_POINT ( 'NONE', #4917 ) ;
#5048 = CARTESIAN_POINT ( 'NONE',  ( -7.000000000000005300, 1.049999999999997800, 1.799999999999998700 ) ) ;
#5049 = ORIENTED_EDGE ( 'NONE', *, *, #1209, .T. ) ;
#5050 = SURFACE_STYLE_USAGE ( .BOTH. , #3515 ) ;
#5051 = CIRCLE ( 'NONE', #8345, 0.2999999999999999300 ) ;
#5052 = DIRECTION ( 'NONE',  ( 0.0000000000000000000, 0.0000000000000000000, -1.000000000000000000 ) ) ;
#5053 = AXIS2_PLACEMENT_3D ( 'NONE', #9534, #6460, #4255 ) ;
#5054 = VECTOR ( 'NONE', #324, 1000.000000000000000 ) ;
#5055 = DIRECTION ( 'NONE',  ( -1.000000000000000000, 0.0000000000000000000, 0.0000000000000000000 ) ) ;
#5056 = EDGE_LOOP ( 'NONE', ( #6305, #7642, #3116, #1151 ) ) ;
#5057 = FACE_OUTER_BOUND ( 'NONE', #2068, .T. ) ;
#5058 = VECTOR ( 'NONE', #1262, 1000.000000000000000 ) ;
#5059 = LINE ( 'NONE', #4666, #8370 ) ;
#5060 = LINE ( 'NONE', #1048, #7199 ) ;
#5061 = ORIENTED_EDGE ( 'NONE', *, *, #2538, .F. ) ;
#5062 = EDGE_CURVE ( 'NONE', #7862, #1931, #8168, .T. ) ;
#5063 = ORIENTED_EDGE ( 'NONE', *, *, #925, .T. ) ;
#5064 = DIRECTION ( 'NONE',  ( -1.000000000000000000, -1.239088197126290800E-016, 0.0000000000000000000 ) ) ;
#5065 = PLANE ( 'NONE',  #8860 ) ;
#5066 = CARTESIAN_POINT ( 'NONE',  ( -1.249999999999995100, 8.220000000000000600, -4.199999999999999300 ) ) ;
#5067 = FILL_AREA_STYLE_COLOUR ( '', #1902 ) ;
#5068 = DIRECTION ( 'NONE',  ( 0.0000000000000000000, -3.542745126994888700E-015, -1.000000000000000000 ) ) ;
#5069 = CARTESIAN_POINT ( 'NONE',  ( 6.424999999999999800, 0.0000000000000000000, 0.0000000000000000000 ) ) ;
#5070 = ADVANCED_FACE ( 'NONE', ( #7801 ), #366, .T. ) ;
#5071 = PRESENTATION_LAYER_ASSIGNMENT (  '', '', ( #8423 ) ) ;
#5072 = ORIENTED_EDGE ( 'NONE', *, *, #9075, .F. ) ;
#5073 = EDGE_CURVE ( 'NONE', #3174, #8669, #9499, .T. ) ;
#5074 = DIRECTION ( 'NONE',  ( 0.0000000000000000000, -0.0000000000000000000, 1.000000000000000000 ) ) ;
#5075 = ORIENTED_EDGE ( 'NONE', *, *, #4621, .F. ) ;
#5076 = EDGE_CURVE ( 'NONE', #3539, #6174, #3436, .T. ) ;
#5077 = CARTESIAN_POINT ( 'NONE',  ( -1.075000000000000000, 0.2500000000000006100, 17.08448840921516900 ) ) ;
#5078 = PLANE ( 'NONE',  #8437 ) ;
#5079 = CARTESIAN_POINT ( 'NONE',  ( -6.750000000000005300, 2.349999999999987200, 4.749999999999992900 ) ) ;
#5080 = VERTEX_POINT ( 'NONE', #7287 ) ;
#5081 = CARTESIAN_POINT ( 'NONE',  ( -7.000000000000005300, 1.049999999999997800, 6.550308009257218300 ) ) ;
#5082 = ORIENTED_EDGE ( 'NONE', *, *, #8972, .T. ) ;
#5083 = ORIENTED_EDGE ( 'NONE', *, *, #5466, .F. ) ;
#5084 = ORIENTED_EDGE ( 'NONE', *, *, #4467, .F. ) ;
#5085 = EDGE_CURVE ( 'NONE', #3438, #2962, #5352, .T. ) ;
#5086 = EDGE_CURVE ( 'NONE', #2020, #7155, #5838, .T. ) ;
#5087 = ORIENTED_EDGE ( 'NONE', *, *, #2450, .T. ) ;
#5088 = ORIENTED_EDGE ( 'NONE', *, *, #5502, .T. ) ;
#5089 = ORIENTED_EDGE ( 'NONE', *, *, #9365, .T. ) ;
#5090 = DIRECTION ( 'NONE',  ( 1.000000000000000000, 1.334402673828313600E-016, -0.0000000000000000000 ) ) ;
#5091 = DIRECTION ( 'NONE',  ( 0.0000000000000000000, 0.0000000000000000000, -1.000000000000000000 ) ) ;
#5092 = DIRECTION ( 'NONE',  ( 1.000000000000000000, -0.0000000000000000000, -0.0000000000000000000 ) ) ;
#5093 = FACE_OUTER_BOUND ( 'NONE', #6663, .T. ) ;
#5094 = CARTESIAN_POINT ( 'NONE',  ( 3.050000000000000700, -3.279999999999996300, 6.150000000000000400 ) ) ;
#5095 = CARTESIAN_POINT ( 'NONE',  ( 2.849999999999999600, 6.199999999999999300, -3.849999999999993900 ) ) ;
#5096 = DIRECTION ( 'NONE',  ( 0.0000000000000000000, 0.0000000000000000000, -1.000000000000000000 ) ) ;
#5097 = PLANE ( 'NONE',  #9649 ) ;
#5098 = VERTEX_POINT ( 'NONE', #6397 ) ;
#5099 = ORIENTED_EDGE ( 'NONE', *, *, #9684, .F. ) ;
#5100 = EDGE_CURVE ( 'NONE', #7757, #8929, #8558, .T. ) ;
#5101 = EDGE_LOOP ( 'NONE', ( #9825, #3329, #5336, #4213 ) ) ;
#5102 = VECTOR ( 'NONE', #6875, 1000.000000000000000 ) ;
#5103 = CARTESIAN_POINT ( 'NONE',  ( 0.0000000000000000000, -3.626785478522209300, 0.5119517609947514800 ) ) ;
#5104 = DIRECTION ( 'NONE',  ( -1.000000000000000000, -0.0000000000000000000, 0.0000000000000000000 ) ) ;
#5105 = DIRECTION ( 'NONE',  ( 1.239088197126290800E-016, -0.0000000000000000000, 1.000000000000000000 ) ) ;
#5106 = ORIENTED_EDGE ( 'NONE', *, *, #9765, .T. ) ;
#5107 = ORIENTED_EDGE ( 'NONE', *, *, #5277, .T. ) ;
#5108 = AXIS2_PLACEMENT_3D ( 'NONE', #3978, #8414, #9283 ) ;
#5109 = ORIENTED_EDGE ( 'NONE', *, *, #8147, .T. ) ;
#5110 = PLANE ( 'NONE',  #1204 ) ;
#5111 = LINE ( 'NONE', #7538, #7480 ) ;
#5112 = ADVANCED_FACE ( 'NONE', ( #2514 ), #5693, .F. ) ;
#5114 = DIRECTION ( 'NONE',  ( 0.0000000000000000000, 0.0000000000000000000, 1.000000000000000000 ) ) ;
#5113 = CARTESIAN_POINT ( 'NONE',  ( -0.9499999999999977400, -3.279999999999996300, 3.650000000000001200 ) ) ;
#5115 = DIRECTION ( 'NONE',  ( 0.9986295347545739400, 0.05233595624294408400, 0.0000000000000000000 ) ) ;
#5116 = EDGE_CURVE ( 'NONE', #1263, #6141, #7029, .T. ) ;
#5117 = VERTEX_POINT ( 'NONE', #6633 ) ;
#5118 = ORIENTED_EDGE ( 'NONE', *, *, #9206, .F. ) ;
#5119 = DIRECTION ( 'NONE',  ( 0.0000000000000000000, 0.0000000000000000000, -1.000000000000000000 ) ) ;
#5120 = VECTOR ( 'NONE', #8831, 1000.000000000000000 ) ;
#5121 = VECTOR ( 'NONE', #8801, 1000.000000000000000 ) ;
#5122 = CARTESIAN_POINT ( 'NONE',  ( 6.500000000000042600, 4.999999999999999100, 8.300000000000018500 ) ) ;
#5123 = VECTOR ( 'NONE', #9535, 1000.000000000000000 ) ;
#5124 = AXIS2_PLACEMENT_3D ( 'NONE', #9106, #4646, #4554 ) ;
#5125 = ORIENTED_EDGE ( 'NONE', *, *, #6377, .T. ) ;
#5126 = DIRECTION ( 'NONE',  ( 0.0000000000000000000, 0.0000000000000000000, 1.000000000000000000 ) ) ;
#5127 = CARTESIAN_POINT ( 'NONE',  ( -6.874999999999998200, 4.549999999999988300, 5.199999999999985100 ) ) ;
#5128 = ORIENTED_EDGE ( 'NONE', *, *, #9365, .F. ) ;
#5129 = CARTESIAN_POINT ( 'NONE',  ( -6.999999999999999100, 12.49999999999999600, -23.80497317454280200 ) ) ;
#5130 = ORIENTED_EDGE ( 'NONE', *, *, #248, .F. ) ;
#5131 = LINE ( 'NONE', #232, #3928 ) ;
#5132 = ORIENTED_EDGE ( 'NONE', *, *, #3690, .T. ) ;
#5133 = LINE ( 'NONE', #3015, #51 ) ;
#5134 = CARTESIAN_POINT ( 'NONE',  ( -6.624999999999998200, 12.49999999999999800, -2.699999999999997500 ) ) ;
#5135 = EDGE_CURVE ( 'NONE', #2095, #3310, #6316, .T. ) ;
#5136 = CARTESIAN_POINT ( 'NONE',  ( -3.677205953146756900, -3.480000000000000000, 3.877205953146760200 ) ) ;
#5137 = ORIENTED_EDGE ( 'NONE', *, *, #6101, .F. ) ;
#5138 = LINE ( 'NONE', #7042, #4897 ) ;
#5139 = AXIS2_PLACEMENT_3D ( 'NONE', #9139, #4590, #807 ) ;
#5140 = ADVANCED_FACE ( 'NONE', ( #7144 ), #9506, .F. ) ;
#5141 = DIRECTION ( 'NONE',  ( 1.000000000000000000, -1.334402673828313600E-016, -0.0000000000000000000 ) ) ;
#5142 = CARTESIAN_POINT ( 'NONE',  ( 6.875000000000002700, -3.626785478522208500, 1.088048239005247300 ) ) ;
#5143 = LINE ( 'NONE', #1188, #7967 ) ;
#5144 = DIRECTION ( 'NONE',  ( -9.599961581310927900E-016, 1.000000000000000000, 0.0000000000000000000 ) ) ;
#5145 = EDGE_CURVE ( 'NONE', #7904, #9245, #8318, .T. ) ;
#5146 = EDGE_CURVE ( 'NONE', #2185, #7569, #143, .T. ) ;
#5147 = ORIENTED_EDGE ( 'NONE', *, *, #2033, .F. ) ;
#5148 = ORIENTED_EDGE ( 'NONE', *, *, #4, .T. ) ;
#5149 = ORIENTED_EDGE ( 'NONE', *, *, #8694, .T. ) ;
#5150 = DIRECTION ( 'NONE',  ( -0.02792163872356208000, -0.9996101150403545700, 0.0000000000000000000 ) ) ;
#5151 = FACE_OUTER_BOUND ( 'NONE', #6481, .T. ) ;
#5152 = SURFACE_STYLE_FILL_AREA ( #1059 ) ;
#5153 = CARTESIAN_POINT ( 'NONE',  ( 6.748859375714493700, 3.951366446076102900, 5.866847998326725200 ) ) ;
#5154 = VERTEX_POINT ( 'NONE', #9798 ) ;
#5155 = AXIS2_PLACEMENT_3D ( 'NONE', #7794, #8471, #6195 ) ;
#5156 = CARTESIAN_POINT ( 'NONE',  ( -0.9999999999999995600, 11.80659966456863300, -4.449999999999999300 ) ) ;
#5157 = ORIENTED_EDGE ( 'NONE', *, *, #1286, .F. ) ;
#5158 = MANIFOLD_SOLID_BREP ( 'Sketch-Pattern1[2]', #103 ) ;
#5159 = LINE ( 'NONE', #5761, #3124 ) ;
#5160 = AXIS2_PLACEMENT_3D ( 'NONE', #2224, #7479, #667 ) ;
#5161 = CYLINDRICAL_SURFACE ( 'NONE', #3905, 0.2500000000000002200 ) ;
#5162 = DIRECTION ( 'NONE',  ( 0.0000000000000000000, -1.000000000000000000, 0.0000000000000000000 ) ) ;
#5163 = EDGE_CURVE ( 'NONE', #4365, #1548, #5253, .T. ) ;
#5164 = CYLINDRICAL_SURFACE ( 'NONE', #8267, 0.5000000000000004400 ) ;
#5165 = DIRECTION ( 'NONE',  ( 0.0000000000000000000, 0.0000000000000000000, 1.000000000000000000 ) ) ;
#5166 = ORIENTED_EDGE ( 'NONE', *, *, #3846, .T. ) ;
#5167 = CARTESIAN_POINT ( 'NONE',  ( -0.9499999999999986200, 0.0000000000000000000, 6.150000000000000400 ) ) ;
#5168 = CYLINDRICAL_SURFACE ( 'NONE', #5301, 0.5000000000000004400 ) ;
#5169 = ADVANCED_FACE ( 'NONE', ( #9760 ), #5258, .F. ) ;
#5170 = ORIENTED_EDGE ( 'NONE', *, *, #816, .T. ) ;
#5171 = LINE ( 'NONE', #2252, #8971 ) ;
#5172 = ORIENTED_EDGE ( 'NONE', *, *, #2035, .F. ) ;
#5173 = DIRECTION ( 'NONE',  ( -0.0000000000000000000, -0.0000000000000000000, 1.000000000000000000 ) ) ;
#5174 = PLANE ( 'NONE',  #8716 ) ;
#5175 = DIRECTION ( 'NONE',  ( -1.000000000000000000, 0.0000000000000000000, -0.0000000000000000000 ) ) ;
#5176 = AXIS2_PLACEMENT_3D ( 'NONE', #6591, #7311, #530 ) ;
#5177 = VERTEX_POINT ( 'NONE', #1456 ) ;
#5178 = DIRECTION ( 'NONE',  ( 1.000000000000000000, 0.0000000000000000000, 0.0000000000000000000 ) ) ;
#5179 = EDGE_CURVE ( 'NONE', #2164, #1955, #8813, .T. ) ;
#5180 = ORIENTED_EDGE ( 'NONE', *, *, #415, .T. ) ;
#5181 = DIRECTION ( 'NONE',  ( 1.000000000000000000, 0.0000000000000000000, 0.0000000000000000000 ) ) ;
#5182 = CARTESIAN_POINT ( 'NONE',  ( 6.062285474142321100, 12.98068630366820000, 2.100000000000001000 ) ) ;
#5183 = PLANE ( 'NONE',  #5031 ) ;
#5184 = CARTESIAN_POINT ( 'NONE',  ( 3.050000000000002000, -3.279999999999996300, 3.650000000000001200 ) ) ;
#5185 = CARTESIAN_POINT ( 'NONE',  ( 6.625000000000000000, 3.499999999999987100, 3.450000000000000600 ) ) ;
#5186 = AXIS2_PLACEMENT_3D ( 'NONE', #1684, #1717, #7629 ) ;
#5187 = VERTEX_POINT ( 'NONE', #8294 ) ;
#5188 = FACE_OUTER_BOUND ( 'NONE', #6846, .T. ) ;
#5189 = ADVANCED_FACE ( 'NONE', ( #1000 ), #2901, .T. ) ;
#5190 = LINE ( 'NONE', #5542, #1187 ) ;
#5191 = CARTESIAN_POINT ( 'NONE',  ( -7.000000000000006200, 3.499999999999985300, 3.450000000000000600 ) ) ;
#5192 = ORIENTED_EDGE ( 'NONE', *, *, #6133, .T. ) ;
#5193 = EDGE_CURVE ( 'NONE', #2544, #7904, #868, .T. ) ;
#5194 = LINE ( 'NONE', #4936, #7902 ) ;
#5195 = PLANE ( 'NONE',  #2637 ) ;
#5196 = VERTEX_POINT ( 'NONE', #7844 ) ;
#5197 = DIRECTION ( 'NONE',  ( 0.0000000000000000000, 0.0000000000000000000, -1.000000000000000000 ) ) ;
#5198 = ORIENTED_EDGE ( 'NONE', *, *, #4123, .F. ) ;
#5199 = ORIENTED_EDGE ( 'NONE', *, *, #8892, .F. ) ;
#5200 = DIRECTION ( 'NONE',  ( -0.0000000000000000000, -0.0000000000000000000, 1.000000000000000000 ) ) ;
#5201 = CARTESIAN_POINT ( 'NONE',  ( -3.049999999999998000, -3.279999999999996300, 6.450000000000000200 ) ) ;
#5202 = EDGE_CURVE ( 'NONE', #3134, #6645, #5138, .T. ) ;
#5203 = CARTESIAN_POINT ( 'NONE',  ( -2.499999999999999100, 0.0000000000000000000, 0.0000000000000000000 ) ) ;
#5204 = EDGE_LOOP ( 'NONE', ( #1841, #2663, #5677, #5148 ) ) ;
#5205 = ORIENTED_EDGE ( 'NONE', *, *, #380, .T. ) ;
#5206 = CARTESIAN_POINT ( 'NONE',  ( 6.625000000000002700, -3.500000000000000000, 0.8161559028942522200 ) ) ;
#5207 = ORIENTED_EDGE ( 'NONE', *, *, #7973, .T. ) ;
#5208 = LINE ( 'NONE', #5113, #4022 ) ;
#5209 = PLANE ( 'NONE',  #4869 ) ;
#5210 = LINE ( 'NONE', #6488, #5436 ) ;
#5211 = AXIS2_PLACEMENT_3D ( 'NONE', #8826, #9587, #2774 ) ;
#5212 = ADVANCED_FACE ( 'NONE', ( #4324 ), #4078, .T. ) ;
#5213 = DIRECTION ( 'NONE',  ( 0.0000000000000000000, 0.0000000000000000000, -1.000000000000000000 ) ) ;
#5214 = CARTESIAN_POINT ( 'NONE',  ( -6.750000000000006200, 2.175399033846738400, 7.891506350946141200 ) ) ;
#5215 = CARTESIAN_POINT ( 'NONE',  ( 6.874314767377288900, 2.263075017336866800, 8.040000000000000900 ) ) ;
#5216 = ORIENTED_EDGE ( 'NONE', *, *, #5769, .F. ) ;
#5217 = DIRECTION ( 'NONE',  ( 0.0000000000000000000, -1.000000000000000000, 0.0000000000000000000 ) ) ;
#5218 = ORIENTED_EDGE ( 'NONE', *, *, #2306, .F. ) ;
#5219 = VECTOR ( 'NONE', #1510, 1000.000000000000000 ) ;
#5220 = CARTESIAN_POINT ( 'NONE',  ( 6.733986892264766800, 2.924999999999987800, 5.875000000000000000 ) ) ;
#5221 = EDGE_CURVE ( 'NONE', #1273, #5859, #2190, .T. ) ;
#5222 = EDGE_LOOP ( 'NONE', ( #3584, #6736, #5019, #3248, #6044 ) ) ;
#5223 = ORIENTED_EDGE ( 'NONE', *, *, #6469, .F. ) ;
#5224 = VECTOR ( 'NONE', #6433, 1000.000000000000000 ) ;
#5225 = ORIENTED_EDGE ( 'NONE', *, *, #4287, .F. ) ;
#5226 = VECTOR ( 'NONE', #8960, 1000.000000000000100 ) ;
#5227 = DIRECTION ( 'NONE',  ( 0.0000000000000000000, 0.0000000000000000000, 1.000000000000000000 ) ) ;
#5228 = AXIS2_PLACEMENT_3D ( 'NONE', #1040, #339, #1109 ) ;
#5229 =( NAMED_UNIT ( * ) SI_UNIT ( $, .STERADIAN. ) SOLID_ANGLE_UNIT ( ) );
#5230 = ORIENTED_EDGE ( 'NONE', *, *, #5329, .F. ) ;
#5231 = ORIENTED_EDGE ( 'NONE', *, *, #5163, .F. ) ;
#5232 = LINE ( 'NONE', #3588, #5710 ) ;
#5233 = LINE ( 'NONE', #3848, #1453 ) ;
#5234 = CARTESIAN_POINT ( 'NONE',  ( -6.874999999999998200, 1.049999999999997800, -0.2000000000000014000 ) ) ;
#5235 = ADVANCED_FACE ( 'NONE', ( #2548 ), #5875, .T. ) ;
#5236 = DIRECTION ( 'NONE',  ( 0.0000000000000000000, -1.000000000000000000, 0.0000000000000000000 ) ) ;
#5237 = LINE ( 'NONE', #951, #7823 ) ;
#5238 = CARTESIAN_POINT ( 'NONE',  ( -6.733986892264766800, 2.949999999999987700, 5.875000000000000000 ) ) ;
#5239 = ORIENTED_EDGE ( 'NONE', *, *, #4064, .T. ) ;
#5240 = DIRECTION ( 'NONE',  ( -0.0000000000000000000, -0.0000000000000000000, -1.000000000000000000 ) ) ;
#5241 = AXIS2_PLACEMENT_3D ( 'NONE', #9547, #3467, #7965 ) ;
#5242 = ORIENTED_EDGE ( 'NONE', *, *, #3408, .T. ) ;
#5243 = ORIENTED_EDGE ( 'NONE', *, *, #3293, .F. ) ;
#5244 = LINE ( 'NONE', #6862, #7030 ) ;
#5245 = FACE_OUTER_BOUND ( 'NONE', #2946, .T. ) ;
#5246 = DIRECTION ( 'NONE',  ( 1.000000000000000000, 0.0000000000000000000, -0.0000000000000000000 ) ) ;
#5247 = LINE ( 'NONE', #3549, #9392 ) ;
#5248 = EDGE_CURVE ( 'NONE', #6470, #819, #3356, .T. ) ;
#5249 = VERTEX_POINT ( 'NONE', #6379 ) ;
#5250 = DIRECTION ( 'NONE',  ( -0.0000000000000000000, 1.000000000000000000, -0.0000000000000000000 ) ) ;
#5251 = ORIENTED_EDGE ( 'NONE', *, *, #1784, .T. ) ;
#5252 = ORIENTED_EDGE ( 'NONE', *, *, #2523, .T. ) ;
#5253 = LINE ( 'NONE', #6031, #9054 ) ;
#5254 = FACE_OUTER_BOUND ( 'NONE', #237, .T. ) ;
#5255 = EDGE_LOOP ( 'NONE', ( #3264, #5717, #3646, #7916 ) ) ;
#5256 = DIRECTION ( 'NONE',  ( 1.000000000000000000, 0.0000000000000000000, 0.0000000000000000000 ) ) ;
#5257 = FACE_OUTER_BOUND ( 'NONE', #2857, .T. ) ;
#5258 = PLANE ( 'NONE',  #5493 ) ;
#5259 = ADVANCED_FACE ( 'NONE', ( #3120 ), #306, .T. ) ;
#5260 = EDGE_CURVE ( 'NONE', #4691, #4571, #4915, .T. ) ;
#5261 = ORIENTED_EDGE ( 'NONE', *, *, #5402, .T. ) ;
#5262 = CARTESIAN_POINT ( 'NONE',  ( -0.9999999999999995600, 0.0000000000000000000, -4.199999999999999300 ) ) ;
#5263 = FACE_OUTER_BOUND ( 'NONE', #3049, .T. ) ;
#5264 = EDGE_CURVE ( 'NONE', #479, #3781, #2084, .T. ) ;
#5265 = VERTEX_POINT ( 'NONE', #4729 ) ;
#5266 = AXIS2_PLACEMENT_3D ( 'NONE', #3867, #7671, #2297 ) ;
#5267 = ORIENTED_EDGE ( 'NONE', *, *, #9337, .T. ) ;
#5268 = CARTESIAN_POINT ( 'NONE',  ( -0.6291033726784028800, -3.500000000000000000, 0.1250000000000000000 ) ) ;
#5269 = DIRECTION ( 'NONE',  ( -1.000000000000000000, 0.0000000000000000000, 0.0000000000000000000 ) ) ;
#5270 = CARTESIAN_POINT ( 'NONE',  ( -6.374999999999999100, 2.236907039215393100, 2.100000000000001000 ) ) ;
#5271 = CARTESIAN_POINT ( 'NONE',  ( -6.799999999999998900, 0.0000000000000000000, -2.499999999999998700 ) ) ;
#5272 = ORIENTED_EDGE ( 'NONE', *, *, #2693, .T. ) ;
#5273 = LINE ( 'NONE', #6529, #5750 ) ;
#5274 = PRESENTATION_STYLE_ASSIGNMENT (( #1772 ) ) ;
#5275 = EDGE_CURVE ( 'NONE', #3727, #7502, #650, .T. ) ;
#5276 = VERTEX_POINT ( 'NONE', #1127 ) ;
#5277 = EDGE_CURVE ( 'NONE', #6138, #1721, #2424, .T. ) ;
#5278 = LINE ( 'NONE', #6427, #4215 ) ;
#5279 = DIRECTION ( 'NONE',  ( -0.0000000000000000000, -0.0000000000000000000, 1.000000000000000000 ) ) ;
#5280 = CARTESIAN_POINT ( 'NONE',  ( 1.577205953146759700, -3.480000000000000000, 3.877205953146759800 ) ) ;
#5281 = ORIENTED_EDGE ( 'NONE', *, *, #6658, .T. ) ;
#5282 = PLANE ( 'NONE',  #5432 ) ;
#5283 = VECTOR ( 'NONE', #8169, 1000.000000000000000 ) ;
#5284 = CARTESIAN_POINT ( 'NONE',  ( 7.000000000000006200, 3.999999999999987100, 6.700000000000000200 ) ) ;
#5285 = DIRECTION ( 'NONE',  ( 0.0000000000000000000, -0.4226182617406974400, 0.9063077870366509400 ) ) ;
#5286 = LINE ( 'NONE', #3369, #9086 ) ;
#5287 = VERTEX_POINT ( 'NONE', #9418 ) ;
#5288 = AXIS2_PLACEMENT_3D ( 'NONE', #5902, #9737, #1402 ) ;
#5289 = ADVANCED_FACE ( 'NONE', ( #5366 ), #7905, .F. ) ;
#5290 = VECTOR ( 'NONE', #5213, 1000.000000000000000 ) ;
#5291 = ORIENTED_EDGE ( 'NONE', *, *, #4508, .T. ) ;
#5292 = VECTOR ( 'NONE', #8788, 1000.000000000000000 ) ;
#5293 = CARTESIAN_POINT ( 'NONE',  ( -7.000000000000006200, 3.349999999999985400, 2.100000000000000500 ) ) ;
#5294 = EDGE_CURVE ( 'NONE', #236, #4662, #7043, .T. ) ;
#5295 = FACE_OUTER_BOUND ( 'NONE', #2726, .T. ) ;
#5296 = CARTESIAN_POINT ( 'NONE',  ( -3.049999999999998000, -7.721577310586390300, 3.650000000000001200 ) ) ;
#5297 = CARTESIAN_POINT ( 'NONE',  ( -7.000000000000006200, 2.899999999999986100, 6.700000000000000200 ) ) ;
#5298 = ORIENTED_EDGE ( 'NONE', *, *, #1430, .F. ) ;
#5299 = DIRECTION ( 'NONE',  ( -1.000000000000000000, -0.0000000000000000000, 0.0000000000000000000 ) ) ;
#5300 = EDGE_LOOP ( 'NONE', ( #974, #7257, #6588, #7679 ) ) ;
#5301 = AXIS2_PLACEMENT_3D ( 'NONE', #9788, #6088, #2338 ) ;
#5302 = DIRECTION ( 'NONE',  ( -0.0000000000000000000, -0.0000000000000000000, 1.000000000000000000 ) ) ;
#5303 = EDGE_LOOP ( 'NONE', ( #4795 ) ) ;
#5304 = CARTESIAN_POINT ( 'NONE',  ( 6.625000000000001800, 2.224999999999987200, 1.950000000000000400 ) ) ;
#5305 = DIRECTION ( 'NONE',  ( -0.0000000000000000000, 1.000000000000000000, -3.491481338843133400E-015 ) ) ;
#5306 =( NAMED_UNIT ( * ) SI_UNIT ( $, .STERADIAN. ) SOLID_ANGLE_UNIT ( ) );
#5307 = ADVANCED_FACE ( 'NONE', ( #3098 ), #528, .T. ) ;
#5308 = CARTESIAN_POINT ( 'NONE',  ( 1.250000000000001600, -7.721577310586390300, 6.450000000000000200 ) ) ;
#5309 = VERTEX_POINT ( 'NONE', #3334 ) ;
#5310 = DIRECTION ( 'NONE',  ( 0.9986295347545739400, 0.05233595624294395300, 0.0000000000000000000 ) ) ;
#5311 = EDGE_LOOP ( 'NONE', ( #5087, #624, #4360, #7089 ) ) ;
#5312 = AXIS2_PLACEMENT_3D ( 'NONE', #981, #4676, #247 ) ;
#5313 = CARTESIAN_POINT ( 'NONE',  ( -7.000000000000005300, 2.224999999999985400, 3.375000000000000900 ) ) ;
#5314 = DIRECTION ( 'NONE',  ( 1.296989514749014200E-016, 0.0000000000000000000, 1.000000000000000000 ) ) ;
#5315 = ORIENTED_EDGE ( 'NONE', *, *, #2929, .F. ) ;
#5316 = VERTEX_POINT ( 'NONE', #6484 ) ;
#5317 = EDGE_CURVE ( 'NONE', #6093, #1786, #5977, .T. ) ;
#5318 = DIRECTION ( 'NONE',  ( 0.0000000000000000000, 0.0000000000000000000, -1.000000000000000000 ) ) ;
#5319 = CIRCLE ( 'NONE', #5211, 0.2500000000000000000 ) ;
#5320 = ORIENTED_EDGE ( 'NONE', *, *, #2929, .T. ) ;
#5321 = CARTESIAN_POINT ( 'NONE',  ( 6.375000000000000900, 13.00000000000000000, 8.039999999999997400 ) ) ;
#5322 = AXIS2_PLACEMENT_3D ( 'NONE', #5297, #9770, #759 ) ;
#5323 = ORIENTED_EDGE ( 'NONE', *, *, #681, .F. ) ;
#5324 = ORIENTED_EDGE ( 'NONE', *, *, #109, .F. ) ;
#5325 = ORIENTED_EDGE ( 'NONE', *, *, #2675, .T. ) ;
#5326 = CARTESIAN_POINT ( 'NONE',  ( 6.500000000000003600, 13.00000000000000000, -2.699999999999999300 ) ) ;
#5327 = COLOUR_RGB ( '',0.7921568627450980000, 0.8196078431372548800, 0.9333333333333333500 ) ;
#5329 = EDGE_CURVE ( 'NONE', #4956, #4956, #6575, .T. ) ;
#5328 = CIRCLE ( 'NONE', #7866, 5.000000000000000000 ) ;
#5330 = ADVANCED_FACE ( 'NONE', ( #8570 ), #5674, .F. ) ;
#5331 = EDGE_CURVE ( 'NONE', #6870, #6870, #6328, .T. ) ;
#5332 = PLANE ( 'NONE',  #4951 ) ;
#5333 = CARTESIAN_POINT ( 'NONE',  ( -3.049999999999998000, -7.721577310586390300, 6.450000000000000200 ) ) ;
#5334 = UNCERTAINTY_MEASURE_WITH_UNIT (LENGTH_MEASURE( 1.000000000000000100E-005 ), #8771, 'distance_accuracy_value', 'NONE');
#5335 = EDGE_LOOP ( 'NONE', ( #5075, #3689, #621, #3381 ) ) ;
#5336 = ORIENTED_EDGE ( 'NONE', *, *, #5062, .F. ) ;
#5337 = ORIENTED_EDGE ( 'NONE', *, *, #8998, .F. ) ;
#5338 = LINE ( 'NONE', #8277, #8661 ) ;
#5339 = AXIS2_PLACEMENT_3D ( 'NONE', #9787, #1711, #3752 ) ;
#5340 = CARTESIAN_POINT ( 'NONE',  ( 7.000000000000000900, 12.49999999999999800, -23.80497317454280500 ) ) ;
#5341 = DIRECTION ( 'NONE',  ( -0.0000000000000000000, 1.000000000000000000, -0.0000000000000000000 ) ) ;
#5342 = CARTESIAN_POINT ( 'NONE',  ( -6.624999999999998200, 0.0000000000000000000, 8.040000000000000900 ) ) ;
#5343 = ORIENTED_EDGE ( 'NONE', *, *, #4817, .T. ) ;
#5344 = AXIS2_PLACEMENT_3D ( 'NONE', #1292, #1323, #519 ) ;
#5345 = VERTEX_POINT ( 'NONE', #7937 ) ;
#5346 = DIRECTION ( 'NONE',  ( 0.3236155771181821700, -0.8891264907159901500, 0.3236155771181821700 ) ) ;
#5347 = EDGE_CURVE ( 'NONE', #2347, #737, #7506, .T. ) ;
#5348 = LINE ( 'NONE', #7564, #976 ) ;
#5349 = DIRECTION ( 'NONE',  ( -1.000000000000000000, 0.0000000000000000000, 0.0000000000000000000 ) ) ;
#5350 = ORIENTED_EDGE ( 'NONE', *, *, #9503, .F. ) ;
#5351 = ORIENTED_EDGE ( 'NONE', *, *, #4879, .F. ) ;
#5352 = LINE ( 'NONE', #1961, #3202 ) ;
#5353 = AXIS2_PLACEMENT_3D ( 'NONE', #7341, #503, #1212 ) ;
#5354 = VECTOR ( 'NONE', #4400, 1000.000000000000000 ) ;
#5355 = ADVANCED_FACE ( 'NONE', ( #8332, #8091 ), #6557, .F. ) ;
#5356 = VECTOR ( 'NONE', #8532, 1000.000000000000000 ) ;
#5357 = CARTESIAN_POINT ( 'NONE',  ( 6.750000000000005300, 4.999999999999997300, 7.800000000000018500 ) ) ;
#5358 = LINE ( 'NONE', #883, #7148 ) ;
#5359 = EDGE_LOOP ( 'NONE', ( #3597, #9089, #4330, #1827 ) ) ;
#5360 = EDGE_CURVE ( 'NONE', #3088, #7529, #7367, .T. ) ;
#5361 = VERTEX_POINT ( 'NONE', #8608 ) ;
#5362 = EDGE_LOOP ( 'NONE', ( #5473, #1820, #4732, #3615 ) ) ;
#5363 = CARTESIAN_POINT ( 'NONE',  ( -6.374999999999999100, 13.00000000000000000, 8.049999999999997200 ) ) ;
#5364 = VECTOR ( 'NONE', #3221, 1000.000000000000000 ) ;
#5365 = ORIENTED_EDGE ( 'NONE', *, *, #4051, .T. ) ;
#5366 = FACE_OUTER_BOUND ( 'NONE', #199, .T. ) ;
#5367 = CARTESIAN_POINT ( 'NONE',  ( 0.0000000000000000000, -3.480000000000000000, 6.377205953146758900 ) ) ;
#5368 = CARTESIAN_POINT ( 'NONE',  ( -1.022794046853238800, -3.480000000000000000, 3.722794046853242600 ) ) ;
#5369 = LINE ( 'NONE', #9804, #7614 ) ;
#5370 = PRESENTATION_LAYER_ASSIGNMENT (  '', '', ( #3783 ) ) ;
#5371 = ORIENTED_EDGE ( 'NONE', *, *, #4393, .T. ) ;
#5372 = DIRECTION ( 'NONE',  ( 1.000000000000000000, 0.0000000000000000000, 0.0000000000000000000 ) ) ;
#5373 = VECTOR ( 'NONE', #9654, 1000.000000000000000 ) ;
#5374 = CARTESIAN_POINT ( 'NONE',  ( -6.374999999999999100, 2.827998971712251900E-014, 8.050000000000045100 ) ) ;
#5375 = VECTOR ( 'NONE', #1405, 1000.000000000000000 ) ;
#5376 = DIRECTION ( 'NONE',  ( -0.0000000000000000000, -0.0000000000000000000, -1.000000000000000000 ) ) ;
#5377 = DIRECTION ( 'NONE',  ( 0.0000000000000000000, -1.000000000000000000, 0.0000000000000000000 ) ) ;
#5378 = EDGE_CURVE ( 'NONE', #6770, #7811, #9387, .T. ) ;
#5379 = PLANE ( 'NONE',  #4628 ) ;
#5380 = VERTEX_POINT ( 'NONE', #8104 ) ;
#5381 = LINE ( 'NONE', #2231, #3231 ) ;
#5382 = EDGE_LOOP ( 'NONE', ( #942, #6548, #5083, #7624, #6701, #931, #55, #9682 ) ) ;
#5383 = ORIENTED_EDGE ( 'NONE', *, *, #1397, .F. ) ;
#5384 = AXIS2_PLACEMENT_3D ( 'NONE', #2557, #316, #7004 ) ;
#5385 = ORIENTED_EDGE ( 'NONE', *, *, #3529, .F. ) ;
#5386 = FACE_OUTER_BOUND ( 'NONE', #7438, .T. ) ;
#5387 = VECTOR ( 'NONE', #4241, 1000.000000000000000 ) ;
#5388 = DIRECTION ( 'NONE',  ( -1.000000000000000000, 0.0000000000000000000, 0.0000000000000000000 ) ) ;
#5389 = ORIENTED_EDGE ( 'NONE', *, *, #4594, .F. ) ;
#5390 = LINE ( 'NONE', #1580, #7633 ) ;
#5391 = CARTESIAN_POINT ( 'NONE',  ( -7.000000000000006200, 2.899999999999986600, 5.850000000000000500 ) ) ;
#5392 = VERTEX_POINT ( 'NONE', #5829 ) ;
#5393 = FACE_OUTER_BOUND ( 'NONE', #3294, .T. ) ;
#5394 = FACE_OUTER_BOUND ( 'NONE', #6580, .T. ) ;
#5395 = VECTOR ( 'NONE', #6893, 1000.000000000000000 ) ;
#5396 = ORIENTED_EDGE ( 'NONE', *, *, #1774, .F. ) ;
#5397 = DIRECTION ( 'NONE',  ( 1.000000000000000000, 0.0000000000000000000, -0.0000000000000000000 ) ) ;
#5398 = DIRECTION ( 'NONE',  ( 1.334402673828313600E-016, -1.000000000000000000, -2.551063935260010000E-016 ) ) ;
#5399 = VERTEX_POINT ( 'NONE', #4890 ) ;
#5400 = PLANE ( 'NONE',  #4683 ) ;
#5401 = LINE ( 'NONE', #8444, #6134 ) ;
#5402 = EDGE_CURVE ( 'NONE', #3660, #6150, #8319, .T. ) ;
#5403 = DIRECTION ( 'NONE',  ( -0.0000000000000000000, -0.0000000000000000000, 1.000000000000000000 ) ) ;
#5404 = ADVANCED_FACE ( 'NONE', ( #4200 ), #8640, .T. ) ;
#5405 = DIRECTION ( 'NONE',  ( 0.0000000000000000000, 0.0000000000000000000, -1.000000000000000000 ) ) ;
#5406 = DIRECTION ( 'NONE',  ( 0.0000000000000000000, 3.542745126994888700E-015, 1.000000000000000000 ) ) ;
#5407 = CARTESIAN_POINT ( 'NONE',  ( -0.9999999999999995600, 11.39897948556635400, 0.1250000000000001100 ) ) ;
#5408 = VERTEX_POINT ( 'NONE', #9400 ) ;
#5409 = CARTESIAN_POINT ( 'NONE',  ( -7.000000000000006200, 3.974999999999987200, 5.850000000000000500 ) ) ;
#5410 = VERTEX_POINT ( 'NONE', #4787 ) ;
#5411 = PLANE ( 'NONE',  #3263 ) ;
#5412 = CARTESIAN_POINT ( 'NONE',  ( 3.750000000000000900, -7.721577310586390300, 6.450000000000000200 ) ) ;
#5413 = EDGE_CURVE ( 'NONE', #8810, #7134, #4672, .T. ) ;
#5414 = AXIS2_PLACEMENT_3D ( 'NONE', #9066, #4518, #9817 ) ;
#5415 = ORIENTED_EDGE ( 'NONE', *, *, #8489, .F. ) ;
#5416 = DIRECTION ( 'NONE',  ( -0.0000000000000000000, -0.0000000000000000000, -1.000000000000000000 ) ) ;
#5417 = VERTEX_POINT ( 'NONE', #7319 ) ;
#5418 = SURFACE_STYLE_FILL_AREA ( #9546 ) ;
#5419 = AXIS2_PLACEMENT_3D ( 'NONE', #8004, #3433, #9450 ) ;
#5420 = ORIENTED_EDGE ( 'NONE', *, *, #1601, .F. ) ;
#5421 = CARTESIAN_POINT ( 'NONE',  ( -2.100000000000000100, -3.480000000000000000, 3.877205953146759800 ) ) ;
#5422 = DIRECTION ( 'NONE',  ( 0.0000000000000000000, 1.445602896647339100E-015, 1.000000000000000000 ) ) ;
#5423 = CARTESIAN_POINT ( 'NONE',  ( -7.000000000000006200, 2.236907039215393100, 2.100000000000000500 ) ) ;
#5424 = DIRECTION ( 'NONE',  ( -1.000000000000000000, 0.0000000000000000000, -0.0000000000000000000 ) ) ;
#5425 = EDGE_LOOP ( 'NONE', ( #6109, #9601, #1401, #6017 ) ) ;
#5426 = PLANE ( 'NONE',  #4179 ) ;
#5427 = CIRCLE ( 'NONE', #4264, 0.3000000000000000400 ) ;
#5428 = DIRECTION ( 'NONE',  ( 0.0000000000000000000, 0.0000000000000000000, 1.000000000000000000 ) ) ;
#5429 = EDGE_LOOP ( 'NONE', ( #9486, #3863, #4907, #116 ) ) ;
#5430 = ORIENTED_EDGE ( 'NONE', *, *, #3607, .T. ) ;
#5431 = EDGE_LOOP ( 'NONE', ( #8490, #4155, #4018, #4318 ) ) ;
#5432 = AXIS2_PLACEMENT_3D ( 'NONE', #8934, #3687, #4457 ) ;
#5433 = ORIENTED_EDGE ( 'NONE', *, *, #297, .T. ) ;
#5434 = CARTESIAN_POINT ( 'NONE',  ( 6.625000000000000000, 3.999999999999987100, 6.700000000000000200 ) ) ;
#5435 = CARTESIAN_POINT ( 'NONE',  ( 6.875000000000001800, 1.899999999999997200, 7.563298562962305700 ) ) ;
#5436 = VECTOR ( 'NONE', #487, 1000.000000000000000 ) ;
#5437 = EDGE_CURVE ( 'NONE', #9268, #6200, #9299, .T. ) ;
#5438 = DIRECTION ( 'NONE',  ( -0.3236155771181821700, 0.8891264907159901500, 0.3236155771181821700 ) ) ;
#5439 = EDGE_LOOP ( 'NONE', ( #2678, #945, #6649, #1077 ) ) ;
#5440 = DIRECTION ( 'NONE',  ( -0.0000000000000000000, 0.0000000000000000000, -1.000000000000000000 ) ) ;
#5441 = DIRECTION ( 'NONE',  ( 0.0000000000000000000, 0.0000000000000000000, -1.000000000000000000 ) ) ;
#5442 = ORIENTED_EDGE ( 'NONE', *, *, #5451, .T. ) ;
#5443 = CARTESIAN_POINT ( 'NONE',  ( -6.951960676794287900, 2.949999999999987700, 6.033634734814048000 ) ) ;
#5444 = VECTOR ( 'NONE', #3709, 999.9999999999998900 ) ;
#5445 = ADVANCED_FACE ( 'NONE', ( #9071, #5993 ), #6693, .F. ) ;
#5446 = AXIS2_PLACEMENT_3D ( 'NONE', #4580, #6140, #4793 ) ;
#5447 = ORIENTED_EDGE ( 'NONE', *, *, #2800, .T. ) ;
#5448 = ORIENTED_EDGE ( 'NONE', *, *, #9354, .F. ) ;
#5449 = EDGE_CURVE ( 'NONE', #9111, #7333, #6928, .T. ) ;
#5450 = LINE ( 'NONE', #3645, #3184 ) ;
#5451 = EDGE_CURVE ( 'NONE', #7338, #8360, #8939, .T. ) ;
#5452 = CARTESIAN_POINT ( 'NONE',  ( -6.749992066813588200, 3.966727731205794200, 5.851408273293448500 ) ) ;
#5453 = CARTESIAN_POINT ( 'NONE',  ( -6.874999999999998200, 1.049999999999997800, 8.040000000000000900 ) ) ;
#5454 = DIRECTION ( 'NONE',  ( 1.000000000000000000, -0.0000000000000000000, -0.0000000000000000000 ) ) ;
#5455 = ADVANCED_FACE ( 'NONE', ( #3811 ), #8667, .F. ) ;
#5456 = CARTESIAN_POINT ( 'NONE',  ( -6.500000000000042600, 4.999999999999999100, 8.300000000000018500 ) ) ;
#5457 = ORIENTED_EDGE ( 'NONE', *, *, #2277, .T. ) ;
#5458 = ORIENTED_EDGE ( 'NONE', *, *, #4570, .T. ) ;
#5459 = VECTOR ( 'NONE', #5341, 1000.000000000000000 ) ;
#5460 = ORIENTED_EDGE ( 'NONE', *, *, #78, .T. ) ;
#5461 = FACE_OUTER_BOUND ( 'NONE', #5359, .T. ) ;
#5462 = DIRECTION ( 'NONE',  ( -1.000000000000000000, 0.0000000000000000000, 0.0000000000000000000 ) ) ;
#5463 = DIRECTION ( 'NONE',  ( -0.0000000000000000000, 1.000000000000000000, -0.0000000000000000000 ) ) ;
#5464 = DIRECTION ( 'NONE',  ( 1.000000000000000000, 0.0000000000000000000, 0.0000000000000000000 ) ) ;
#5465 = CARTESIAN_POINT ( 'NONE',  ( -7.000000000000005300, 1.049999999999997800, 1.799999999999998700 ) ) ;
#5466 = EDGE_CURVE ( 'NONE', #8912, #3885, #1175, .T. ) ;
#5467 = CARTESIAN_POINT ( 'NONE',  ( 3.750000000000000900, -3.279999999999996300, 6.450000000000000200 ) ) ;
#5468 = CARTESIAN_POINT ( 'NONE',  ( -6.605784270717713900, 2.949999999999986900, 6.650000000000000400 ) ) ;
#5469 = ORIENTED_EDGE ( 'NONE', *, *, #109, .T. ) ;
#5470 = DIRECTION ( 'NONE',  ( 0.0000000000000000000, 0.0000000000000000000, 1.000000000000000000 ) ) ;
#5471 = EDGE_CURVE ( 'NONE', #3950, #3794, #9297, .T. ) ;
#5472 = ORIENTED_EDGE ( 'NONE', *, *, #6804, .F. ) ;
#5473 = ORIENTED_EDGE ( 'NONE', *, *, #8707, .T. ) ;
#5474 = ADVANCED_FACE ( 'NONE', ( #2762 ), #392, .F. ) ;
#5475 = VECTOR ( 'NONE', #9615, 1000.000000000000000 ) ;
#5476 = VECTOR ( 'NONE', #7635, 1000.000000000000000 ) ;
#5477 = LINE ( 'NONE', #7437, #1813 ) ;
#5478 = CARTESIAN_POINT ( 'NONE',  ( -0.4500000000000002900, 6.199999999999999300, -2.699999999999999300 ) ) ;
#5479 = ORIENTED_EDGE ( 'NONE', *, *, #3942, .F. ) ;
#5480 = AXIS2_PLACEMENT_3D ( 'NONE', #4573, #8343, #45 ) ;
#5481 = ORIENTED_EDGE ( 'NONE', *, *, #6983, .T. ) ;
#5482 = FACE_OUTER_BOUND ( 'NONE', #8731, .T. ) ;
#5483 = ORIENTED_EDGE ( 'NONE', *, *, #4136, .F. ) ;
#5484 = VECTOR ( 'NONE', #3506, 1000.000000000000000 ) ;
#5485 = CARTESIAN_POINT ( 'NONE',  ( -0.4500000000000002900, 6.199999999999999300, -2.699999999999999300 ) ) ;
#5486 = CARTESIAN_POINT ( 'NONE',  ( -7.000000000000006200, 2.236907039215393100, 2.100000000000000500 ) ) ;
#5487 = VERTEX_POINT ( 'NONE', #5443 ) ;
#5488 = DIRECTION ( 'NONE',  ( -0.3236155771181821700, 0.8891264907159901500, 0.3236155771181821700 ) ) ;
#5489 = VECTOR ( 'NONE', #8512, 1000.000000000000000 ) ;
#5490 = LINE ( 'NONE', #101, #646 ) ;
#5491 = LINE ( 'NONE', #4829, #2540 ) ;
#5492 = PLANE ( 'NONE',  #1346 ) ;
#5493 = AXIS2_PLACEMENT_3D ( 'NONE', #3762, #656, #2940 ) ;
#5494 = ORIENTED_EDGE ( 'NONE', *, *, #896, .F. ) ;
#5495 = DIRECTION ( 'NONE',  ( 0.0000000000000000000, -1.000000000000000000, 0.0000000000000000000 ) ) ;
#5496 = ADVANCED_FACE ( 'NONE', ( #5687 ), #2191, .F. ) ;
#5497 = ORIENTED_EDGE ( 'NONE', *, *, #1106, .F. ) ;
#5498 = DIRECTION ( 'NONE',  ( -1.000000000000000000, -1.334402673828313600E-016, 0.0000000000000000000 ) ) ;
#5499 = DIRECTION ( 'NONE',  ( 0.0000000000000000000, 0.0000000000000000000, -1.000000000000000000 ) ) ;
#5500 = DIRECTION ( 'NONE',  ( -0.3236155771181821700, 0.8891264907159901500, 0.3236155771181821700 ) ) ;
#5501 = EDGE_LOOP ( 'NONE', ( #8569, #5590, #6279, #2106 ) ) ;
#5502 = EDGE_CURVE ( 'NONE', #9113, #9298, #2420, .T. ) ;
#5503 = LINE ( 'NONE', #3154, #7295 ) ;
#5504 = DIRECTION ( 'NONE',  ( -1.000000000000000000, 0.0000000000000000000, 0.0000000000000000000 ) ) ;
#5505 = DIRECTION ( 'NONE',  ( 1.334402673828313600E-016, -1.000000000000000000, 0.0000000000000000000 ) ) ;
#5506 = LINE ( 'NONE', #7808, #1608 ) ;
#5507 = VECTOR ( 'NONE', #390, 1000.000000000000000 ) ;
#5508 = ORIENTED_EDGE ( 'NONE', *, *, #6818, .F. ) ;
#5509 = FACE_OUTER_BOUND ( 'NONE', #4396, .T. ) ;
#5510 = FILL_AREA_STYLE ('',( #753 ) ) ;
#5511 = DIRECTION ( 'NONE',  ( 1.334402673828313600E-016, -1.000000000000000000, 3.491481338843134100E-015 ) ) ;
#5512 = ADVANCED_FACE ( 'NONE', ( #3951 ), #9756, .T. ) ;
#5513 = EDGE_LOOP ( 'NONE', ( #471, #1083, #8317, #4843 ) ) ;
#5514 = LINE ( 'NONE', #9640, #5757 ) ;
#5515 = CARTESIAN_POINT ( 'NONE',  ( 6.624657383688645300, 2.249991028276130400, 3.300000000000000700 ) ) ;
#5516 = AXIS2_PLACEMENT_3D ( 'NONE', #9404, #7031, #3996 ) ;
#5517 = CIRCLE ( 'NONE', #2066, 0.4499999999999999000 ) ;
#5518 = LINE ( 'NONE', #8074, #4963 ) ;
#5519 = EDGE_CURVE ( 'NONE', #4970, #8495, #3552, .T. ) ;
#5520 = EDGE_CURVE ( 'NONE', #4373, #4652, #4024, .T. ) ;
#5521 = LINE ( 'NONE', #3938, #7643 ) ;
#5522 = VECTOR ( 'NONE', #4479, 1000.000000000000000 ) ;
#5523 = VECTOR ( 'NONE', #5217, 1000.000000000000000 ) ;
#5524 = AXIS2_PLACEMENT_3D ( 'NONE', #6626, #8222, #7363 ) ;
#5525 = CARTESIAN_POINT ( 'NONE',  ( -0.9499999999999977400, -7.721577310586390300, 3.950000000000001100 ) ) ;
#5526 = DIRECTION ( 'NONE',  ( -0.0000000000000000000, -0.0000000000000000000, -1.000000000000000000 ) ) ;
#5527 = LINE ( 'NONE', #235, #1044 ) ;
#5528 = CARTESIAN_POINT ( 'NONE',  ( 3.050000000000002000, 0.0000000000000000000, 3.950000000000001100 ) ) ;
#5529 = DIRECTION ( 'NONE',  ( 0.0000000000000000000, 0.0000000000000000000, 1.000000000000000000 ) ) ;
#5530 = CARTESIAN_POINT ( 'NONE',  ( -3.749999999999998200, 0.0000000000000000000, 6.450000000000000200 ) ) ;
#5531 = EDGE_CURVE ( 'NONE', #8182, #5584, #5816, .T. ) ;
#5532 = CLOSED_SHELL ( 'NONE', ( #618, #3298, #6022, #953, #7610, #1171, #9237, #1218, #2931, #2427 ) ) ;
#5533 = EDGE_CURVE ( 'NONE', #1756, #9426, #8701, .T. ) ;
#5534 = VECTOR ( 'NONE', #3755, 1000.000000000000000 ) ;
#5535 = DIRECTION ( 'NONE',  ( -0.0000000000000000000, -0.0000000000000000000, 1.000000000000000000 ) ) ;
#5536 = VECTOR ( 'NONE', #63, 1000.000000000000000 ) ;
#5537 = DIRECTION ( 'NONE',  ( -1.000000000000000000, 0.0000000000000000000, 0.0000000000000000000 ) ) ;
#5538 = VERTEX_POINT ( 'NONE', #742 ) ;
#5539 = CARTESIAN_POINT ( 'NONE',  ( -7.000000000000006200, 3.999999999999987100, 6.700000000000000200 ) ) ;
#5540 = DIRECTION ( 'NONE',  ( 1.000000000000000000, -1.040834085586083400E-013, 0.0000000000000000000 ) ) ;
#5541 = DIRECTION ( 'NONE',  ( 0.8718951381180901600, 8.577799438434874600E-018, -0.4896926261707814100 ) ) ;
#5542 = CARTESIAN_POINT ( 'NONE',  ( -6.500000000000024000, 1.899999999999997200, 7.563298562962308400 ) ) ;
#5543 = ORIENTED_EDGE ( 'NONE', *, *, #8008, .F. ) ;
#5544 = CARTESIAN_POINT ( 'NONE',  ( -0.9999999999999995600, 10.21786228900426100, -15.58944443027283300 ) ) ;
#5545 = VERTEX_POINT ( 'NONE', #5184 ) ;
#5546 = CARTESIAN_POINT ( 'NONE',  ( -0.9499999999999986200, -3.279999999999996300, 6.450000000000000200 ) ) ;
#5547 = COLOUR_RGB ( '',0.7921568627450980000, 0.8196078431372548800, 0.9333333333333333500 ) ;
#5548 = ADVANCED_FACE ( 'NONE', ( #4382 ), #5282, .F. ) ;
#5549 = ORIENTED_EDGE ( 'NONE', *, *, #5671, .T. ) ;
#5550 = CARTESIAN_POINT ( 'NONE',  ( 3.677205953146759600, -3.480000000000000000, 6.377205953146758900 ) ) ;
#5551 = VERTEX_POINT ( 'NONE', #2999 ) ;
#5552 = ORIENTED_EDGE ( 'NONE', *, *, #8489, .T. ) ;
#5553 = AXIS2_PLACEMENT_3D ( 'NONE', #9080, #6033, #3059 ) ;
#5554 = AXIS2_PLACEMENT_3D ( 'NONE', #4362, #5898, #9701 ) ;
#5555 = VECTOR ( 'NONE', #8883, 1000.000000000000000 ) ;
#5556 = CARTESIAN_POINT ( 'NONE',  ( 6.625000000000000900, 3.999999999999986200, 8.040000000000000900 ) ) ;
#5557 = DIRECTION ( 'NONE',  ( 1.000000000000000000, 0.0000000000000000000, 0.0000000000000000000 ) ) ;
#5558 = VERTEX_POINT ( 'NONE', #2238 ) ;
#5559 = DIRECTION ( 'NONE',  ( 1.000000000000000000, -0.0000000000000000000, -0.0000000000000000000 ) ) ;
#5560 = DIRECTION ( 'NONE',  ( -0.0000000000000000000, 1.000000000000000000, -0.0000000000000000000 ) ) ;
#5561 = CARTESIAN_POINT ( 'NONE',  ( 3.123308929227474300, -3.481414627696880300, 6.223308929227473900 ) ) ;
#5562 = ORIENTED_EDGE ( 'NONE', *, *, #2108, .T. ) ;
#5563 = ADVANCED_FACE ( 'NONE', ( #9577 ), #3719, .F. ) ;
#5564 = ORIENTED_EDGE ( 'NONE', *, *, #4879, .T. ) ;
#5565 = CARTESIAN_POINT ( 'NONE',  ( -6.624999999999998200, 2.236907039215393100, 2.100000000000001000 ) ) ;
#5566 = EDGE_CURVE ( 'NONE', #3993, #2415, #7550, .T. ) ;
#5567 = CIRCLE ( 'NONE', #6107, 0.5000000000000002200 ) ;
#5568 = LINE ( 'NONE', #4319, #6412 ) ;
#5569 = PLANE ( 'NONE',  #224 ) ;
#5570 = AXIS2_PLACEMENT_3D ( 'NONE', #8779, #7293, #3325 ) ;
#5571 = PLANE ( 'NONE',  #3198 ) ;
#5572 = ORIENTED_EDGE ( 'NONE', *, *, #3661, .T. ) ;
#5573 = ORIENTED_EDGE ( 'NONE', *, *, #9027, .F. ) ;
#5574 = PLANE ( 'NONE',  #9083 ) ;
#5575 = VERTEX_POINT ( 'NONE', #4519 ) ;
#5576 = CYLINDRICAL_SURFACE ( 'NONE', #9661, 0.2500000000000002200 ) ;
#5577 = EDGE_CURVE ( 'NONE', #8146, #3054, #6258, .T. ) ;
#5578 = EDGE_CURVE ( 'NONE', #6734, #8457, #5632, .T. ) ;
#5579 = CARTESIAN_POINT ( 'NONE',  ( -7.000000000000005300, 4.999999999999999100, 8.299999999999982900 ) ) ;
#5580 = DIRECTION ( 'NONE',  ( 0.0000000000000000000, -0.0000000000000000000, -1.000000000000000000 ) ) ;
#5581 = CARTESIAN_POINT ( 'NONE',  ( 6.733986892264766800, 3.949999999999988200, 5.911211578271352400 ) ) ;
#5582 = ORIENTED_EDGE ( 'NONE', *, *, #7891, .T. ) ;
#5583 = ORIENTED_EDGE ( 'NONE', *, *, #5193, .T. ) ;
#5584 = VERTEX_POINT ( 'NONE', #9251 ) ;
#5585 = VECTOR ( 'NONE', #5505, 1000.000000000000000 ) ;
#5586 = DIRECTION ( 'NONE',  ( 0.0000000000000000000, 0.0000000000000000000, 1.000000000000000000 ) ) ;
#5587 = AXIS2_PLACEMENT_3D ( 'NONE', #769, #3100, #8442 ) ;
#5588 = VECTOR ( 'NONE', #5511, 1000.000000000000000 ) ;
#5589 = DIRECTION ( 'NONE',  ( -0.0000000000000000000, -1.000000000000000000, -0.0000000000000000000 ) ) ;
#5590 = ORIENTED_EDGE ( 'NONE', *, *, #1286, .T. ) ;
#5591 = AXIS2_PLACEMENT_3D ( 'NONE', #8655, #3373, #7170 ) ;
#5592 = ORIENTED_EDGE ( 'NONE', *, *, #4, .F. ) ;
#5593 = FACE_BOUND ( 'NONE', #30, .T. ) ;
#5594 = EDGE_CURVE ( 'NONE', #1931, #7529, #4234, .T. ) ;
#5595 = CARTESIAN_POINT ( 'NONE',  ( -7.000000000000005300, 2.349999999999989000, 5.199999999999993100 ) ) ;
#5596 = CARTESIAN_POINT ( 'NONE',  ( 0.8000000000000002700, -2.326820668033589900, -0.1250000000000000000 ) ) ;
#5597 = LINE ( 'NONE', #6393, #5012 ) ;
#5598 = CARTESIAN_POINT ( 'NONE',  ( 0.6227940468532424700, -3.480000000000000000, 0.0000000000000000000 ) ) ;
#5599 = DIRECTION ( 'NONE',  ( -1.000000000000000000, 0.0000000000000000000, 0.0000000000000000000 ) ) ;
#5600 = DIRECTION ( 'NONE',  ( -1.000000000000000000, 0.0000000000000000000, 0.0000000000000000000 ) ) ;
#5601 = ADVANCED_FACE ( 'NONE', ( #987 ), #4706, .F. ) ;
#5602 = VERTEX_POINT ( 'NONE', #7045 ) ;
#5603 = DIRECTION ( 'NONE',  ( -1.000000000000000000, 0.0000000000000000000, 0.0000000000000000000 ) ) ;
#5604 = VECTOR ( 'NONE', #7448, 1000.000000000000000 ) ;
#5605 = ORIENTED_EDGE ( 'NONE', *, *, #7098, .T. ) ;
#5606 = DIRECTION ( 'NONE',  ( 0.0000000000000000000, -1.000000000000000000, 0.0000000000000000000 ) ) ;
#5607 = DIRECTION ( 'NONE',  ( -1.000000000000000000, 0.0000000000000000000, 0.0000000000000000000 ) ) ;
#5608 = VECTOR ( 'NONE', #7474, 1000.000000000000000 ) ;
#5609 = PLANE ( 'NONE',  #511 ) ;
#5610 = DIRECTION ( 'NONE',  ( -1.000000000000000000, -1.334402673828313600E-016, 0.0000000000000000000 ) ) ;
#5611 = CARTESIAN_POINT ( 'NONE',  ( -6.874999999999998200, 12.49999999999999100, 8.040000000000000900 ) ) ;
#5612 = CARTESIAN_POINT ( 'NONE',  ( -2.575000000000000200, 4.649999999999998600, -15.58944443027283300 ) ) ;
#5613 = ORIENTED_EDGE ( 'NONE', *, *, #1985, .T. ) ;
#5614 = CARTESIAN_POINT ( 'NONE',  ( 6.500000000000042600, 4.999999999999999100, 8.300000000000018500 ) ) ;
#5615 = ADVANCED_FACE ( 'NONE', ( #212 ), #6277, .F. ) ;
#5616 = CIRCLE ( 'NONE', #6215, 0.5000000000000004400 ) ;
#5617 = CARTESIAN_POINT ( 'NONE',  ( -1.075000000000000000, 0.9022884140034506100, 17.08448840921516900 ) ) ;
#5618 = CARTESIAN_POINT ( 'NONE',  ( 6.875000000000000000, 13.00000000000000200, 1.950000000000002200 ) ) ;
#5619 = DIRECTION ( 'NONE',  ( 0.0000000000000000000, 0.0000000000000000000, -1.000000000000000000 ) ) ;
#5620 = ORIENTED_EDGE ( 'NONE', *, *, #6105, .T. ) ;
#5621 = DIRECTION ( 'NONE',  ( 0.0000000000000000000, 0.0000000000000000000, 1.000000000000000000 ) ) ;
#5622 = FACE_OUTER_BOUND ( 'NONE', #1275, .T. ) ;
#5623 = ORIENTED_EDGE ( 'NONE', *, *, #5531, .T. ) ;
#5624 = ORIENTED_EDGE ( 'NONE', *, *, #297, .F. ) ;
#5625 = ORIENTED_EDGE ( 'NONE', *, *, #571, .T. ) ;
#5626 = LINE ( 'NONE', #8494, #7412 ) ;
#5627 = LINE ( 'NONE', #1978, #544 ) ;
#5628 = EDGE_CURVE ( 'NONE', #8556, #9185, #8356, .T. ) ;
#5629 = DIRECTION ( 'NONE',  ( 1.000000000000000000, 0.0000000000000000000, 0.0000000000000000000 ) ) ;
#5630 = CARTESIAN_POINT ( 'NONE',  ( 0.0000000000000000000, 6.500000000000000000, -4.449999999999999300 ) ) ;
#5631 = CARTESIAN_POINT ( 'NONE',  ( -6.624999999999998200, 2.149999999999987000, 1.950000000000001700 ) ) ;
#5632 = CIRCLE ( 'NONE', #5767, 5.700000000000000200 ) ;
#5633 = DIRECTION ( 'NONE',  ( 0.0000000000000000000, -0.0000000000000000000, 1.000000000000000000 ) ) ;
#5634 = CARTESIAN_POINT ( 'NONE',  ( -6.999999999999996400, 12.49999999999999600, -4.699999999999999300 ) ) ;
#5635 = ORIENTED_EDGE ( 'NONE', *, *, #785, .T. ) ;
#5636 = DIRECTION ( 'NONE',  ( 0.0000000000000000000, 1.000000000000000000, 0.0000000000000000000 ) ) ;
#5637 = AXIS2_PLACEMENT_3D ( 'NONE', #8514, #3980, #2496 ) ;
#5638 = FACE_OUTER_BOUND ( 'NONE', #887, .T. ) ;
#5639 = VECTOR ( 'NONE', #3001, 1000.000000000000000 ) ;
#5640 = CARTESIAN_POINT ( 'NONE',  ( -1.000000000000000000, 12.11159513863927900, 0.6250000000000001100 ) ) ;
#5641 = ORIENTED_EDGE ( 'NONE', *, *, #2750, .T. ) ;
#5642 = LINE ( 'NONE', #1041, #7415 ) ;
#5643 = DIRECTION ( 'NONE',  ( 0.0000000000000000000, 0.3420201433256658300, -0.9396926207859095400 ) ) ;
#5644 = EDGE_CURVE ( 'NONE', #429, #9330, #2807, .T. ) ;
#5645 = EDGE_LOOP ( 'NONE', ( #5298, #3835, #8418, #7817 ) ) ;
#5646 = DIRECTION ( 'NONE',  ( -1.000000000000000000, -1.334402673828313600E-016, -3.404146536317937200E-032 ) ) ;
#5647 = VECTOR ( 'NONE', #1213, 1000.000000000000000 ) ;
#5648 = CARTESIAN_POINT ( 'NONE',  ( 2.575000000000000200, 4.650000000000000400, -4.199999999999999300 ) ) ;
#5649 = LINE ( 'NONE', #275, #8244 ) ;
#5650 = CARTESIAN_POINT ( 'NONE',  ( -6.874999999999998200, 3.499999999999985300, 8.040000000000000900 ) ) ;
#5651 = AXIS2_PLACEMENT_3D ( 'NONE', #9116, #6070, #9739 ) ;
#5652 = DIRECTION ( 'NONE',  ( 1.000000000000000000, 0.0000000000000000000, 0.0000000000000000000 ) ) ;
#5653 = CARTESIAN_POINT ( 'NONE',  ( 0.8999999999999999100, 0.8715010882118843200, -0.1250000000000000000 ) ) ;
#5654 = CARTESIAN_POINT ( 'NONE',  ( -6.500000000000042600, 4.999999999999998200, 8.040000000000000900 ) ) ;
#5655 = ORIENTED_EDGE ( 'NONE', *, *, #9709, .T. ) ;
#5656 = ADVANCED_FACE ( 'NONE', ( #9266 ), #2459, .T. ) ;
#5657 = EDGE_CURVE ( 'NONE', #3310, #1178, #8652, .T. ) ;
#5658 = EDGE_CURVE ( 'NONE', #3668, #7122, #654, .T. ) ;
#5659 = EDGE_LOOP ( 'NONE', ( #5494, #1071, #2407, #7568 ) ) ;
#5660 = CARTESIAN_POINT ( 'NONE',  ( 6.424999999999999800, 0.0000000000000000000, 0.0000000000000000000 ) ) ;
#5661 = ORIENTED_EDGE ( 'NONE', *, *, #187, .F. ) ;
#5662 = PLANE ( 'NONE',  #9802 ) ;
#5663 = DIRECTION ( 'NONE',  ( -0.0000000000000000000, 1.000000000000000000, -0.0000000000000000000 ) ) ;
#5664 = PLANE ( 'NONE',  #7735 ) ;
#5665 = CARTESIAN_POINT ( 'NONE',  ( 6.625000000000000900, 3.949999999999987300, 5.850000000000001400 ) ) ;
#5666 = PLANE ( 'NONE',  #4059 ) ;
#5667 = ADVANCED_FACE ( 'NONE', ( #4670 ), #1449, .F. ) ;
#5668 = CARTESIAN_POINT ( 'NONE',  ( -1.000000000000000000, 12.11159513863927900, -4.449999999999999300 ) ) ;
#5669 = ORIENTED_EDGE ( 'NONE', *, *, #7191, .F. ) ;
#5670 = AXIS2_PLACEMENT_3D ( 'NONE', #2889, #6010, #9743 ) ;
#5671 = EDGE_CURVE ( 'NONE', #8366, #1755, #5956, .T. ) ;
#5672 = CARTESIAN_POINT ( 'NONE',  ( 6.875000000000000000, 12.49999999999999800, -2.699999999999999300 ) ) ;
#5673 = ORIENTED_EDGE ( 'NONE', *, *, #1850, .F. ) ;
#5674 = PLANE ( 'NONE',  #613 ) ;
#5675 = DIRECTION ( 'NONE',  ( -0.0000000000000000000, 0.0000000000000000000, -1.000000000000000000 ) ) ;
#5676 = CARTESIAN_POINT ( 'NONE',  ( 7.000000000000000900, 0.0000000000000000000, -23.80497317454280500 ) ) ;
#5677 = ORIENTED_EDGE ( 'NONE', *, *, #9314, .F. ) ;
#5678 = CARTESIAN_POINT ( 'NONE',  ( 0.0000000000000000000, 6.500000000000000000, 0.1250000000000000000 ) ) ;
#5679 = AXIS2_PLACEMENT_3D ( 'NONE', #1377, #2793, #6664 ) ;
#5680 = CARTESIAN_POINT ( 'NONE',  ( 6.375000000000000900, 12.49999999999999800, 8.040000000000000900 ) ) ;
#5681 = ORIENTED_EDGE ( 'NONE', *, *, #469, .F. ) ;
#5682 = DIRECTION ( 'NONE',  ( 0.9986295347545739400, 0.05233595624294408400, 0.0000000000000000000 ) ) ;
#5683 = ORIENTED_EDGE ( 'NONE', *, *, #5248, .T. ) ;
#5684 = EDGE_LOOP ( 'NONE', ( #1036, #6438, #3988, #1017 ) ) ;
#5685 = DIRECTION ( 'NONE',  ( 0.0000000000000000000, 5.102127870520021000E-016, -1.000000000000000000 ) ) ;
#5686 = LINE ( 'NONE', #8093, #3902 ) ;
#5687 = FACE_OUTER_BOUND ( 'NONE', #3417, .T. ) ;
#5688 = EDGE_CURVE ( 'NONE', #9267, #8604, #2322, .T. ) ;
#5689 = LINE ( 'NONE', #5238, #5555 ) ;
#5690 = CARTESIAN_POINT ( 'NONE',  ( 6.951960676794287900, 2.949999999999987700, 6.033634734814048000 ) ) ;
#5691 = EDGE_LOOP ( 'NONE', ( #771, #8861, #8938, #5118 ) ) ;
#5692 = ORIENTED_EDGE ( 'NONE', *, *, #6639, .F. ) ;
#5693 = PLANE ( 'NONE',  #440 ) ;
#5694 = LINE ( 'NONE', #3968, #1674 ) ;
#5695 = CARTESIAN_POINT ( 'NONE',  ( -3.478505426185218000, 4.849999999999999600, -15.58944443027283300 ) ) ;
#5696 = FACE_OUTER_BOUND ( 'NONE', #4152, .T. ) ;
#5697 = CARTESIAN_POINT ( 'NONE',  ( -6.750000000000005300, 1.899999999999998100, 7.800000000000029100 ) ) ;
#5698 = DIRECTION ( 'NONE',  ( 1.000000000000000000, 0.0000000000000000000, -0.0000000000000000000 ) ) ;
#5699 = EDGE_CURVE ( 'NONE', #9827, #2944, #3505, .T. ) ;
#5700 = EDGE_LOOP ( 'NONE', ( #4599, #6037, #414, #7841 ) ) ;
#5701 = ORIENTED_EDGE ( 'NONE', *, *, #7111, .T. ) ;
#5702 = ADVANCED_FACE ( 'NONE', ( #5188 ), #3720, .F. ) ;
#5703 = VECTOR ( 'NONE', #4477, 1000.000000000000000 ) ;
#5704 = AXIS2_PLACEMENT_3D ( 'NONE', #8445, #113, #8354 ) ;
#5705 = CARTESIAN_POINT ( 'NONE',  ( 6.999165738677400700, 2.949999999999987300, 5.875000000000000000 ) ) ;
#5706 = PLANE ( 'NONE',  #5796 ) ;
#5707 = CARTESIAN_POINT ( 'NONE',  ( 0.0000000000000000000, 6.500000000000000000, -4.699999999999999300 ) ) ;
#5708 = DIRECTION ( 'NONE',  ( 0.0000000000000000000, 1.000000000000000000, 0.0000000000000000000 ) ) ;
#5709 = EDGE_LOOP ( 'NONE', ( #189, #5756, #9053 ) ) ;
#5710 = VECTOR ( 'NONE', #5890, 1000.000000000000100 ) ;
#5711 = CYLINDRICAL_SURFACE ( 'NONE', #1595, 3.850000000000000100 ) ;
#5712 = EDGE_CURVE ( 'NONE', #3047, #7038, #6063, .T. ) ;
#5713 = ADVANCED_FACE ( 'NONE', ( #1129 ), #2139, .F. ) ;
#5714 = PLANE ( 'NONE',  #8529 ) ;
#5715 = CARTESIAN_POINT ( 'NONE',  ( -2.499999999999999100, -3.480000000000000000, 0.0000000000000000000 ) ) ;
#5716 = VERTEX_POINT ( 'NONE', #6785 ) ;
#5717 = ORIENTED_EDGE ( 'NONE', *, *, #7668, .T. ) ;
#5718 = AXIS2_PLACEMENT_3D ( 'NONE', #1843, #2598, #7881 ) ;
#5719 = FACE_OUTER_BOUND ( 'NONE', #7924, .T. ) ;
#5720 = LINE ( 'NONE', #2353, #5476 ) ;
#5721 = AXIS2_PLACEMENT_3D ( 'NONE', #548, #3511, #7974 ) ;
#5722 = ORIENTED_EDGE ( 'NONE', *, *, #7247, .F. ) ;
#5723 = DIRECTION ( 'NONE',  ( 0.05233595624294441800, 0.9986295347545738300, 0.0000000000000000000 ) ) ;
#5724 = CARTESIAN_POINT ( 'NONE',  ( -3.049999999999998000, -7.721577310586390300, 3.950000000000001100 ) ) ;
#5725 = EDGE_CURVE ( 'NONE', #2050, #6779, #1726, .T. ) ;
#5726 = DIRECTION ( 'NONE',  ( 0.0000000000000000000, 0.3420201433256658300, 0.9396926207859095400 ) ) ;
#5727 = ORIENTED_EDGE ( 'NONE', *, *, #7055, .F. ) ;
#5728 = DIRECTION ( 'NONE',  ( 0.0000000000000000000, 1.000000000000000000, 0.0000000000000000000 ) ) ;
#5729 = ORIENTED_EDGE ( 'NONE', *, *, #9009, .F. ) ;
#5730 = CARTESIAN_POINT ( 'NONE',  ( -0.9499999999999986200, -3.279999999999996300, 6.450000000000000200 ) ) ;
#5731 = VECTOR ( 'NONE', #2036, 1000.000000000000000 ) ;
#5732 = ORIENTED_EDGE ( 'NONE', *, *, #1716, .T. ) ;
#5733 = LINE ( 'NONE', #1117, #9060 ) ;
#5734 = CARTESIAN_POINT ( 'NONE',  ( -6.874999999999998200, 0.0000000000000000000, -0.2000000000000005100 ) ) ;
#5735 = ORIENTED_EDGE ( 'NONE', *, *, #1932, .T. ) ;
#5736 = AXIS2_PLACEMENT_3D ( 'NONE', #8871, #4335, #2691 ) ;
#5737 = VERTEX_POINT ( 'NONE', #8132 ) ;
#5738 = ORIENTED_EDGE ( 'NONE', *, *, #6284, .T. ) ;
#5739 = DIRECTION ( 'NONE',  ( -1.000000000000000000, -0.0000000000000000000, 8.075993836018656900E-017 ) ) ;
#5740 = VECTOR ( 'NONE', #8080, 1000.000000000000000 ) ;
#5741 = VECTOR ( 'NONE', #6220, 1000.000000000000000 ) ;
#5742 = DIRECTION ( 'NONE',  ( 0.0000000000000000000, -1.000000000000000000, 0.0000000000000000000 ) ) ;
#5743 = DIRECTION ( 'NONE',  ( 0.0000000000000000000, 0.6427876096865348100, 0.7660444431189817900 ) ) ;
#5744 = VECTOR ( 'NONE', #2956, 1000.000000000000000 ) ;
#5745 = ORIENTED_EDGE ( 'NONE', *, *, #3377, .T. ) ;
#5746 = VERTEX_POINT ( 'NONE', #7535 ) ;
#5747 = CARTESIAN_POINT ( 'NONE',  ( -6.999634735074468300, 2.948771186874107600, 5.866770532438733800 ) ) ;
#5748 = EDGE_LOOP ( 'NONE', ( #6885, #5457, #9453, #4603 ) ) ;
#5749 = CARTESIAN_POINT ( 'NONE',  ( -6.374999999999999100, 4.999999999999999100, 8.300000000000027400 ) ) ;
#5750 = VECTOR ( 'NONE', #7259, 1000.000000000000000 ) ;
#5751 = VECTOR ( 'NONE', #9757, 1000.000000000000000 ) ;
#5752 = FACE_OUTER_BOUND ( 'NONE', #6682, .T. ) ;
#5753 = CARTESIAN_POINT ( 'NONE',  ( -6.874999999999998200, -3.626785478522210200, 1.088048239005246800 ) ) ;
#5754 = ORIENTED_EDGE ( 'NONE', *, *, #9329, .T. ) ;
#5755 = LINE ( 'NONE', #2784, #7530 ) ;
#5756 = ORIENTED_EDGE ( 'NONE', *, *, #8724, .F. ) ;
#5757 = VECTOR ( 'NONE', #7373, 1000.000000000000100 ) ;
#5758 = EDGE_CURVE ( 'NONE', #4115, #6734, #198, .T. ) ;
#5759 = DIRECTION ( 'NONE',  ( -0.9986295347545739400, 0.05233595624294395300, 0.0000000000000000000 ) ) ;
#5760 = LINE ( 'NONE', #2326, #7408 ) ;
#5761 = CARTESIAN_POINT ( 'NONE',  ( -6.874999999999998200, 2.236907039215393100, 8.040000000000000900 ) ) ;
#5762 = CARTESIAN_POINT ( 'NONE',  ( -2.374999999999999100, 3.469839113182270600, 0.1250000000000001100 ) ) ;
#5763 = VECTOR ( 'NONE', #6571, 1000.000000000000000 ) ;
#5764 = CARTESIAN_POINT ( 'NONE',  ( -0.9499999999999986200, -7.721577310586390300, 6.450000000000000200 ) ) ;
#5765 = VECTOR ( 'NONE', #4600, 1000.000000000000000 ) ;
#5766 = ADVANCED_FACE ( 'NONE', ( #6714 ), #8935, .T. ) ;
#5767 = AXIS2_PLACEMENT_3D ( 'NONE', #7743, #7683, #943 ) ;
#5768 = VECTOR ( 'NONE', #7485, 1000.000000000000000 ) ;
#5769 = EDGE_CURVE ( 'NONE', #2040, #8675, #4448, .T. ) ;
#5770 = DIRECTION ( 'NONE',  ( -0.0000000000000000000, 0.0000000000000000000, 1.000000000000000000 ) ) ;
#5771 = ORIENTED_EDGE ( 'NONE', *, *, #7649, .T. ) ;
#5772 = EDGE_CURVE ( 'NONE', #2832, #4254, #6954, .T. ) ;
#5773 = PLANE ( 'NONE',  #6375 ) ;
#5774 = CARTESIAN_POINT ( 'NONE',  ( 1.000000000000000400, 11.67082132342736000, -4.316570129711855100 ) ) ;
#5775 = DIRECTION ( 'NONE',  ( -0.0000000000000000000, -0.0000000000000000000, -1.000000000000000000 ) ) ;
#5776 = CARTESIAN_POINT ( 'NONE',  ( 2.575000000000001500, 4.850000000000000500, -15.58944443027283300 ) ) ;
#5777 = ORIENTED_EDGE ( 'NONE', *, *, #4632, .T. ) ;
#5778 = CARTESIAN_POINT ( 'NONE',  ( 1.301042606982605300E-015, -3.480000000000000000, 3.877205953146760200 ) ) ;
#5779 = AXIS2_PLACEMENT_3D ( 'NONE', #4694, #4720, #9244 ) ;
#5780 = CARTESIAN_POINT ( 'NONE',  ( 1.650000000000000800, -3.279999999999996300, 3.950000000000000200 ) ) ;
#5781 = DIRECTION ( 'NONE',  ( -2.556604186739367600E-028, -1.000000000000000000, 3.542745126994888700E-015 ) ) ;
#5782 = EDGE_CURVE ( 'NONE', #4707, #4707, #3125, .T. ) ;
#5783 = DIRECTION ( 'NONE',  ( 1.000000000000000000, -0.0000000000000000000, -0.0000000000000000000 ) ) ;
#5784 = EDGE_CURVE ( 'NONE', #5602, #9268, #7409, .T. ) ;
#5785 = EDGE_LOOP ( 'NONE', ( #2936, #4033, #2899 ) ) ;
#5786 = ORIENTED_EDGE ( 'NONE', *, *, #1713, .T. ) ;
#5787 = CIRCLE ( 'NONE', #5789, 2.000000000000000000 ) ;
#5788 = DIRECTION ( 'NONE',  ( 0.0000000000000000000, 0.0000000000000000000, -1.000000000000000000 ) ) ;
#5789 = AXIS2_PLACEMENT_3D ( 'NONE', #9447, #3288, #8644 ) ;
#5790 = DIRECTION ( 'NONE',  ( -0.4896926261707817400, -2.877707391897904500E-016, 0.8718951381180898300 ) ) ;
#5791 = ORIENTED_EDGE ( 'NONE', *, *, #1104, .T. ) ;
#5792 = CARTESIAN_POINT ( 'NONE',  ( -0.2499999999999958900, 4.174999999999999800, -4.199999999999999300 ) ) ;
#5793 = DIRECTION ( 'NONE',  ( -1.000000000000000000, -0.0000000000000000000, -0.0000000000000000000 ) ) ;
#5794 = CARTESIAN_POINT ( 'NONE',  ( -6.624999999999998200, -1.656610674714108100, 1.799999999999998700 ) ) ;
#5795 = AXIS2_PLACEMENT_3D ( 'NONE', #2121, #8980, #3599 ) ;
#5796 = AXIS2_PLACEMENT_3D ( 'NONE', #4981, #7879, #5610 ) ;
#5797 = EDGE_LOOP ( 'NONE', ( #8846, #1986, #1200, #3161 ) ) ;
#5798 = ORIENTED_EDGE ( 'NONE', *, *, #975, .T. ) ;
#5799 = PLANE ( 'NONE',  #124 ) ;
#5800 = ORIENTED_EDGE ( 'NONE', *, *, #5886, .F. ) ;
#5801 = CONICAL_SURFACE ( 'NONE', #2168, 5.399999999999995000, 0.7853981633974492800 ) ;
#5802 = ORIENTED_EDGE ( 'NONE', *, *, #3313, .F. ) ;
#5803 = EDGE_CURVE ( 'NONE', #3192, #9267, #4334, .T. ) ;
#5804 = VECTOR ( 'NONE', #3866, 1000.000000000000000 ) ;
#5805 = EDGE_LOOP ( 'NONE', ( #1251, #8668, #7656, #3761 ) ) ;
#5806 = CARTESIAN_POINT ( 'NONE',  ( 2.375000000000000000, 4.649999999999998600, 0.1250000000000000000 ) ) ;
#5807 = ORIENTED_EDGE ( 'NONE', *, *, #1660, .T. ) ;
#5808 = PLANE ( 'NONE',  #9017 ) ;
#5809 = CARTESIAN_POINT ( 'NONE',  ( 1.000000000000000400, 4.174999999999999800, -3.849999999999994300 ) ) ;
#5810 = VECTOR ( 'NONE', #1895, 1000.000000000000000 ) ;
#5811 = LINE ( 'NONE', #3355, #7342 ) ;
#5812 = AXIS2_PLACEMENT_3D ( 'NONE', #7136, #7803, #6308 ) ;
#5813 = CARTESIAN_POINT ( 'NONE',  ( 6.374999999999980500, 4.999999999999999100, 8.050000000000027400 ) ) ;
#5814 = LINE ( 'NONE', #2706, #2846 ) ;
#5815 = ADVANCED_FACE ( 'NONE', ( #9676 ), #3782, .T. ) ;
#5816 = LINE ( 'NONE', #2934, #9618 ) ;
#5817 = PLANE ( 'NONE',  #5883 ) ;
#5818 = ORIENTED_EDGE ( 'NONE', *, *, #7314, .T. ) ;
#5819 = CARTESIAN_POINT ( 'NONE',  ( -6.624999999999998200, 9.781912933980331300E-016, 1.949999999999999500 ) ) ;
#5820 = VERTEX_POINT ( 'NONE', #2210 ) ;
#5821 = ORIENTED_EDGE ( 'NONE', *, *, #7407, .T. ) ;
#5822 = EDGE_CURVE ( 'NONE', #1653, #9426, #9433, .T. ) ;
#5823 = VECTOR ( 'NONE', #1668, 1000.000000000000000 ) ;
#5824 = CARTESIAN_POINT ( 'NONE',  ( 6.625000000000002700, 12.64644660940672700, 7.936446609406724300 ) ) ;
#5825 = EDGE_LOOP ( 'NONE', ( #5905, #2301, #7440, #7880 ) ) ;
#5826 = ORIENTED_EDGE ( 'NONE', *, *, #1473, .T. ) ;
#5827 = CARTESIAN_POINT ( 'NONE',  ( 5.800000000000000700, 0.0000000000000000000, -4.699999999999999300 ) ) ;
#5828 = CARTESIAN_POINT ( 'NONE',  ( 6.625000000000000000, 13.00000000000000000, 1.799999999999998700 ) ) ;
#5829 = CARTESIAN_POINT ( 'NONE',  ( 6.624657383688645300, 2.249991028276130400, 2.100000000000001000 ) ) ;
#5830 = CARTESIAN_POINT ( 'NONE',  ( 6.500000000000003600, 12.49999999999999800, -2.699999999999997500 ) ) ;
#5831 = DIRECTION ( 'NONE',  ( 0.0000000000000000000, 0.0000000000000000000, 1.000000000000000000 ) ) ;
#5832 = VECTOR ( 'NONE', #6981, 1000.000000000000000 ) ;
#5833 = DIRECTION ( 'NONE',  ( -1.000000000000000000, 0.0000000000000000000, 0.0000000000000000000 ) ) ;
#5834 = DIRECTION ( 'NONE',  ( 0.0000000000000000000, 0.0000000000000000000, 1.000000000000000000 ) ) ;
#5835 = EDGE_CURVE ( 'NONE', #1064, #6808, #4092, .T. ) ;
#5836 = ORIENTED_EDGE ( 'NONE', *, *, #3220, .T. ) ;
#5837 = ORIENTED_EDGE ( 'NONE', *, *, #2863, .T. ) ;
#5838 = LINE ( 'NONE', #9401, #1349 ) ;
#5839 = LINE ( 'NONE', #494, #3814 ) ;
#5840 = ORIENTED_EDGE ( 'NONE', *, *, #4819, .T. ) ;
#5841 = CARTESIAN_POINT ( 'NONE',  ( -4.699999999999999300, 0.0000000000000000000, 0.0000000000000000000 ) ) ;
#5842 = VECTOR ( 'NONE', #923, 1000.000000000000100 ) ;
#5843 = AXIS2_PLACEMENT_3D ( 'NONE', #6733, #3700, #692 ) ;
#5844 = CARTESIAN_POINT ( 'NONE',  ( -6.951960676794287900, 3.974999999999988100, 5.875000000000000000 ) ) ;
#5845 = CARTESIAN_POINT ( 'NONE',  ( 6.951960676794288800, 3.949999999999988200, 6.033634734814048000 ) ) ;
#5846 = DIRECTION ( 'NONE',  ( -1.000000000000000000, 0.0000000000000000000, 0.0000000000000000000 ) ) ;
#5847 = ORIENTED_EDGE ( 'NONE', *, *, #9653, .T. ) ;
#5848 = EDGE_CURVE ( 'NONE', #486, #6345, #2559, .T. ) ;
#5849 = ORIENTED_EDGE ( 'NONE', *, *, #5146, .F. ) ;
#5850 = VECTOR ( 'NONE', #1998, 1000.000000000000000 ) ;
#5851 = EDGE_CURVE ( 'NONE', #3781, #6314, #6228, .T. ) ;
#5852 = ORIENTED_EDGE ( 'NONE', *, *, #4260, .T. ) ;
#5853 = VECTOR ( 'NONE', #2975, 1000.000000000000000 ) ;
#5855 = CARTESIAN_POINT ( 'NONE',  ( -3.122794046853238900, -3.480000000000000000, -2.499999999999998700 ) ) ;
#5854 =( LENGTH_UNIT ( ) NAMED_UNIT ( * ) SI_UNIT ( .MILLI., .METRE. ) );
#5856 = CARTESIAN_POINT ( 'NONE',  ( 0.0000000000000000000, 6.500000000000000000, -4.199999999999999300 ) ) ;
#5857 = DIRECTION ( 'NONE',  ( 0.0000000000000000000, 1.000000000000000000, 0.0000000000000000000 ) ) ;
#5858 = CARTESIAN_POINT ( 'NONE',  ( -0.9999999999999995600, 9.500000000000000000, 4.485059523282288300 ) ) ;
#5859 = VERTEX_POINT ( 'NONE', #27 ) ;
#5860 = PRESENTATION_STYLE_ASSIGNMENT (( #4277 ) ) ;
#5861 = PLANE ( 'NONE',  #4549 ) ;
#5862 = FACE_OUTER_BOUND ( 'NONE', #3611, .T. ) ;
#5863 = ORIENTED_EDGE ( 'NONE', *, *, #7565, .T. ) ;
#5864 = CARTESIAN_POINT ( 'NONE',  ( -1.074999999999996400, 0.9022884140034498300, -4.699999999999999300 ) ) ;
#5865 = DIRECTION ( 'NONE',  ( -0.9396926207859095400, 0.3420201433256658300, 0.0000000000000000000 ) ) ;
#5866 = EDGE_CURVE ( 'NONE', #4832, #4832, #6600, .T. ) ;
#5867 = CARTESIAN_POINT ( 'NONE',  ( -6.874999999999998200, 1.899999999999988800, 5.199999999999994800 ) ) ;
#5868 = CARTESIAN_POINT ( 'NONE',  ( 6.625000000000002700, 2.236907039215394500, 2.100000000000001000 ) ) ;
#5869 = ADVANCED_FACE ( 'NONE', ( #2916 ), #1392, .T. ) ;
#5870 = FACE_OUTER_BOUND ( 'NONE', #1198, .T. ) ;
#5871 = ORIENTED_EDGE ( 'NONE', *, *, #7901, .F. ) ;
#5872 = CARTESIAN_POINT ( 'NONE',  ( -6.999999999999996400, 0.0000000000000000000, -2.699999999999997500 ) ) ;
#5873 = VERTEX_POINT ( 'NONE', #1549 ) ;
#5874 = VECTOR ( 'NONE', #6066, 1000.000000000000000 ) ;
#5875 = CYLINDRICAL_SURFACE ( 'NONE', #7035, 3.850000000000000100 ) ;
#5876 = AXIS2_PLACEMENT_3D ( 'NONE', #5293, #4624, #3012 ) ;
#5877 = LINE ( 'NONE', #25, #3841 ) ;
#5878 = CARTESIAN_POINT ( 'NONE',  ( 0.6291033726784029900, -3.799999999999999800, -0.1250000000000000000 ) ) ;
#5879 = ORIENTED_EDGE ( 'NONE', *, *, #2824, .T. ) ;
#5880 = PLANE ( 'NONE',  #5992 ) ;
#5881 = CARTESIAN_POINT ( 'NONE',  ( -6.874999999999998200, 0.0000000000000000000, -2.699999999999999300 ) ) ;
#5882 = CARTESIAN_POINT ( 'NONE',  ( 1.000000000000000400, 11.80659966456863300, -4.449999999999999300 ) ) ;
#5883 = AXIS2_PLACEMENT_3D ( 'NONE', #5715, #4987, #6519 ) ;
#5884 = VECTOR ( 'NONE', #1052, 1000.000000000000000 ) ;
#5885 = FACE_OUTER_BOUND ( 'NONE', #9057, .T. ) ;
#5886 = EDGE_CURVE ( 'NONE', #1653, #3885, #77, .T. ) ;
#5887 = ORIENTED_EDGE ( 'NONE', *, *, #5024, .T. ) ;
#5888 = LINE ( 'NONE', #6137, #3371 ) ;
#5889 = DIRECTION ( 'NONE',  ( -0.0000000000000000000, 1.000000000000000000, -0.0000000000000000000 ) ) ;
#5890 = DIRECTION ( 'NONE',  ( 0.3236155771181821700, 0.8891264907159901500, 0.3236155771181821700 ) ) ;
#5891 = DIRECTION ( 'NONE',  ( -0.0000000000000000000, 0.0000000000000000000, -1.000000000000000000 ) ) ;
#5892 = CARTESIAN_POINT ( 'NONE',  ( 6.625000000000000000, 3.499999999999987100, 1.950000000000000800 ) ) ;
#5893 = AXIS2_PLACEMENT_3D ( 'NONE', #8398, #9179, #4622 ) ;
#5894 = VECTOR ( 'NONE', #3013, 1000.000000000000100 ) ;
#5895 = PLANE ( 'NONE',  #2285 ) ;
#5896 = ORIENTED_EDGE ( 'NONE', *, *, #6801, .T. ) ;
#5897 = ADVANCED_FACE ( 'NONE', ( #2435 ), #6825, .F. ) ;
#5898 = DIRECTION ( 'NONE',  ( 0.0000000000000000000, 0.0000000000000000000, -1.000000000000000000 ) ) ;
#5899 = EDGE_CURVE ( 'NONE', #4057, #357, #2198, .T. ) ;
#5900 = VERTEX_POINT ( 'NONE', #4520 ) ;
#5901 = CARTESIAN_POINT ( 'NONE',  ( 0.5500000000000014900, -3.279999999999996300, 6.450000000000000200 ) ) ;
#5902 = CARTESIAN_POINT ( 'NONE',  ( 6.375000000000000900, 12.49999999999999800, -2.699999999999999300 ) ) ;
#5903 = CYLINDRICAL_SURFACE ( 'NONE', #1004, 0.1999999999999996500 ) ;
#5904 = ORIENTED_EDGE ( 'NONE', *, *, #6739, .F. ) ;
#5905 = ORIENTED_EDGE ( 'NONE', *, *, #6042, .F. ) ;
#5906 = EDGE_CURVE ( 'NONE', #7512, #8669, #6358, .T. ) ;
#5907 = DIRECTION ( 'NONE',  ( 0.0000000000000000000, 0.0000000000000000000, 1.000000000000000000 ) ) ;
#5908 = EDGE_CURVE ( 'NONE', #3809, #2596, #9781, .T. ) ;
#5909 = DIRECTION ( 'NONE',  ( 1.000000000000000000, 0.0000000000000000000, 0.0000000000000000000 ) ) ;
#5910 = ORIENTED_EDGE ( 'NONE', *, *, #7979, .T. ) ;
#5911 = CARTESIAN_POINT ( 'NONE',  ( 6.424999999999999800, 2.149999999999987000, 1.950000000000000800 ) ) ;
#5912 = CARTESIAN_POINT ( 'NONE',  ( 7.000000000000005300, 2.349999999999988100, 4.749999999999992900 ) ) ;
#5913 = VERTEX_POINT ( 'NONE', #9578 ) ;
#5914 = VERTEX_POINT ( 'NONE', #4587 ) ;
#5915 = AXIS2_PLACEMENT_3D ( 'NONE', #6349, #5708, #4810 ) ;
#5916 = ADVANCED_FACE ( 'NONE', ( #2090 ), #9819, .F. ) ;
#5917 = CARTESIAN_POINT ( 'NONE',  ( -3.049999999999998000, -3.279999999999996300, 3.950000000000001100 ) ) ;
#5918 = ORIENTED_EDGE ( 'NONE', *, *, #592, .T. ) ;
#5919 = CARTESIAN_POINT ( 'NONE',  ( 0.4999999999999998900, 0.8219721733686430300, -0.1250000000000001100 ) ) ;
#5920 = DIRECTION ( 'NONE',  ( -1.334402673828313600E-016, 1.000000000000000000, 0.0000000000000000000 ) ) ;
#5921 = CARTESIAN_POINT ( 'NONE',  ( 6.625000000000001800, 2.236907039215394500, 8.040000000000000900 ) ) ;
#5923 = EDGE_CURVE ( 'NONE', #8076, #4011, #4680, .T. ) ;
#5922 = VECTOR ( 'NONE', #5302, 1000.000000000000000 ) ;
#5924 = EDGE_CURVE ( 'NONE', #2778, #3586, #8963, .T. ) ;
#5925 = DIRECTION ( 'NONE',  ( -1.000000000000000000, 0.0000000000000000000, 0.0000000000000000000 ) ) ;
#5926 = ORIENTED_EDGE ( 'NONE', *, *, #2133, .F. ) ;
#5927 = CIRCLE ( 'NONE', #2741, 0.4499999999999999000 ) ;
#5928 = CARTESIAN_POINT ( 'NONE',  ( -6.874999999999998200, 2.349999999999989000, 5.199999999999993100 ) ) ;
#5929 = CIRCLE ( 'NONE', #2994, 0.2500000000000002200 ) ;
#5930 = CARTESIAN_POINT ( 'NONE',  ( 6.951960676794287900, 3.949999999999988200, 6.033634734814048000 ) ) ;
#5931 = AXIS2_PLACEMENT_3D ( 'NONE', #5296, #9708, #4468 ) ;
#5932 = CARTESIAN_POINT ( 'NONE',  ( -6.500000000000005300, 4.999999999999997300, 7.800000000000018500 ) ) ;
#5933 = VERTEX_POINT ( 'NONE', #9525 ) ;
#5934 = VERTEX_POINT ( 'NONE', #6585 ) ;
#5935 = EDGE_CURVE ( 'NONE', #4916, #7276, #7186, .T. ) ;
#5936 = ORIENTED_EDGE ( 'NONE', *, *, #5378, .F. ) ;
#5937 = FACE_OUTER_BOUND ( 'NONE', #4998, .T. ) ;
#5938 = CARTESIAN_POINT ( 'NONE',  ( -0.8999999999999999100, 0.8715010882118843200, 0.1250000000000000000 ) ) ;
#5939 = ADVANCED_FACE ( 'NONE', ( #183 ), #5161, .T. ) ;
#5940 = DIRECTION ( 'NONE',  ( 0.0000000000000000000, 1.000000000000000000, 0.0000000000000000000 ) ) ;
#5941 = DIRECTION ( 'NONE',  ( -0.0000000000000000000, -0.0000000000000000000, -1.000000000000000000 ) ) ;
#5942 = DIRECTION ( 'NONE',  ( 0.0000000000000000000, 0.0000000000000000000, -1.000000000000000000 ) ) ;
#5943 = ORIENTED_EDGE ( 'NONE', *, *, #4819, .F. ) ;
#5944 = ORIENTED_EDGE ( 'NONE', *, *, #5100, .T. ) ;
#5945 = DIRECTION ( 'NONE',  ( 0.0000000000000000000, 0.0000000000000000000, 1.000000000000000000 ) ) ;
#5946 = AXIS2_PLACEMENT_3D ( 'NONE', #7095, #6372, #9340 ) ;
#5947 = ORIENTED_EDGE ( 'NONE', *, *, #6030, .T. ) ;
#5948 = VECTOR ( 'NONE', #9460, 1000.000000000000000 ) ;
#5949 = CARTESIAN_POINT ( 'NONE',  ( 6.500000000000005300, 4.549999999999988300, 5.199999999999985100 ) ) ;
#5950 = DIRECTION ( 'NONE',  ( -1.000000000000000000, 0.0000000000000000000, 0.0000000000000000000 ) ) ;
#5951 = CARTESIAN_POINT ( 'NONE',  ( 1.250000000000001600, -7.721577310586390300, 6.150000000000000400 ) ) ;
#5952 = EDGE_CURVE ( 'NONE', #1263, #6986, #319, .T. ) ;
#5953 = ORIENTED_EDGE ( 'NONE', *, *, #3543, .T. ) ;
#5954 = VERTEX_POINT ( 'NONE', #5094 ) ;
#5955 = CARTESIAN_POINT ( 'NONE',  ( 6.500000000000005300, 4.999999999999997300, 7.800000000000018500 ) ) ;
#5956 = LINE ( 'NONE', #5921, #7976 ) ;
#5957 = CYLINDRICAL_SURFACE ( 'NONE', #2976, 0.5000000000000004400 ) ;
#5958 = DIRECTION ( 'NONE',  ( -1.000000000000000000, 1.262034274850851900E-016, 0.0000000000000000000 ) ) ;
#5959 = FACE_OUTER_BOUND ( 'NONE', #4080, .T. ) ;
#5960 = AXIS2_PLACEMENT_3D ( 'NONE', #3234, #8452, #2430 ) ;
#5961 = CARTESIAN_POINT ( 'NONE',  ( -6.424999999999998000, 2.149999999999987000, 3.450000000000001500 ) ) ;
#5962 = ORIENTED_EDGE ( 'NONE', *, *, #7767, .T. ) ;
#5963 = ORIENTED_EDGE ( 'NONE', *, *, #545, .F. ) ;
#5964 = ORIENTED_EDGE ( 'NONE', *, *, #400, .F. ) ;
#5965 = LINE ( 'NONE', #83, #8330 ) ;
#5966 = ADVANCED_FACE ( 'NONE', ( #5394 ), #2530, .F. ) ;
#5967 = EDGE_CURVE ( 'NONE', #3310, #3927, #4923, .T. ) ;
#5968 = VECTOR ( 'NONE', #3958, 1000.000000000000000 ) ;
#5969 = EDGE_CURVE ( 'NONE', #8003, #890, #7991, .T. ) ;
#5970 = FACE_OUTER_BOUND ( 'NONE', #7709, .T. ) ;
#5971 = ORIENTED_EDGE ( 'NONE', *, *, #4701, .F. ) ;
#5972 = ORIENTED_EDGE ( 'NONE', *, *, #8336, .F. ) ;
#5973 = CARTESIAN_POINT ( 'NONE',  ( 3.750000000000002200, -3.279999999999996300, 3.950000000000001100 ) ) ;
#5974 = AXIS2_PLACEMENT_3D ( 'NONE', #9371, #9310, #6265 ) ;
#5975 = CIRCLE ( 'NONE', #6175, 0.02499999999999984900 ) ;
#5976 = DIRECTION ( 'NONE',  ( 1.334402673828313600E-016, -1.000000000000000000, 0.0000000000000000000 ) ) ;
#5977 = LINE ( 'NONE', #4138, #9531 ) ;
#5978 = DIRECTION ( 'NONE',  ( 0.0000000000000000000, -3.542745126994889100E-015, -1.000000000000000000 ) ) ;
#5979 = CARTESIAN_POINT ( 'NONE',  ( -6.733986892264766800, 2.949999999999987700, 5.911211578271352400 ) ) ;
#5980 = VECTOR ( 'NONE', #1968, 1000.000000000000000 ) ;
#5981 = DIRECTION ( 'NONE',  ( 1.000000000000000000, 0.0000000000000000000, -3.469446951953611000E-015 ) ) ;
#5982 = EDGE_LOOP ( 'NONE', ( #652, #3079, #9631, #2513 ) ) ;
#5983 = EDGE_CURVE ( 'NONE', #1174, #236, #892, .T. ) ;
#5984 = ORIENTED_EDGE ( 'NONE', *, *, #1648, .T. ) ;
#5985 = ORIENTED_EDGE ( 'NONE', *, *, #6190, .F. ) ;
#5987 = CARTESIAN_POINT ( 'NONE',  ( -6.624999999999998200, -2.501847198195506800, 1.612615574073300600 ) ) ;
#5986 = CARTESIAN_POINT ( 'NONE',  ( 2.000000000000000000, 8.220000000000000600, -2.699999999999999300 ) ) ;
#5988 = VERTEX_POINT ( 'NONE', #574 ) ;
#5989 = LINE ( 'NONE', #1526, #1145 ) ;
#5990 = CARTESIAN_POINT ( 'NONE',  ( 6.749994570313623900, 3.966481483046580000, 5.851332395618870300 ) ) ;
#5991 = EDGE_LOOP ( 'NONE', ( #842, #9574, #1388, #8087 ) ) ;
#5992 = AXIS2_PLACEMENT_3D ( 'NONE', #8213, #2104, #7483 ) ;
#5993 = FACE_OUTER_BOUND ( 'NONE', #9811, .T. ) ;
#5994 = ADVANCED_FACE ( 'NONE', ( #6478 ), #6673, .F. ) ;
#5995 = CARTESIAN_POINT ( 'NONE',  ( 3.750000000000002200, -3.279999999999996300, 3.650000000000001200 ) ) ;
#5996 = ORIENTED_EDGE ( 'NONE', *, *, #1489, .F. ) ;
#5997 = SURFACE_STYLE_USAGE ( .BOTH. , #7508 ) ;
#5998 = FACE_OUTER_BOUND ( 'NONE', #7501, .T. ) ;
#5999 = VECTOR ( 'NONE', #8026, 1000.000000000000000 ) ;
#6000 = DIRECTION ( 'NONE',  ( 1.000000000000000000, 0.0000000000000000000, -0.0000000000000000000 ) ) ;
#6001 = EDGE_CURVE ( 'NONE', #5187, #4011, #8465, .T. ) ;
#6002 = FACE_OUTER_BOUND ( 'NONE', #7422, .T. ) ;
#6003 = CARTESIAN_POINT ( 'NONE',  ( 1.000000000000000400, 4.174999999999999800, -2.699999999999999300 ) ) ;
#6004 = CIRCLE ( 'NONE', #8017, 0.4000000000000001900 ) ;
#6005 = DIRECTION ( 'NONE',  ( -0.0000000000000000000, 1.000000000000000000, -0.0000000000000000000 ) ) ;
#6006 = VERTEX_POINT ( 'NONE', #5284 ) ;
#6007 = CYLINDRICAL_SURFACE ( 'NONE', #1264, 5.700000000000000200 ) ;
#6008 = VECTOR ( 'NONE', #9422, 1000.000000000000000 ) ;
#6009 = AXIS2_PLACEMENT_3D ( 'NONE', #5809, #5052, #5846 ) ;
#6010 = DIRECTION ( 'NONE',  ( 0.0000000000000000000, 0.0000000000000000000, 1.000000000000000000 ) ) ;
#6011 = ORIENTED_EDGE ( 'NONE', *, *, #8051, .F. ) ;
#6012 = CARTESIAN_POINT ( 'NONE',  ( 6.875000000000001800, 2.224999999999986800, 3.375000000000000900 ) ) ;
#6013 = LINE ( 'NONE', #75, #1987 ) ;
#6014 = CARTESIAN_POINT ( 'NONE',  ( 0.6291033726784028800, -3.500000000000000000, 0.1250000000000000000 ) ) ;
#6015 = DIRECTION ( 'NONE',  ( -1.000000000000000000, 0.0000000000000000000, -0.0000000000000000000 ) ) ;
#6016 = DIRECTION ( 'NONE',  ( 0.0000000000000000000, 1.000000000000000000, 0.0000000000000000000 ) ) ;
#6017 = ORIENTED_EDGE ( 'NONE', *, *, #2491, .F. ) ;
#6018 = CONICAL_SURFACE ( 'NONE', #6009, 0.4000000000000001900, 0.7853981633974476100 ) ;
#6019 = CARTESIAN_POINT ( 'NONE',  ( 3.750000000000000900, -3.279999999999996300, 6.450000000000000200 ) ) ;
#6020 = EDGE_CURVE ( 'NONE', #2977, #7358, #3962, .T. ) ;
#6021 = LINE ( 'NONE', #3069, #3379 ) ;
#6022 = ADVANCED_FACE ( 'NONE', ( #4575 ), #3819, .F. ) ;
#6023 = VERTEX_POINT ( 'NONE', #813 ) ;
#6024 = CARTESIAN_POINT ( 'NONE',  ( 6.374999999999980500, 4.999999999999999100, 8.050000000000027400 ) ) ;
#6025 = DIRECTION ( 'NONE',  ( 1.000000000000000000, 0.0000000000000000000, 0.0000000000000000000 ) ) ;
#6026 = CARTESIAN_POINT ( 'NONE',  ( 0.9500000000000007300, -7.721577310586390300, 3.950000000000000200 ) ) ;
#6027 = VERTEX_POINT ( 'NONE', #8968 ) ;
#6028 = CARTESIAN_POINT ( 'NONE',  ( -7.000000000000006200, 2.924999999999987800, 5.850000000000000500 ) ) ;
#6029 = EDGE_LOOP ( 'NONE', ( #5223, #2474, #8486, #1266 ) ) ;
#6030 = EDGE_CURVE ( 'NONE', #6779, #7328, #552, .T. ) ;
#6031 = CARTESIAN_POINT ( 'NONE',  ( -1.649999999999998600, 0.0000000000000000000, 6.450000000000000200 ) ) ;
#6032 = DIRECTION ( 'NONE',  ( 0.0000000000000000000, 0.9063077870366509400, -0.4226182617406975000 ) ) ;
#6033 = DIRECTION ( 'NONE',  ( 0.0000000000000000000, 0.0000000000000000000, 1.000000000000000000 ) ) ;
#6034 = CARTESIAN_POINT ( 'NONE',  ( -6.999143459221613700, 2.269617011867233600, 3.300000000000000700 ) ) ;
#6035 = CARTESIAN_POINT ( 'NONE',  ( -6.500000000000024000, 1.899999999999999000, 8.050000000000029100 ) ) ;
#6036 = AXIS2_PLACEMENT_3D ( 'NONE', #7253, #2018, #7189 ) ;
#6037 = ORIENTED_EDGE ( 'NONE', *, *, #1801, .T. ) ;
#6038 = ORIENTED_EDGE ( 'NONE', *, *, #4974, .T. ) ;
#6039 = VECTOR ( 'NONE', #968, 1000.000000000000000 ) ;
#6040 = EDGE_CURVE ( 'NONE', #4674, #4280, #8365, .T. ) ;
#6041 = ADVANCED_FACE ( 'NONE', ( #7871, #5885 ), #2681, .F. ) ;
#6042 = EDGE_CURVE ( 'NONE', #7499, #5859, #1857, .T. ) ;
#6043 = EDGE_LOOP ( 'NONE', ( #3641, #1682, #5458, #4326 ) ) ;
#6044 = ORIENTED_EDGE ( 'NONE', *, *, #5413, .F. ) ;
#6045 = CARTESIAN_POINT ( 'NONE',  ( 3.050000000000000700, -3.279999999999996300, 6.450000000000000200 ) ) ;
#6046 = DIRECTION ( 'NONE',  ( -0.0000000000000000000, 1.000000000000000000, -0.0000000000000000000 ) ) ;
#6047 = ORIENTED_EDGE ( 'NONE', *, *, #2277, .F. ) ;
#6048 = CARTESIAN_POINT ( 'NONE',  ( -6.733986892264766800, 2.949999999999987700, 5.911211578271352400 ) ) ;
#6049 = FACE_OUTER_BOUND ( 'NONE', #72, .T. ) ;
#6050 = AXIS2_PLACEMENT_3D ( 'NONE', #9459, #8657, #1020 ) ;
#6052 = CARTESIAN_POINT ( 'NONE',  ( -7.000000000000005300, 2.236907039215393100, 3.300000000000000700 ) ) ;
#6051 = DIRECTION ( 'NONE',  ( 1.000000000000000000, 1.334402673828313600E-016, -0.0000000000000000000 ) ) ;
#6053 = CARTESIAN_POINT ( 'NONE',  ( -0.9499999999999986200, -7.721577310586390300, 6.150000000000000400 ) ) ;
#6054 = VERTEX_POINT ( 'NONE', #5539 ) ;
#6055 = ORIENTED_EDGE ( 'NONE', *, *, #9536, .T. ) ;
#6056 = DIRECTION ( 'NONE',  ( 1.000000000000000000, 1.334402673828313600E-016, -0.0000000000000000000 ) ) ;
#6057 = DIRECTION ( 'NONE',  ( 0.0000000000000000000, 1.000000000000000000, -3.517411656358502700E-015 ) ) ;
#6058 = VECTOR ( 'NONE', #3535, 1000.000000000000000 ) ;
#6059 = DIRECTION ( 'NONE',  ( 1.000000000000000000, 1.334402673828313600E-016, -0.0000000000000000000 ) ) ;
#6060 = EDGE_CURVE ( 'NONE', #6743, #6743, #7639, .T. ) ;
#6061 = LINE ( 'NONE', #5434, #3299 ) ;
#6062 = CARTESIAN_POINT ( 'NONE',  ( -6.624999999999998200, 0.0000000000000000000, 3.300000000000000700 ) ) ;
#6063 = LINE ( 'NONE', #6026, #359 ) ;
#6064 = CARTESIAN_POINT ( 'NONE',  ( 6.625000000000000000, 29.80608689002257700, 7.789999999999998300 ) ) ;
#6065 = ORIENTED_EDGE ( 'NONE', *, *, #9471, .F. ) ;
#6066 = DIRECTION ( 'NONE',  ( 0.0000000000000000000, 0.0000000000000000000, 1.000000000000000000 ) ) ;
#6067 = ORIENTED_EDGE ( 'NONE', *, *, #8972, .F. ) ;
#6068 = CIRCLE ( 'NONE', #826, 0.3750000000000055500 ) ;
#6069 = ADVANCED_FACE ( 'NONE', ( #3849 ), #5571, .T. ) ;
#6070 = DIRECTION ( 'NONE',  ( -0.0000000000000000000, -0.0000000000000000000, -1.000000000000000000 ) ) ;
#6071 = CARTESIAN_POINT ( 'NONE',  ( 6.424999999999999800, 2.899999999999986600, 5.850000000000000500 ) ) ;
#6072 = EDGE_LOOP ( 'NONE', ( #3223, #453, #9241, #9363 ) ) ;
#6073 = ORIENTED_EDGE ( 'NONE', *, *, #5725, .F. ) ;
#6074 = CIRCLE ( 'NONE', #6689, 0.1999999999999996500 ) ;
#6075 = ORIENTED_EDGE ( 'NONE', *, *, #1331, .F. ) ;
#6076 = CARTESIAN_POINT ( 'NONE',  ( 7.000000000000006200, 3.949999999999987300, 5.850000000000000500 ) ) ;
#6077 = CYLINDRICAL_SURFACE ( 'NONE', #8700, 0.5000000000000004400 ) ;
#6078 = CARTESIAN_POINT ( 'NONE',  ( 3.050000000000002000, -3.279999999999996300, 3.950000000000001100 ) ) ;
#6079 = CARTESIAN_POINT ( 'NONE',  ( -7.000000000000005300, 4.999999999999986700, 4.749999999999983100 ) ) ;
#6080 = DIRECTION ( 'NONE',  ( 0.0000000000000000000, -0.0000000000000000000, -1.000000000000000000 ) ) ;
#6081 = DIRECTION ( 'NONE',  ( -0.0000000000000000000, 1.000000000000000000, -0.0000000000000000000 ) ) ;
#6082 = MANIFOLD_SOLID_BREP ( 'Sketch-Pattern1[6]', #2605 ) ;
#6083 = DIRECTION ( 'NONE',  ( 0.0000000000000000000, 0.3420201433256658300, 0.9396926207859095400 ) ) ;
#6084 = ORIENTED_EDGE ( 'NONE', *, *, #878, .F. ) ;
#6085 = ORIENTED_EDGE ( 'NONE', *, *, #5983, .T. ) ;
#6086 = LINE ( 'NONE', #2015, #1460 ) ;
#6087 = LINE ( 'NONE', #651, #4407 ) ;
#6088 = DIRECTION ( 'NONE',  ( 1.296989514749014200E-016, 0.0000000000000000000, 1.000000000000000000 ) ) ;
#6089 = DIRECTION ( 'NONE',  ( 0.0000000000000000000, 0.0000000000000000000, -1.000000000000000000 ) ) ;
#6090 = LINE ( 'NONE', #8153, #3701 ) ;
#6091 =( NAMED_UNIT ( * ) SI_UNIT ( $, .STERADIAN. ) SOLID_ANGLE_UNIT ( ) );
#6092 = EDGE_CURVE ( 'NONE', #8965, #8929, #5506, .T. ) ;
#6093 = VERTEX_POINT ( 'NONE', #8588 ) ;
#6094 = ORIENTED_EDGE ( 'NONE', *, *, #9110, .T. ) ;
#6095 = ADVANCED_FACE ( 'NONE', ( #7060 ), #9323, .F. ) ;
#6096 = FACE_OUTER_BOUND ( 'NONE', #1671, .T. ) ;
#6097 = VERTEX_POINT ( 'NONE', #6344 ) ;
#6098 = PLANE ( 'NONE',  #853 ) ;
#6099 = VECTOR ( 'NONE', #6103, 1000.000000000000000 ) ;
#6100 = DIRECTION ( 'NONE',  ( 0.0000000000000000000, 5.102127870520020000E-016, -1.000000000000000000 ) ) ;
#6101 = EDGE_CURVE ( 'NONE', #4478, #6097, #4323, .T. ) ;
#6102 = VERTEX_POINT ( 'NONE', #9252 ) ;
#6103 = DIRECTION ( 'NONE',  ( 1.296989514749014200E-016, -0.0000000000000000000, 1.000000000000000000 ) ) ;
#6104 = LINE ( 'NONE', #4307, #9291 ) ;
#6105 = EDGE_CURVE ( 'NONE', #6647, #3183, #9304, .T. ) ;
#6106 = DIRECTION ( 'NONE',  ( -2.556604186739367600E-028, 1.000000000000000000, -3.542745126994888700E-015 ) ) ;
#6107 = AXIS2_PLACEMENT_3D ( 'NONE', #5596, #407, #6503 ) ;
#6108 = PLANE ( 'NONE',  #957 ) ;
#6109 = ORIENTED_EDGE ( 'NONE', *, *, #5520, .T. ) ;
#6110 = CARTESIAN_POINT ( 'NONE',  ( -1.075000000000000000, 0.2500000000000006100, 0.1250000000000001100 ) ) ;
#6111 = CARTESIAN_POINT ( 'NONE',  ( -6.624999999999998200, 2.149999999999988800, 1.950000000000001300 ) ) ;
#6112 = VERTEX_POINT ( 'NONE', #9226 ) ;
#6113 = VECTOR ( 'NONE', #5064, 1000.000000000000000 ) ;
#6114 = LINE ( 'NONE', #6019, #1022 ) ;
#6115 = CARTESIAN_POINT ( 'NONE',  ( -6.799999999999998900, -3.480000000000000000, 6.377205953146758900 ) ) ;
#6116 = AXIS2_PLACEMENT_3D ( 'NONE', #5011, #8010, #2034 ) ;
#6117 = EDGE_CURVE ( 'NONE', #5316, #1994, #8353, .T. ) ;
#6118 = ADVANCED_FACE ( 'NONE', ( #885 ), #3167, .T. ) ;
#6119 = CARTESIAN_POINT ( 'NONE',  ( 6.625000000000000000, 13.00000000000000000, 6.700000000000000200 ) ) ;
#6120 = CARTESIAN_POINT ( 'NONE',  ( 3.677205953146760900, -3.480000000000000000, 3.722794046853242600 ) ) ;
#6121 = ORIENTED_EDGE ( 'NONE', *, *, #6225, .F. ) ;
#6122 = CARTESIAN_POINT ( 'NONE',  ( 1.250000000000001600, -7.721577310586390300, 6.450000000000000200 ) ) ;
#6123 = VECTOR ( 'NONE', #7903, 1000.000000000000000 ) ;
#6124 = CARTESIAN_POINT ( 'NONE',  ( -6.624999999999997300, 3.999999999999987100, 6.700000000000002000 ) ) ;
#6125 = VECTOR ( 'NONE', #7641, 1000.000000000000000 ) ;
#6126 = ORIENTED_EDGE ( 'NONE', *, *, #2812, .T. ) ;
#6127 = AXIS2_PLACEMENT_3D ( 'NONE', #978, #3196, #3680 ) ;
#6128 = VECTOR ( 'NONE', #4765, 1000.000000000000000 ) ;
#6129 = CARTESIAN_POINT ( 'NONE',  ( -6.624999999999998200, 2.924999999999986500, 5.850000000000000500 ) ) ;
#6130 = EDGE_LOOP ( 'NONE', ( #8449, #9302, #7739, #5918 ) ) ;
#6131 = VECTOR ( 'NONE', #2390, 1000.000000000000100 ) ;
#6132 = DIRECTION ( 'NONE',  ( 0.0000000000000000000, 0.0000000000000000000, 1.000000000000000000 ) ) ;
#6133 = EDGE_CURVE ( 'NONE', #5538, #6796, #3489, .T. ) ;
#6134 = VECTOR ( 'NONE', #7765, 1000.000000000000000 ) ;
#6135 = CARTESIAN_POINT ( 'NONE',  ( 6.625000000000001800, 2.149999999999987000, 3.375000000000000900 ) ) ;
#6136 = EDGE_LOOP ( 'NONE', ( #5023, #2442, #3898, #5943 ) ) ;
#6137 = CARTESIAN_POINT ( 'NONE',  ( -6.742652905300590600, -0.001497648141261299400, 2.100000000000001000 ) ) ;
#6138 = VERTEX_POINT ( 'NONE', #4041 ) ;
#6139 = PLANE ( 'NONE',  #9591 ) ;
#6140 = DIRECTION ( 'NONE',  ( 0.0000000000000000000, 0.0000000000000000000, 1.000000000000000000 ) ) ;
#6141 = VERTEX_POINT ( 'NONE', #8515 ) ;
#6142 = CARTESIAN_POINT ( 'NONE',  ( 3.750000000000002200, -3.279999999999996300, 3.950000000000001100 ) ) ;
#6143 = EDGE_CURVE ( 'NONE', #7134, #6054, #2673, .T. ) ;
#6144 = EDGE_LOOP ( 'NONE', ( #3791 ) ) ;
#6145 = CARTESIAN_POINT ( 'NONE',  ( 6.875000000000001800, 2.224999999999987200, 1.950000000000000400 ) ) ;
#6146 = CARTESIAN_POINT ( 'NONE',  ( 6.875000000000000900, 4.549999999999986500, 4.749999999999984900 ) ) ;
#6147 = VERTEX_POINT ( 'NONE', #5468 ) ;
#6148 = CARTESIAN_POINT ( 'NONE',  ( -6.624999999999998200, 2.149999999999987000, 3.450000000000001500 ) ) ;
#6149 = CARTESIAN_POINT ( 'NONE',  ( -6.874999999999998200, 3.499999999999985300, 3.450000000000000600 ) ) ;
#6150 = VERTEX_POINT ( 'NONE', #2566 ) ;
#6151 = CARTESIAN_POINT ( 'NONE',  ( -6.874999999999998200, 12.75000000000000000, -2.699999999999999300 ) ) ;
#6152 = ORIENTED_EDGE ( 'NONE', *, *, #6424, .T. ) ;
#6153 = EDGE_CURVE ( 'NONE', #3824, #6150, #3837, .T. ) ;
#6154 = DIRECTION ( 'NONE',  ( 0.0000000000000000000, 0.0000000000000000000, 1.000000000000000000 ) ) ;
#6155 = LINE ( 'NONE', #1731, #9592 ) ;
#6156 = ADVANCED_FACE ( 'NONE', ( #70 ), #9458, .F. ) ;
#6157 = ORIENTED_EDGE ( 'NONE', *, *, #5024, .F. ) ;
#6158 = ORIENTED_EDGE ( 'NONE', *, *, #5449, .T. ) ;
#6159 = AXIS2_PLACEMENT_3D ( 'NONE', #7591, #1612, #93 ) ;
#6160 = AXIS2_PLACEMENT_3D ( 'NONE', #4792, #6297, #272 ) ;
#6161 = ORIENTED_EDGE ( 'NONE', *, *, #5899, .F. ) ;
#6162 = VECTOR ( 'NONE', #2026, 1000.000000000000000 ) ;
#6164 = EDGE_CURVE ( 'NONE', #3553, #7787, #304, .T. ) ;
#6163 = LINE ( 'NONE', #4083, #7343 ) ;
#6165 = EDGE_CURVE ( 'NONE', #684, #1287, #65, .T. ) ;
#6166 = CARTESIAN_POINT ( 'NONE',  ( -7.000000000000005300, 1.049999999999997800, -0.2000000000000014000 ) ) ;
#6167 = DIRECTION ( 'NONE',  ( -0.3236155771181821700, -0.8891264907159901500, 0.3236155771181821700 ) ) ;
#6168 = ORIENTED_EDGE ( 'NONE', *, *, #317, .F. ) ;
#6169 = CARTESIAN_POINT ( 'NONE',  ( -7.000000000000005300, 1.049999999999999200, -2.699999999999999300 ) ) ;
#6170 = CIRCLE ( 'NONE', #1723, 0.2999999999999999300 ) ;
#6171 = AXIS2_PLACEMENT_3D ( 'NONE', #6014, #8920, #700 ) ;
#6172 = PLANE ( 'NONE',  #8593 ) ;
#6173 = SURFACE_SIDE_STYLE ('',( #4497 ) ) ;
#6174 = VERTEX_POINT ( 'NONE', #4945 ) ;
#6175 = AXIS2_PLACEMENT_3D ( 'NONE', #549, #7352, #9688 ) ;
#6176 = ORIENTED_EDGE ( 'NONE', *, *, #8134, .T. ) ;
#6177 = CARTESIAN_POINT ( 'NONE',  ( 2.449999999999999300, 6.199999999999999300, -3.849999999999993900 ) ) ;
#6178 = EDGE_CURVE ( 'NONE', #8217, #4873, #3609, .T. ) ;
#6179 = VECTOR ( 'NONE', #6452, 1000.000000000000000 ) ;
#6180 = PLANE ( 'NONE',  #8798 ) ;
#6181 = CARTESIAN_POINT ( 'NONE',  ( -1.576691070772523900, -3.481414627696880300, 3.876691070772527500 ) ) ;
#6182 = DIRECTION ( 'NONE',  ( -1.334402673828313600E-016, 1.000000000000000000, 0.0000000000000000000 ) ) ;
#6183 = ORIENTED_EDGE ( 'NONE', *, *, #780, .T. ) ;
#6184 = ORIENTED_EDGE ( 'NONE', *, *, #7188, .T. ) ;
#6185 = AXIS2_PLACEMENT_3D ( 'NONE', #8932, #4357, #4455 ) ;
#6186 = VECTOR ( 'NONE', #3780, 1000.000000000000000 ) ;
#6187 = DIRECTION ( 'NONE',  ( 1.000000000000000000, 0.0000000000000000000, 0.0000000000000000000 ) ) ;
#6188 = LINE ( 'NONE', #4710, #2984 ) ;
#6189 = CLOSED_SHELL ( 'NONE', ( #298, #3060, #411, #4848, #207, #9146, #3147, #598, #5289, #997 ) ) ;
#6190 = EDGE_CURVE ( 'NONE', #7328, #6256, #7177, .T. ) ;
#6191 = VERTEX_POINT ( 'NONE', #1131 ) ;
#6192 = ORIENTED_EDGE ( 'NONE', *, *, #765, .T. ) ;
#6193 = LINE ( 'NONE', #7793, #4303 ) ;
#6194 = DIRECTION ( 'NONE',  ( 0.0000000000000000000, 0.0000000000000000000, -1.000000000000000000 ) ) ;
#6195 = DIRECTION ( 'NONE',  ( 0.0000000000000000000, -1.000000000000000000, 0.0000000000000000000 ) ) ;
#6196 = CARTESIAN_POINT ( 'NONE',  ( -6.624999999999997300, 29.80608689002257700, 7.790000000000000000 ) ) ;
#6197 = VECTOR ( 'NONE', #6187, 1000.000000000000000 ) ;
#6198 = FILL_AREA_STYLE ('',( #2165 ) ) ;
#6199 = DIRECTION ( 'NONE',  ( 0.0000000000000000000, -1.000000000000000000, 3.491481338843133400E-015 ) ) ;
#6200 = VERTEX_POINT ( 'NONE', #1874 ) ;
#6201 = ADVANCED_FACE ( 'NONE', ( #4563 ), #4180, .F. ) ;
#6202 = ORIENTED_EDGE ( 'NONE', *, *, #1660, .F. ) ;
#6203 = LINE ( 'NONE', #6642, #6929 ) ;
#6204 = DIRECTION ( 'NONE',  ( -1.000000000000000000, 0.0000000000000000000, 0.0000000000000000000 ) ) ;
#6205 = PLANE ( 'NONE',  #7925 ) ;
#6206 = LINE ( 'NONE', #2854, #2177 ) ;
#6207 = DIRECTION ( 'NONE',  ( 1.000000000000000000, 0.0000000000000000000, 0.0000000000000000000 ) ) ;
#6208 = DIRECTION ( 'NONE',  ( 0.0000000000000000000, 0.0000000000000000000, 1.000000000000000000 ) ) ;
#6209 = EDGE_CURVE ( 'NONE', #5584, #3927, #8386, .T. ) ;
#6210 = CARTESIAN_POINT ( 'NONE',  ( -6.624999999999998200, 3.999999999999985300, 8.040000000000000900 ) ) ;
#6211 = ORIENTED_EDGE ( 'NONE', *, *, #3883, .T. ) ;
#6212 = CARTESIAN_POINT ( 'NONE',  ( 6.062285474142321100, 12.98068630366820000, 3.300000000000000700 ) ) ;
#6213 = EDGE_LOOP ( 'NONE', ( #1290, #954, #64, #2830 ) ) ;
#6214 = ORIENTED_EDGE ( 'NONE', *, *, #9147, .F. ) ;
#6215 = AXIS2_PLACEMENT_3D ( 'NONE', #1795, #4000, #3972 ) ;
#6216 = LINE ( 'NONE', #483, #4435 ) ;
#6217 = DIRECTION ( 'NONE',  ( -0.0000000000000000000, -0.0000000000000000000, -1.000000000000000000 ) ) ;
#6218 = VECTOR ( 'NONE', #3598, 1000.000000000000000 ) ;
#6219 = FACE_OUTER_BOUND ( 'NONE', #2500, .T. ) ;
#6220 = DIRECTION ( 'NONE',  ( -0.0000000000000000000, -0.0000000000000000000, -1.000000000000000000 ) ) ;
#6221 = CARTESIAN_POINT ( 'NONE',  ( -6.999999999999999100, 0.0000000000000000000, -4.699999999999999300 ) ) ;
#6222 = ORIENTED_EDGE ( 'NONE', *, *, #962, .F. ) ;
#6223 = EDGE_CURVE ( 'NONE', #9152, #3571, #1493, .T. ) ;
#6224 = DIRECTION ( 'NONE',  ( -1.000000000000000000, 2.556604186739367600E-028, -8.926335808808728500E-043 ) ) ;
#6225 = EDGE_CURVE ( 'NONE', #901, #3438, #648, .T. ) ;
#6226 = ORIENTED_EDGE ( 'NONE', *, *, #4750, .F. ) ;
#6227 = LINE ( 'NONE', #8102, #6113 ) ;
#6228 = LINE ( 'NONE', #7621, #3367 ) ;
#6229 = CYLINDRICAL_SURFACE ( 'NONE', #2702, 0.02499999999999984900 ) ;
#6230 = ORIENTED_EDGE ( 'NONE', *, *, #8062, .T. ) ;
#6231 = AXIS2_PLACEMENT_3D ( 'NONE', #2308, #2341, #3906 ) ;
#6232 = LINE ( 'NONE', #7889, #7996 ) ;
#6233 = CARTESIAN_POINT ( 'NONE',  ( -1.075000000000000000, 0.2500000000000006100, 17.08448840921516900 ) ) ;
#6234 = CARTESIAN_POINT ( 'NONE',  ( -3.749999999999998200, -3.279999999999996300, 3.950000000000001100 ) ) ;
#6235 = PLANE ( 'NONE',  #7323 ) ;
#6236 = CARTESIAN_POINT ( 'NONE',  ( -6.374999999999999100, 12.75000000000000000, 8.050000000000000700 ) ) ;
#6237 = VERTEX_POINT ( 'NONE', #3476 ) ;
#6238 = CARTESIAN_POINT ( 'NONE',  ( -1.022794046853238800, -3.480000000000000000, 3.877205953146760200 ) ) ;
#6239 = LINE ( 'NONE', #5363, #4220 ) ;
#6240 = AXIS2_PLACEMENT_3D ( 'NONE', #9714, #8956, #630 ) ;
#6241 = EDGE_CURVE ( 'NONE', #5487, #6147, #5627, .T. ) ;
#6242 = EDGE_LOOP ( 'NONE', ( #7490, #5107, #5383, #9044 ) ) ;
#6243 = CARTESIAN_POINT ( 'NONE',  ( 1.650000000000000800, -7.721577310586390300, 3.650000000000000800 ) ) ;
#6244 = CARTESIAN_POINT ( 'NONE',  ( -6.874999999999998200, 4.999999999999999100, 8.300000000000018500 ) ) ;
#6245 = DIRECTION ( 'NONE',  ( 0.0000000000000000000, 0.0000000000000000000, 1.000000000000000000 ) ) ;
#6246 = ORIENTED_EDGE ( 'NONE', *, *, #3913, .T. ) ;
#6247 = DIRECTION ( 'NONE',  ( -0.0000000000000000000, -0.0000000000000000000, -1.000000000000000000 ) ) ;
#6248 = LINE ( 'NONE', #6586, #1748 ) ;
#6249 = CARTESIAN_POINT ( 'NONE',  ( 6.625000000000000000, 13.00000000000000000, -2.699999999999999300 ) ) ;
#6250 = AXIS2_PLACEMENT_3D ( 'NONE', #5617, #1098, #7888 ) ;
#6251 =( NAMED_UNIT ( * ) SI_UNIT ( $, .STERADIAN. ) SOLID_ANGLE_UNIT ( ) );
#6252 = ORIENTED_EDGE ( 'NONE', *, *, #5758, .T. ) ;
#6253 = DIRECTION ( 'NONE',  ( 0.0000000000000000000, 1.000000000000000000, -0.0000000000000000000 ) ) ;
#6254 = CARTESIAN_POINT ( 'NONE',  ( -1.649999999999998600, -3.279999999999996300, 6.450000000000000200 ) ) ;
#6255 = CARTESIAN_POINT ( 'NONE',  ( -7.000000000000006200, 2.924999999999987800, 5.850000000000000500 ) ) ;
#6256 = VERTEX_POINT ( 'NONE', #1088 ) ;
#6257 = ADVANCED_FACE ( 'NONE', ( #8712 ), #5609, .T. ) ;
#6258 = LINE ( 'NONE', #3628, #8018 ) ;
#6259 = CARTESIAN_POINT ( 'NONE',  ( 3.123308929227474300, -3.481414627696880300, 6.223308929227473900 ) ) ;
#6260 = ORIENTED_EDGE ( 'NONE', *, *, #1473, .F. ) ;
#6261 = AXIS2_PLACEMENT_3D ( 'NONE', #8396, #4592, #5256 ) ;
#6262 = ORIENTED_EDGE ( 'NONE', *, *, #620, .T. ) ;
#6263 = DIRECTION ( 'NONE',  ( -1.000000000000000000, 0.0000000000000000000, 0.0000000000000000000 ) ) ;
#6264 = DIRECTION ( 'NONE',  ( 0.0000000000000000000, 0.0000000000000000000, 1.000000000000000000 ) ) ;
#6265 = DIRECTION ( 'NONE',  ( 0.0000000000000000000, 0.0000000000000000000, 1.000000000000000000 ) ) ;
#6266 = DIRECTION ( 'NONE',  ( 0.3236155771181821700, -0.8891264907159901500, 0.3236155771181821700 ) ) ;
#6267 = ORIENTED_EDGE ( 'NONE', *, *, #6930, .T. ) ;
#6268 = ADVANCED_FACE ( 'NONE', ( #7526 ), #5209, .T. ) ;
#6269 = EDGE_LOOP ( 'NONE', ( #7106, #3960, #205, #4723 ) ) ;
#6270 = EDGE_CURVE ( 'NONE', #5545, #3201, #5046, .T. ) ;
#6271 = LINE ( 'NONE', #7730, #114 ) ;
#6272 = VERTEX_POINT ( 'NONE', #2199 ) ;
#6273 = DIRECTION ( 'NONE',  ( 0.0000000000000000000, 0.0000000000000000000, -1.000000000000000000 ) ) ;
#6274 = ORIENTED_EDGE ( 'NONE', *, *, #5967, .T. ) ;
#6275 = DIRECTION ( 'NONE',  ( 1.000000000000000000, 0.0000000000000000000, 0.0000000000000000000 ) ) ;
#6276 = EDGE_LOOP ( 'NONE', ( #3023, #9215, #614, #4581 ) ) ;
#6277 = PLANE ( 'NONE',  #5637 ) ;
#6278 = CARTESIAN_POINT ( 'NONE',  ( 6.375000000000000900, 12.75000000000000000, 8.040000000000000900 ) ) ;
#6279 = ORIENTED_EDGE ( 'NONE', *, *, #1917, .T. ) ;
#6280 = LINE ( 'NONE', #4417, #1428 ) ;
#6281 = DIRECTION ( 'NONE',  ( -1.000000000000000000, -0.0000000000000000000, -0.0000000000000000000 ) ) ;
#6282 = ORIENTED_EDGE ( 'NONE', *, *, #1167, .F. ) ;
#6283 = CYLINDRICAL_SURFACE ( 'NONE', #1480, 0.02499999999999984900 ) ;
#6284 = EDGE_CURVE ( 'NONE', #7784, #1256, #1270, .T. ) ;
#6285 = EDGE_CURVE ( 'NONE', #5558, #9620, #7807, .T. ) ;
#6286 = DIRECTION ( 'NONE',  ( 0.0000000000000000000, 0.0000000000000000000, 1.000000000000000000 ) ) ;
#6287 = ORIENTED_EDGE ( 'NONE', *, *, #6853, .T. ) ;
#6288 = ORIENTED_EDGE ( 'NONE', *, *, #3750, .T. ) ;
#6289 = VECTOR ( 'NONE', #7227, 1000.000000000000000 ) ;
#6290 = VECTOR ( 'NONE', #3303, 1000.000000000000000 ) ;
#6291 = DIRECTION ( 'NONE',  ( 1.000000000000000000, 0.0000000000000000000, -0.0000000000000000000 ) ) ;
#6292 = VERTEX_POINT ( 'NONE', #3513 ) ;
#6293 = ORIENTED_EDGE ( 'NONE', *, *, #609, .F. ) ;
#6294 = EDGE_CURVE ( 'NONE', #8929, #6958, #6114, .T. ) ;
#6295 = LINE ( 'NONE', #8757, #844 ) ;
#6296 = DIRECTION ( 'NONE',  ( 0.0000000000000000000, 3.542745126994888700E-015, 1.000000000000000000 ) ) ;
#6297 = DIRECTION ( 'NONE',  ( 0.0000000000000000000, 0.0000000000000000000, 1.000000000000000000 ) ) ;
#6298 = CARTESIAN_POINT ( 'NONE',  ( 3.750000000000000900, -7.721577310586390300, 6.150000000000000400 ) ) ;
#6299 = CARTESIAN_POINT ( 'NONE',  ( 0.0000000000000000000, 6.500000000000000000, 0.1250000000000000000 ) ) ;
#6300 = DIRECTION ( 'NONE',  ( 1.000000000000000000, 0.0000000000000000000, 0.0000000000000000000 ) ) ;
#6301 = ORIENTED_EDGE ( 'NONE', *, *, #6285, .F. ) ;
#6302 = ORIENTED_EDGE ( 'NONE', *, *, #2289, .F. ) ;
#6303 = AXIS2_PLACEMENT_3D ( 'NONE', #5595, #406, #8615 ) ;
#6304 = FACE_OUTER_BOUND ( 'NONE', #1466, .T. ) ;
#6305 = ORIENTED_EDGE ( 'NONE', *, *, #4556, .F. ) ;
#6306 = ADVANCED_FACE ( 'NONE', ( #8833 ), #9061, .T. ) ;
#6307 = CYLINDRICAL_SURFACE ( 'NONE', #3797, 0.2500000000000002200 ) ;
#6308 = DIRECTION ( 'NONE',  ( 0.0000000000000000000, 1.000000000000000000, 0.0000000000000000000 ) ) ;
#6309 = CARTESIAN_POINT ( 'NONE',  ( 6.625000000000000000, 12.49999999999999800, 8.040000000000000900 ) ) ;
#6310 = FACE_OUTER_BOUND ( 'NONE', #8382, .T. ) ;
#6311 = DIRECTION ( 'NONE',  ( 1.000000000000000000, -1.262034274850851900E-016, 0.0000000000000000000 ) ) ;
#6312 = DIRECTION ( 'NONE',  ( -1.000000000000000000, 0.0000000000000000000, 0.0000000000000000000 ) ) ;
#6313 = EDGE_CURVE ( 'NONE', #9827, #1956, #6593, .T. ) ;
#6314 = VERTEX_POINT ( 'NONE', #1479 ) ;
#6315 = ORIENTED_EDGE ( 'NONE', *, *, #6629, .T. ) ;
#6316 = CIRCLE ( 'NONE', #1764, 0.02499999999999984900 ) ;
#6317 = CYLINDRICAL_SURFACE ( 'NONE', #3884, 0.3750000000000055500 ) ;
#6318 = LINE ( 'NONE', #7315, #7033 ) ;
#6319 = ADVANCED_FACE ( 'NONE', ( #6834 ), #735, .F. ) ;
#6320 = CIRCLE ( 'NONE', #9130, 0.3000000000000000400 ) ;
#6321 = EDGE_LOOP ( 'NONE', ( #5225, #9805, #726, #9497 ) ) ;
#6322 = AXIS2_PLACEMENT_3D ( 'NONE', #8259, #9133, #3716 ) ;
#6323 = VERTEX_POINT ( 'NONE', #8255 ) ;
#6324 = ORIENTED_EDGE ( 'NONE', *, *, #4372, .T. ) ;
#6325 = CARTESIAN_POINT ( 'NONE',  ( -6.874999999999998200, 4.999999999999997300, 7.800000000000018500 ) ) ;
#6326 = FACE_OUTER_BOUND ( 'NONE', #712, .T. ) ;
#6327 = ORIENTED_EDGE ( 'NONE', *, *, #8200, .F. ) ;
#6328 = CIRCLE ( 'NONE', #8544, 0.7500000000000036600 ) ;
#6329 = VECTOR ( 'NONE', #8462, 1000.000000000000000 ) ;
#6330 = EDGE_CURVE ( 'NONE', #8760, #6272, #1384, .T. ) ;
#6331 = CARTESIAN_POINT ( 'NONE',  ( 6.625000000000000000, 3.999999999999987100, 5.850000000000000500 ) ) ;
#6332 = DIRECTION ( 'NONE',  ( 0.0000000000000000000, -0.9063077870366509400, -0.4226182617406974400 ) ) ;
#6333 = DIRECTION ( 'NONE',  ( 1.000000000000000000, 0.0000000000000000000, 0.0000000000000000000 ) ) ;
#6334 = ORIENTED_EDGE ( 'NONE', *, *, #132, .T. ) ;
#6335 = CARTESIAN_POINT ( 'NONE',  ( 6.500000000000024000, 4.999999999999999100, 8.050000000000018500 ) ) ;
#6336 = DIRECTION ( 'NONE',  ( 0.0000000000000000000, 0.0000000000000000000, -1.000000000000000000 ) ) ;
#6337 = VECTOR ( 'NONE', #4079, 1000.000000000000000 ) ;
#6338 = DIRECTION ( 'NONE',  ( 0.0000000000000000000, 0.0000000000000000000, -1.000000000000000000 ) ) ;
#6339 = AXIS2_PLACEMENT_3D ( 'NONE', #3443, #9484, #2595 ) ;
#6340 = VERTEX_POINT ( 'NONE', #2991 ) ;
#6341 = DIRECTION ( 'NONE',  ( 0.0000000000000000000, 0.0000000000000000000, 1.000000000000000000 ) ) ;
#6342 = ORIENTED_EDGE ( 'NONE', *, *, #896, .T. ) ;
#6343 = DIRECTION ( 'NONE',  ( -0.0000000000000000000, -0.0000000000000000000, -1.000000000000000000 ) ) ;
#6344 = CARTESIAN_POINT ( 'NONE',  ( -6.387810486188191000, 2.949999999999986900, 6.527576843457304700 ) ) ;
#6345 = VERTEX_POINT ( 'NONE', #6816 ) ;
#6346 = EDGE_CURVE ( 'NONE', #6958, #4430, #4085, .T. ) ;
#6347 = CARTESIAN_POINT ( 'NONE',  ( 1.250000000000001600, -3.279999999999996300, 6.450000000000000200 ) ) ;
#6348 = CIRCLE ( 'NONE', #7574, 0.3999999999999998600 ) ;
#6349 = CARTESIAN_POINT ( 'NONE',  ( -6.424999999999998000, 3.499999999999987100, 3.450000000000001500 ) ) ;
#6350 = VECTOR ( 'NONE', #3685, 1000.000000000000000 ) ;
#6351 = DIRECTION ( 'NONE',  ( 1.000000000000000000, 0.0000000000000000000, 0.0000000000000000000 ) ) ;
#6352 = AXIS2_PLACEMENT_3D ( 'NONE', #3247, #4818, #299 ) ;
#6353 = CARTESIAN_POINT ( 'NONE',  ( -6.374999999999999100, 2.236907039215393100, 2.100000000000001000 ) ) ;
#6354 = VECTOR ( 'NONE', #1527, 1000.000000000000000 ) ;
#6355 = CARTESIAN_POINT ( 'NONE',  ( 6.625000000000001800, 1.049999999999999600, 6.550308009257218300 ) ) ;
#6356 = CARTESIAN_POINT ( 'NONE',  ( 6.875000000000001800, 1.899999999999999000, 8.040000000000040000 ) ) ;
#6357 = VECTOR ( 'NONE', #1903, 1000.000000000000000 ) ;
#6358 = LINE ( 'NONE', #9201, #1972 ) ;
#6359 = ADVANCED_FACE ( 'NONE', ( #2802 ), #5014, .T. ) ;
#6360 = EDGE_CURVE ( 'NONE', #9530, #4613, #2305, .T. ) ;
#6361 = DIRECTION ( 'NONE',  ( 0.0000000000000000000, 0.0000000000000000000, -1.000000000000000000 ) ) ;
#6362 = EDGE_CURVE ( 'NONE', #8816, #9713, #3830, .T. ) ;
#6363 = VERTEX_POINT ( 'NONE', #4449 ) ;
#6364 = VECTOR ( 'NONE', #6046, 1000.000000000000000 ) ;
#6365 = VECTOR ( 'NONE', #4826, 1000.000000000000000 ) ;
#6366 = CARTESIAN_POINT ( 'NONE',  ( 0.8999999999999999100, 0.8715010882118843200, 0.1250000000000000000 ) ) ;
#6367 = DIRECTION ( 'NONE',  ( -1.000000000000000000, 0.0000000000000000000, 0.0000000000000000000 ) ) ;
#6368 =( GEOMETRIC_REPRESENTATION_CONTEXT ( 3 ) GLOBAL_UNCERTAINTY_ASSIGNED_CONTEXT ( ( #7689 ) ) GLOBAL_UNIT_ASSIGNED_CONTEXT ( ( #5854, #8894, #2111 ) ) REPRESENTATION_CONTEXT ( 'NONE', 'WORKASPACE' ) );
#6369 = DIRECTION ( 'NONE',  ( 0.0000000000000000000, 0.0000000000000000000, -1.000000000000000000 ) ) ;
#6370 = DIRECTION ( 'NONE',  ( -0.0000000000000000000, -0.0000000000000000000, -1.000000000000000000 ) ) ;
#6371 = CARTESIAN_POINT ( 'NONE',  ( -1.055190116215857700, -1.709633081912044900, -0.1250000000000000000 ) ) ;
#6372 = DIRECTION ( 'NONE',  ( 1.000000000000000000, -0.0000000000000000000, -0.0000000000000000000 ) ) ;
#6373 = ADVANCED_FACE ( 'NONE', ( #773, #6824, #292, #9067, #2791, #2318, #7296, #6584, #762 ), #2362, .F. ) ;
#6374 = CARTESIAN_POINT ( 'NONE',  ( 1.650000000000000800, 0.0000000000000000000, 3.650000000000000800 ) ) ;
#6375 = AXIS2_PLACEMENT_3D ( 'NONE', #5077, #8042, #1979 ) ;
#6376 = ORIENTED_EDGE ( 'NONE', *, *, #8553, .T. ) ;
#6377 = EDGE_CURVE ( 'NONE', #4807, #1577, #7983, .T. ) ;
#6378 = DIRECTION ( 'NONE',  ( 1.209379534333128700E-016, -0.9063077870366509400, 0.4226182617406975000 ) ) ;
#6379 = CARTESIAN_POINT ( 'NONE',  ( -6.747474487139165000, 3.949999999999987300, 5.875000000000000000 ) ) ;
#6380 = DIRECTION ( 'NONE',  ( 0.0000000000000000000, -2.551063935260010000E-016, 1.000000000000000000 ) ) ;
#6381 = MANIFOLD_SOLID_BREP ( 'Sketch-Pattern1[3]', #4959 ) ;
#6382 = CARTESIAN_POINT ( 'NONE',  ( 6.605784270717713900, 3.949999999999986400, 6.650000000000000400 ) ) ;
#6383 = DIRECTION ( 'NONE',  ( 1.000000000000000000, 0.0000000000000000000, 0.0000000000000000000 ) ) ;
#6384 = ORIENTED_EDGE ( 'NONE', *, *, #865, .T. ) ;
#6385 = AXIS2_PLACEMENT_3D ( 'NONE', #9358, #9258, #4739 ) ;
#6386 = DIRECTION ( 'NONE',  ( 0.0000000000000000000, 3.542745126994888700E-015, 1.000000000000000000 ) ) ;
#6387 = EDGE_LOOP ( 'NONE', ( #6547, #4781, #9233, #4229 ) ) ;
#6388 = DIRECTION ( 'NONE',  ( -1.334402673828313600E-016, 1.000000000000000000, 1.606225440719265900E-016 ) ) ;
#6389 = CARTESIAN_POINT ( 'NONE',  ( 6.749956620210699800, 2.938428370752020200, 5.853728012961529900 ) ) ;
#6390 = VERTEX_POINT ( 'NONE', #569 ) ;
#6391 = EDGE_CURVE ( 'NONE', #2138, #429, #8100, .T. ) ;
#6392 = EDGE_LOOP ( 'NONE', ( #408, #5661, #4699, #1570 ) ) ;
#6393 = CARTESIAN_POINT ( 'NONE',  ( 1.250000000000001600, -7.721577310586390300, 6.450000000000000200 ) ) ;
#6394 = VERTEX_POINT ( 'NONE', #7648 ) ;
#6395 = DIRECTION ( 'NONE',  ( 1.000000000000000000, 0.0000000000000000000, 0.0000000000000000000 ) ) ;
#6396 = AXIS2_PLACEMENT_3D ( 'NONE', #6353, #9292, #9390 ) ;
#6397 = CARTESIAN_POINT ( 'NONE',  ( -0.6291033726784029900, -3.799999999999999800, -0.1250000000000000000 ) ) ;
#6398 = VECTOR ( 'NONE', #6369, 1000.000000000000000 ) ;
#6399 = DIRECTION ( 'NONE',  ( 8.075993836018656900E-017, -0.0000000000000000000, 1.000000000000000000 ) ) ;
#6400 = ORIENTED_EDGE ( 'NONE', *, *, #8626, .T. ) ;
#6401 = CARTESIAN_POINT ( 'NONE',  ( -7.038999959144346600, 2.630833889476434700, 2.100000000000000500 ) ) ;
#6402 = CARTESIAN_POINT ( 'NONE',  ( 6.625000000000000900, 3.499999999999987100, 1.950000000000000800 ) ) ;
#6403 = ORIENTED_EDGE ( 'NONE', *, *, #5594, .T. ) ;
#6404 = ORIENTED_EDGE ( 'NONE', *, *, #1226, .T. ) ;
#6405 = CARTESIAN_POINT ( 'NONE',  ( 6.625000000000000000, 3.999999999999987100, 6.700000000000000200 ) ) ;
#6406 = ORIENTED_EDGE ( 'NONE', *, *, #8499, .F. ) ;
#6407 = EDGE_CURVE ( 'NONE', #476, #6657, #1830, .T. ) ;
#6408 = LINE ( 'NONE', #7898, #5810 ) ;
#6409 = FACE_OUTER_BOUND ( 'NONE', #1033, .T. ) ;
#6410 = CARTESIAN_POINT ( 'NONE',  ( 6.625000000000002700, -3.799999999999998900, 0.5927230188634979900 ) ) ;
#6411 = ADVANCED_FACE ( 'NONE', ( #1013 ), #5426, .F. ) ;
#6412 = VECTOR ( 'NONE', #9630, 1000.000000000000000 ) ;
#6413 = CARTESIAN_POINT ( 'NONE',  ( -0.9499999999999986200, -3.279999999999996300, 6.450000000000000200 ) ) ;
#6414 = CARTESIAN_POINT ( 'NONE',  ( 1.250000000000001600, -3.279999999999996300, 6.450000000000000200 ) ) ;
#6415 = AXIS2_PLACEMENT_3D ( 'NONE', #1252, #7968, #5698 ) ;
#6416 = DIRECTION ( 'NONE',  ( 1.334402673828313600E-016, -1.000000000000000000, -2.551063935260010000E-016 ) ) ;
#6417 = ORIENTED_EDGE ( 'NONE', *, *, #5533, .T. ) ;
#6418 = VERTEX_POINT ( 'NONE', #6904 ) ;
#6419 = DIRECTION ( 'NONE',  ( -1.000000000000000000, -1.334402673828313600E-016, 0.0000000000000000000 ) ) ;
#6420 = VERTEX_POINT ( 'NONE', #9159 ) ;
#6421 = VECTOR ( 'NONE', #2519, 1000.000000000000000 ) ;
#6422 = CARTESIAN_POINT ( 'NONE',  ( -7.000000000000006200, 3.974999999999987200, 5.850000000000000500 ) ) ;
#6423 = EDGE_CURVE ( 'NONE', #5410, #134, #9295, .T. ) ;
#6424 = EDGE_CURVE ( 'NONE', #8587, #7775, #3226, .T. ) ;
#6425 = ADVANCED_FACE ( 'NONE', ( #4778 ), #8580, .F. ) ;
#6426 = DIRECTION ( 'NONE',  ( -1.000000000000000000, -0.0000000000000000000, 1.239088197126290800E-016 ) ) ;
#6427 = CARTESIAN_POINT ( 'NONE',  ( 1.055190116215857900, -1.709633081912044700, -0.1250000000000000000 ) ) ;
#6428 = ORIENTED_EDGE ( 'NONE', *, *, #6040, .F. ) ;
#6429 = ORIENTED_EDGE ( 'NONE', *, *, #4230, .T. ) ;
#6430 = LINE ( 'NONE', #9563, #8059 ) ;
#6431 = MECHANICAL_DESIGN_GEOMETRIC_PRESENTATION_REPRESENTATION (  '', ( #967 ), #6368 ) ;
#6432 = AXIS2_PLACEMENT_3D ( 'NONE', #5485, #2756, #342 ) ;
#6433 = DIRECTION ( 'NONE',  ( -1.334402673828313600E-016, -1.000000000000000000, -2.551063935260010000E-016 ) ) ;
#6434 = ORIENTED_EDGE ( 'NONE', *, *, #962, .T. ) ;
#6435 = DIRECTION ( 'NONE',  ( 0.0000000000000000000, 0.0000000000000000000, -1.000000000000000000 ) ) ;
#6436 = VECTOR ( 'NONE', #5463, 1000.000000000000000 ) ;
#6437 = EDGE_CURVE ( 'NONE', #486, #7587, #9411, .T. ) ;
#6438 = ORIENTED_EDGE ( 'NONE', *, *, #3313, .T. ) ;
#6439 = CARTESIAN_POINT ( 'NONE',  ( 1.055190116215857900, -1.709633081912044700, 0.1250000000000000000 ) ) ;
#6440 = CARTESIAN_POINT ( 'NONE',  ( 3.122794046853241600, -3.480000000000000000, 6.377205953146758900 ) ) ;
#6441 = CARTESIAN_POINT ( 'NONE',  ( 5.800000000000000700, 0.2500000000000000000, 17.08448840921516900 ) ) ;
#6442 = FACE_OUTER_BOUND ( 'NONE', #4320, .T. ) ;
#6443 = ORIENTED_EDGE ( 'NONE', *, *, #2173, .F. ) ;
#6444 = ORIENTED_EDGE ( 'NONE', *, *, #6360, .T. ) ;
#6445 = VERTEX_POINT ( 'NONE', #88 ) ;
#6446 = LINE ( 'NONE', #4065, #4177 ) ;
#6447 = DIRECTION ( 'NONE',  ( 1.000000000000000000, 0.0000000000000000000, 0.0000000000000000000 ) ) ;
#6448 = CARTESIAN_POINT ( 'NONE',  ( -3.049999999999998000, 0.0000000000000000000, 6.450000000000000200 ) ) ;
#6449 = FACE_OUTER_BOUND ( 'NONE', #7026, .T. ) ;
#6450 = CARTESIAN_POINT ( 'NONE',  ( -6.624999999999995600, 12.64644660940673000, 7.936446609406724300 ) ) ;
#6451 = CARTESIAN_POINT ( 'NONE',  ( -6.816984835575373000, 3.356995282347282800, 2.100000000000000500 ) ) ;
#6452 = DIRECTION ( 'NONE',  ( -1.000000000000000000, 0.0000000000000000000, 0.0000000000000000000 ) ) ;
#6453 = EDGE_CURVE ( 'NONE', #8737, #513, #425, .T. ) ;
#6454 = ORIENTED_EDGE ( 'NONE', *, *, #469, .T. ) ;
#6455 = DIRECTION ( 'NONE',  ( 0.0000000000000000000, 0.0000000000000000000, -1.000000000000000000 ) ) ;
#6456 = ORIENTED_EDGE ( 'NONE', *, *, #846, .T. ) ;
#6457 = VECTOR ( 'NONE', #778, 1000.000000000000000 ) ;
#6458 = LINE ( 'NONE', #4697, #4661 ) ;
#6459 = DIRECTION ( 'NONE',  ( -0.4385323276481791200, 0.8987154152497163200, -0.0000000000000000000 ) ) ;
#6460 = DIRECTION ( 'NONE',  ( 1.000000000000000000, 0.0000000000000000000, -8.075993836018658100E-017 ) ) ;
#6461 = MECHANICAL_DESIGN_GEOMETRIC_PRESENTATION_REPRESENTATION (  '', ( #8282 ), #3182 ) ;
#6462 = ADVANCED_FACE ( 'NONE', ( #6219 ), #4636, .F. ) ;
#6463 = CARTESIAN_POINT ( 'NONE',  ( -6.567327451886728600, 3.343911293286547300, 2.100000000000000500 ) ) ;
#6464 = ORIENTED_EDGE ( 'NONE', *, *, #6974, .T. ) ;
#6465 = ORIENTED_EDGE ( 'NONE', *, *, #3208, .F. ) ;
#6466 = VECTOR ( 'NONE', #2805, 1000.000000000000000 ) ;
#6467 = VECTOR ( 'NONE', #7693, 1000.000000000000100 ) ;
#6468 = VECTOR ( 'NONE', #3934, 1000.000000000000000 ) ;
#6469 = EDGE_CURVE ( 'NONE', #9245, #8812, #170, .T. ) ;
#6470 = VERTEX_POINT ( 'NONE', #8384 ) ;
#6471 = CARTESIAN_POINT ( 'NONE',  ( -6.374999999999980500, 4.999999999999999100, 8.050000000000027400 ) ) ;
#6472 = DIRECTION ( 'NONE',  ( -0.0000000000000000000, 0.0000000000000000000, -1.000000000000000000 ) ) ;
#6473 = ADVANCED_FACE ( 'NONE', ( #7620 ), #5400, .F. ) ;
#6474 = ORIENTED_EDGE ( 'NONE', *, *, #3832, .F. ) ;
#6475 = PLANE ( 'NONE',  #8752 ) ;
#6476 = AXIS2_PLACEMENT_3D ( 'NONE', #7431, #5115, #584 ) ;
#6477 = VECTOR ( 'NONE', #9542, 1000.000000000000000 ) ;
#6478 = FACE_OUTER_BOUND ( 'NONE', #3043, .T. ) ;
#6479 = LINE ( 'NONE', #4686, #3038 ) ;
#6480 = CARTESIAN_POINT ( 'NONE',  ( -3.122794046853238900, -3.480000000000000000, 6.377205953146758900 ) ) ;
#6481 = EDGE_LOOP ( 'NONE', ( #1593 ) ) ;
#6482 = FACE_OUTER_BOUND ( 'NONE', #2752, .T. ) ;
#6483 = EDGE_CURVE ( 'NONE', #6027, #2918, #9540, .T. ) ;
#6484 = CARTESIAN_POINT ( 'NONE',  ( 1.000000000000000400, 12.11159513863927900, 0.6250000000000001100 ) ) ;
#6485 = CARTESIAN_POINT ( 'NONE',  ( 6.999508378355059800, 2.949519148426826800, 5.869376477642201300 ) ) ;
#6486 = EDGE_CURVE ( 'NONE', #9231, #9052, #5616, .T. ) ;
#6487 = ORIENTED_EDGE ( 'NONE', *, *, #3269, .F. ) ;
#6488 = CARTESIAN_POINT ( 'NONE',  ( 6.567327451886732200, 3.343911293286548200, 8.040000000000000900 ) ) ;
#6489 = VECTOR ( 'NONE', #4128, 1000.000000000000000 ) ;
#6490 = DIRECTION ( 'NONE',  ( 0.0000000000000000000, -1.000000000000000000, 0.0000000000000000000 ) ) ;
#6491 = LINE ( 'NONE', #4203, #2572 ) ;
#6492 = CARTESIAN_POINT ( 'NONE',  ( -7.000000000000005300, 2.149999999999985300, 3.300000000000000700 ) ) ;
#6493 = CARTESIAN_POINT ( 'NONE',  ( 6.625000000000000000, 3.499999999999985800, 1.950000000000000400 ) ) ;
#6494 = DIRECTION ( 'NONE',  ( -0.0000000000000000000, -0.0000000000000000000, -1.000000000000000000 ) ) ;
#6495 = EDGE_LOOP ( 'NONE', ( #4025 ) ) ;
#6496 = EDGE_CURVE ( 'NONE', #8925, #8760, #1959, .T. ) ;
#6497 = CARTESIAN_POINT ( 'NONE',  ( 0.9144203275669488000, -3.592705098312484400, -0.1250000000000000000 ) ) ;
#6498 = EDGE_CURVE ( 'NONE', #1533, #3559, #4073, .T. ) ;
#6499 = ORIENTED_EDGE ( 'NONE', *, *, #8355, .F. ) ;
#6500 = ORIENTED_EDGE ( 'NONE', *, *, #5347, .T. ) ;
#6501 = CARTESIAN_POINT ( 'NONE',  ( 6.875000000000000000, 12.69310511566460200, 8.698138203326244900 ) ) ;
#6502 = DIRECTION ( 'NONE',  ( -1.296989514749014200E-016, -0.0000000000000000000, -1.000000000000000000 ) ) ;
#6503 = DIRECTION ( 'NONE',  ( -1.000000000000000000, 0.0000000000000000000, 0.0000000000000000000 ) ) ;
#6504 = FACE_OUTER_BOUND ( 'NONE', #4399, .T. ) ;
#6505 = CARTESIAN_POINT ( 'NONE',  ( -6.874999999999998200, 12.49999999999999100, -2.699999999999999300 ) ) ;
#6506 = VERTEX_POINT ( 'NONE', #7798 ) ;
#6507 = EDGE_CURVE ( 'NONE', #8113, #3887, #8460, .T. ) ;
#6508 = CARTESIAN_POINT ( 'NONE',  ( -6.748033216739940200, 2.949999999999987700, 5.872262795147823200 ) ) ;
#6509 = PLANE ( 'NONE',  #9413 ) ;
#6510 = DIRECTION ( 'NONE',  ( 0.0000000000000000000, 0.0000000000000000000, -1.000000000000000000 ) ) ;
#6511 = CYLINDRICAL_SURFACE ( 'NONE', #714, 0.2500000000000000000 ) ;
#6512 = AXIS2_PLACEMENT_3D ( 'NONE', #6869, #6106, #6296 ) ;
#6513 = DIRECTION ( 'NONE',  ( 0.0000000000000000000, 3.491481338843134100E-015, 1.000000000000000000 ) ) ;
#6514 = VERTEX_POINT ( 'NONE', #6238 ) ;
#6515 = ADVANCED_FACE ( 'NONE', ( #5862 ), #5492, .T. ) ;
#6516 = ORIENTED_EDGE ( 'NONE', *, *, #6164, .F. ) ;
#6517 = DIRECTION ( 'NONE',  ( 0.0000000000000000000, 0.0000000000000000000, -1.000000000000000000 ) ) ;
#6518 = ORIENTED_EDGE ( 'NONE', *, *, #2436, .F. ) ;
#6519 = DIRECTION ( 'NONE',  ( 0.0000000000000000000, -0.0000000000000000000, 1.000000000000000000 ) ) ;
#6520 = CYLINDRICAL_SURFACE ( 'NONE', #3995, 0.07499999999999998300 ) ;
#6521 = EDGE_LOOP ( 'NONE', ( #7334, #7418, #6152, #4715 ) ) ;
#6522 = EDGE_CURVE ( 'NONE', #8405, #7577, #4438, .T. ) ;
#6523 = LINE ( 'NONE', #4181, #1431 ) ;
#6524 = DIRECTION ( 'NONE',  ( 0.0000000000000000000, 0.0000000000000000000, -1.000000000000000000 ) ) ;
#6525 = ORIENTED_EDGE ( 'NONE', *, *, #1338, .F. ) ;
#6526 = AXIS2_PLACEMENT_3D ( 'NONE', #350, #2703, #7876 ) ;
#6527 = ORIENTED_EDGE ( 'NONE', *, *, #2838, .T. ) ;
#6528 = VECTOR ( 'NONE', #6057, 1000.000000000000000 ) ;
#6529 = CARTESIAN_POINT ( 'NONE',  ( 6.750000000000005300, 4.999999999999997300, 7.800000000000018500 ) ) ;
#6530 = DIRECTION ( 'NONE',  ( 0.0000000000000000000, 0.0000000000000000000, -1.000000000000000000 ) ) ;
#6531 = CIRCLE ( 'NONE', #7064, 0.5000000000000004400 ) ;
#6532 = DIRECTION ( 'NONE',  ( 1.000000000000000000, 0.0000000000000000000, 0.0000000000000000000 ) ) ;
#6533 = CARTESIAN_POINT ( 'NONE',  ( 6.375000000000000900, 12.75000000000000000, 8.040000000000000900 ) ) ;
#6534 = DIRECTION ( 'NONE',  ( 0.0000000000000000000, -0.0000000000000000000, 1.000000000000000000 ) ) ;
#6535 = EDGE_CURVE ( 'NONE', #5408, #786, #3954, .T. ) ;
#6536 = ORIENTED_EDGE ( 'NONE', *, *, #4621, .T. ) ;
#6537 = VERTEX_POINT ( 'NONE', #5565 ) ;
#6538 = CARTESIAN_POINT ( 'NONE',  ( -6.749802566270732400, 2.942921146917761200, 5.857351812240958500 ) ) ;
#6539 = VECTOR ( 'NONE', #1808, 999.9999999999998900 ) ;
#6540 = DIRECTION ( 'NONE',  ( 1.000000000000000000, -0.0000000000000000000, -0.0000000000000000000 ) ) ;
#6541 = AXIS2_PLACEMENT_3D ( 'NONE', #4557, #748, #8262 ) ;
#6542 = DIRECTION ( 'NONE',  ( 1.000000000000000000, 0.0000000000000000000, -0.0000000000000000000 ) ) ;
#6543 =( LENGTH_UNIT ( ) NAMED_UNIT ( * ) SI_UNIT ( .MILLI., .METRE. ) );
#6544 = CARTESIAN_POINT ( 'NONE',  ( -6.624999999999998200, 3.974999999999987200, 5.850000000000000500 ) ) ;
#6545 = CARTESIAN_POINT ( 'NONE',  ( 6.625000000000000000, 2.224999999999986800, 2.100000000000000500 ) ) ;
#6546 = CARTESIAN_POINT ( 'NONE',  ( 3.750000000000000900, -3.279999999999996300, 6.150000000000000400 ) ) ;
#6547 = ORIENTED_EDGE ( 'NONE', *, *, #4585, .F. ) ;
#6548 = ORIENTED_EDGE ( 'NONE', *, *, #53, .F. ) ;
#6549 = ORIENTED_EDGE ( 'NONE', *, *, #6925, .T. ) ;
#6550 = DIRECTION ( 'NONE',  ( -1.000000000000000000, 0.0000000000000000000, 0.0000000000000000000 ) ) ;
#6551 = CIRCLE ( 'NONE', #5139, 0.2999999999999999300 ) ;
#6552 = EDGE_CURVE ( 'NONE', #3794, #786, #2189, .T. ) ;
#6553 = DIRECTION ( 'NONE',  ( 0.0000000000000000000, -1.000000000000000000, 3.491481338843133400E-015 ) ) ;
#6554 = CARTESIAN_POINT ( 'NONE',  ( 1.075000000000000000, 0.9022884140034506100, -4.699999999999999300 ) ) ;
#6555 = ORIENTED_EDGE ( 'NONE', *, *, #121, .F. ) ;
#6556 = DIRECTION ( 'NONE',  ( -1.000000000000000000, 0.0000000000000000000, 0.0000000000000000000 ) ) ;
#6557 = CONICAL_SURFACE ( 'NONE', #4359, 0.4000000000000000800, 0.7853981633974471700 ) ;
#6558 = PRESENTATION_LAYER_ASSIGNMENT (  '', '', ( #9466 ) ) ;
#6559 = LINE ( 'NONE', #3795, #7829 ) ;
#6560 = EDGE_LOOP ( 'NONE', ( #7317, #5624, #8183, #9769 ) ) ;
#6561 = CYLINDRICAL_SURFACE ( 'NONE', #2410, 0.5000000000000004400 ) ;
#6562 = LINE ( 'NONE', #1454, #3818 ) ;
#6563 = EDGE_CURVE ( 'NONE', #9213, #6093, #9773, .T. ) ;
#6564 = PLANE ( 'NONE',  #5736 ) ;
#6565 = DIRECTION ( 'NONE',  ( -0.0000000000000000000, 1.000000000000000000, -0.0000000000000000000 ) ) ;
#6566 = EDGE_CURVE ( 'NONE', #890, #1238, #5491, .T. ) ;
#6567 = ORIENTED_EDGE ( 'NONE', *, *, #7995, .F. ) ;
#6568 =( NAMED_UNIT ( * ) SI_UNIT ( $, .STERADIAN. ) SOLID_ANGLE_UNIT ( ) );
#6569 = CARTESIAN_POINT ( 'NONE',  ( 3.050000000000000700, 0.0000000000000000000, 6.450000000000000200 ) ) ;
#6570 = VERTEX_POINT ( 'NONE', #7766 ) ;
#6571 = DIRECTION ( 'NONE',  ( 1.334402673828313600E-016, -1.000000000000000000, -2.551063935260010000E-016 ) ) ;
#6572 = VECTOR ( 'NONE', #8538, 1000.000000000000000 ) ;
#6573 = ORIENTED_EDGE ( 'NONE', *, *, #7014, .T. ) ;
#6574 = ADVANCED_FACE ( 'NONE', ( #3481 ), #3292, .F. ) ;
#6575 = CIRCLE ( 'NONE', #6905, 0.7500000000000041100 ) ;
#6576 = VECTOR ( 'NONE', #5004, 1000.000000000000000 ) ;
#6577 = DIRECTION ( 'NONE',  ( 1.000000000000000000, 0.0000000000000000000, 0.0000000000000000000 ) ) ;
#6578 = AXIS2_PLACEMENT_3D ( 'NONE', #2225, #7518, #4507 ) ;
#6579 = CARTESIAN_POINT ( 'NONE',  ( 6.625000000000000000, 3.999999999999987100, 6.700000000000000200 ) ) ;
#6580 = EDGE_LOOP ( 'NONE', ( #2979, #3280, #374, #335 ) ) ;
#6581 = VECTOR ( 'NONE', #8691, 1000.000000000000000 ) ;
#6582 = CARTESIAN_POINT ( 'NONE',  ( -6.624999999999998200, 12.50000000000000700, -2.699999999999997500 ) ) ;
#6583 = DIRECTION ( 'NONE',  ( -1.000000000000000000, 0.0000000000000000000, 0.0000000000000000000 ) ) ;
#6584 = FACE_BOUND ( 'NONE', #4061, .T. ) ;
#6585 = CARTESIAN_POINT ( 'NONE',  ( 1.000000000000000400, 10.21786228900426100, 0.1250000000000001100 ) ) ;
#6586 = CARTESIAN_POINT ( 'NONE',  ( -6.424999999999998000, 2.149999999999987000, 3.450000000000001500 ) ) ;
#6587 = CARTESIAN_POINT ( 'NONE',  ( -6.424999999999998000, 3.499999999999987100, 3.450000000000001500 ) ) ;
#6588 = ORIENTED_EDGE ( 'NONE', *, *, #6818, .T. ) ;
#6589 = DIRECTION ( 'NONE',  ( -1.000000000000000000, 0.0000000000000000000, 0.0000000000000000000 ) ) ;
#6590 = ORIENTED_EDGE ( 'NONE', *, *, #3190, .T. ) ;
#6591 = CARTESIAN_POINT ( 'NONE',  ( -6.374999999999999100, 4.999999999999999100, 8.300000000000027400 ) ) ;
#6592 = VECTOR ( 'NONE', #1076, 1000.000000000000000 ) ;
#6593 = LINE ( 'NONE', #9813, #7400 ) ;
#6594 = ORIENTED_EDGE ( 'NONE', *, *, #5519, .T. ) ;
#6595 = LINE ( 'NONE', #5581, #3735 ) ;
#6596 = ORIENTED_EDGE ( 'NONE', *, *, #2646, .F. ) ;
#6597 = CONICAL_SURFACE ( 'NONE', #7090, 0.3999999999999997400, 0.7853981633974476100 ) ;
#6598 = EDGE_CURVE ( 'NONE', #3559, #3403, #4771, .T. ) ;
#6599 = LINE ( 'NONE', #6347, #8363 ) ;
#6600 = CIRCLE ( 'NONE', #5124, 0.4000000000000001900 ) ;
#6601 = DIRECTION ( 'NONE',  ( 1.000000000000000000, 1.334402673828313600E-016, -0.0000000000000000000 ) ) ;
#6602 = CARTESIAN_POINT ( 'NONE',  ( -6.624999999999998200, -3.626785478522209300, 0.5119517609947514800 ) ) ;
#6603 = CARTESIAN_POINT ( 'NONE',  ( 6.424999999999999800, 3.999999999999987100, 5.850000000000000500 ) ) ;
#6604 = CARTESIAN_POINT ( 'NONE',  ( -0.6000000000000000900, 4.174999999999999800, -2.699999999999999300 ) ) ;
#6605 = CARTESIAN_POINT ( 'NONE',  ( 3.050000000000000700, -7.721577310586390300, 6.450000000000000200 ) ) ;
#6606 = ORIENTED_EDGE ( 'NONE', *, *, #3790, .T. ) ;
#6607 = DIRECTION ( 'NONE',  ( 0.0000000000000000000, 0.0000000000000000000, -1.000000000000000000 ) ) ;
#6608 = CYLINDRICAL_SURFACE ( 'NONE', #6844, 0.2999999999999999300 ) ;
#6609 = DIRECTION ( 'NONE',  ( 1.000000000000000000, 1.334402673828313600E-016, -0.0000000000000000000 ) ) ;
#6610 =( GEOMETRIC_REPRESENTATION_CONTEXT ( 3 ) GLOBAL_UNCERTAINTY_ASSIGNED_CONTEXT ( ( #7104 ) ) GLOBAL_UNIT_ASSIGNED_CONTEXT ( ( #6973, #832, #5306 ) ) REPRESENTATION_CONTEXT ( 'NONE', 'WORKASPACE' ) );
#6611 = EDGE_LOOP ( 'NONE', ( #3179, #9318, #49, #4142, #6811, #5447 ) ) ;
#6612 = LINE ( 'NONE', #2775, #5522 ) ;
#6613 = LINE ( 'NONE', #2320, #8133 ) ;
#6614 = VECTOR ( 'NONE', #8625, 1000.000000000000000 ) ;
#6615 = EDGE_CURVE ( 'NONE', #5913, #5913, #4900, .T. ) ;
#6616 = DIRECTION ( 'NONE',  ( 0.0000000000000000000, 1.000000000000000000, 0.0000000000000000000 ) ) ;
#6617 = EDGE_CURVE ( 'NONE', #5914, #8983, #2895, .T. ) ;
#6618 = CARTESIAN_POINT ( 'NONE',  ( -6.941813527419702400, 3.363537276877651500, 3.300000000000000700 ) ) ;
#6619 = DIRECTION ( 'NONE',  ( -0.9396926207859095400, 0.3420201433256658300, 0.0000000000000000000 ) ) ;
#6620 = DIRECTION ( 'NONE',  ( 1.000000000000000000, 1.334402673828313600E-016, -0.0000000000000000000 ) ) ;
#6621 = VERTEX_POINT ( 'NONE', #8505 ) ;
#6622 = ADVANCED_FACE ( 'NONE', ( #5257 ), #6475, .F. ) ;
#6623 = ORIENTED_EDGE ( 'NONE', *, *, #8407, .T. ) ;
#6625 = CARTESIAN_POINT ( 'NONE',  ( -6.424999999999998000, 3.499999999999987100, 1.950000000000001700 ) ) ;
#6624 = DIRECTION ( 'NONE',  ( 0.0000000000000000000, 0.0000000000000000000, -1.000000000000000000 ) ) ;
#6626 = CARTESIAN_POINT ( 'NONE',  ( -7.000000000000006200, 3.974999999999987200, 5.875000000000000000 ) ) ;
#6627 = ORIENTED_EDGE ( 'NONE', *, *, #5202, .F. ) ;
#6628 = DIRECTION ( 'NONE',  ( 0.0000000000000000000, 1.000000000000000000, 0.0000000000000000000 ) ) ;
#6629 = EDGE_CURVE ( 'NONE', #1230, #8698, #5143, .T. ) ;
#6630 = EDGE_LOOP ( 'NONE', ( #2376, #7750, #7599, #4775 ) ) ;
#6631 = CARTESIAN_POINT ( 'NONE',  ( 1.075000000000000000, 0.2500000000000006100, 17.08448840921516900 ) ) ;
#6632 = ORIENTED_EDGE ( 'NONE', *, *, #4336, .T. ) ;
#6633 = CARTESIAN_POINT ( 'NONE',  ( 5.800000000000000700, 0.2500000000000000000, 0.1250000000000001100 ) ) ;
#6634 = CARTESIAN_POINT ( 'NONE',  ( 6.625000000000001800, 2.924999999999986500, 5.850000000000000500 ) ) ;
#6635 = EDGE_LOOP ( 'NONE', ( #3465, #4623, #1714, #5683 ) ) ;
#6636 = CARTESIAN_POINT ( 'NONE',  ( -2.050000000000000300, 6.200000000000000200, -3.849999999999993900 ) ) ;
#6637 = DIRECTION ( 'NONE',  ( -0.0000000000000000000, 0.0000000000000000000, 1.000000000000000000 ) ) ;
#6638 = AXIS2_PLACEMENT_3D ( 'NONE', #9275, #1047, #4031 ) ;
#6639 = EDGE_CURVE ( 'NONE', #3682, #5361, #6458, .T. ) ;
#6640 = FACE_OUTER_BOUND ( 'NONE', #5335, .T. ) ;
#6641 = VERTEX_POINT ( 'NONE', #6405 ) ;
#6642 = CARTESIAN_POINT ( 'NONE',  ( -1.649999999999997900, -7.721577310586390300, 3.650000000000001200 ) ) ;
#6643 = ADVANCED_FACE ( 'NONE', ( #9285 ), #9511, .F. ) ;
#6644 = CARTESIAN_POINT ( 'NONE',  ( -0.9499999999999986200, -3.279999999999996300, 6.150000000000000400 ) ) ;
#6645 = VERTEX_POINT ( 'NONE', #6374 ) ;
#6646 = CARTESIAN_POINT ( 'NONE',  ( -6.799999999999998900, -3.480000000000000000, 6.222794046853240800 ) ) ;
#6647 = VERTEX_POINT ( 'NONE', #7932 ) ;
#6648 = DIRECTION ( 'NONE',  ( 0.0000000000000000000, -0.0000000000000000000, 1.000000000000000000 ) ) ;
#6649 = ORIENTED_EDGE ( 'NONE', *, *, #2120, .F. ) ;
#6650 = LINE ( 'NONE', #6569, #8167 ) ;
#6651 = AXIS2_PLACEMENT_3D ( 'NONE', #369, #3394, #3427 ) ;
#6652 = FACE_OUTER_BOUND ( 'NONE', #9551, .T. ) ;
#6653 = CARTESIAN_POINT ( 'NONE',  ( -3.049999999999998000, 0.0000000000000000000, 3.950000000000001100 ) ) ;
#6654 = CARTESIAN_POINT ( 'NONE',  ( -6.874999999999998200, 12.49999999999999100, -2.699999999999999300 ) ) ;
#6655 = ORIENTED_EDGE ( 'NONE', *, *, #1815, .T. ) ;
#6656 = ORIENTED_EDGE ( 'NONE', *, *, #37, .T. ) ;
#6657 = VERTEX_POINT ( 'NONE', #4973 ) ;
#6658 = EDGE_CURVE ( 'NONE', #1809, #583, #3109, .T. ) ;
#6659 = VECTOR ( 'NONE', #9021, 1000.000000000000000 ) ;
#6660 = DIRECTION ( 'NONE',  ( 0.0000000000000000000, 0.0000000000000000000, -1.000000000000000000 ) ) ;
#6661 = DIRECTION ( 'NONE',  ( 0.0000000000000000000, 1.000000000000000000, 0.0000000000000000000 ) ) ;
#6662 = AXIS2_PLACEMENT_3D ( 'NONE', #5676, #8730, #9420 ) ;
#6663 = EDGE_LOOP ( 'NONE', ( #1799, #3051, #8281, #8448, #3107 ) ) ;
#6664 = DIRECTION ( 'NONE',  ( -1.000000000000000000, 0.0000000000000000000, 0.0000000000000000000 ) ) ;
#6665 = VERTEX_POINT ( 'NONE', #4938 ) ;
#6666 = CARTESIAN_POINT ( 'NONE',  ( 6.625000000000001800, 1.049999999999999600, -0.2000000000000014000 ) ) ;
#6667 = LINE ( 'NONE', #9656, #252 ) ;
#6668 = ADVANCED_FACE ( 'NONE', ( #3710 ), #8005, .F. ) ;
#6669 = EDGE_CURVE ( 'NONE', #5545, #6102, #3010, .T. ) ;
#6670 = ORIENTED_EDGE ( 'NONE', *, *, #4677, .T. ) ;
#6671 = EDGE_LOOP ( 'NONE', ( #8219, #6670, #4749, #964 ) ) ;
#6672 = FACE_OUTER_BOUND ( 'NONE', #5222, .T. ) ;
#6673 = PLANE ( 'NONE',  #4427 ) ;
#6674 = VECTOR ( 'NONE', #4094, 1000.000000000000000 ) ;
#6675 = AXIS2_PLACEMENT_3D ( 'NONE', #5220, #2051, #6628 ) ;
#6676 = DIRECTION ( 'NONE',  ( -0.0000000000000000000, -1.000000000000000000, -0.0000000000000000000 ) ) ;
#6677 = CARTESIAN_POINT ( 'NONE',  ( -1.649999999999998600, -3.279999999999996300, 6.450000000000000200 ) ) ;
#6678 = DIRECTION ( 'NONE',  ( 0.02792163872356208000, -0.9996101150403545700, -0.0000000000000000000 ) ) ;
#6679 = ORIENTED_EDGE ( 'NONE', *, *, #7113, .F. ) ;
#6680 = CARTESIAN_POINT ( 'NONE',  ( 1.000000000000000400, 9.500000000000000000, -4.199999999999999300 ) ) ;
#6681 = EDGE_CURVE ( 'NONE', #4625, #8816, #2532, .T. ) ;
#6682 = EDGE_LOOP ( 'NONE', ( #5448, #4118, #7350, #8084, #3287 ) ) ;
#6683 = LINE ( 'NONE', #6233, #2528 ) ;
#6684 = EDGE_CURVE ( 'NONE', #9074, #1680, #870, .T. ) ;
#6685 = CARTESIAN_POINT ( 'NONE',  ( -1.249357707624858100, -2.107554504209499400, -0.1250000000000000000 ) ) ;
#6686 = DIRECTION ( 'NONE',  ( 0.0000000000000000000, 0.0000000000000000000, -1.000000000000000000 ) ) ;
#6687 = DIRECTION ( 'NONE',  ( 1.000000000000000000, 0.0000000000000000000, -0.0000000000000000000 ) ) ;
#6688 = CARTESIAN_POINT ( 'NONE',  ( 6.747474487139165000, 3.949999999999987300, 5.875000000000000000 ) ) ;
#6689 = AXIS2_PLACEMENT_3D ( 'NONE', #4611, #2268, #57 ) ;
#6690 = PRODUCT_DEFINITION ( 'UNKNOWN', '', #404, #8825 ) ;
#6691 = ORIENTED_EDGE ( 'NONE', *, *, #216, .F. ) ;
#6692 = ORIENTED_EDGE ( 'NONE', *, *, #8230, .T. ) ;
#6693 = CYLINDRICAL_SURFACE ( 'NONE', #1639, 0.3999999999999997400 ) ;
#6694 = ADVANCED_FACE ( 'NONE', ( #9764 ), #2624, .T. ) ;
#6695 = VECTOR ( 'NONE', #7329, 1000.000000000000000 ) ;
#6696 = FACE_OUTER_BOUND ( 'NONE', #8699, .T. ) ;
#6697 = ORIENTED_EDGE ( 'NONE', *, *, #6817, .T. ) ;
#6698 = DIRECTION ( 'NONE',  ( -1.000000000000000000, -1.334402673828313600E-016, -0.0000000000000000000 ) ) ;
#6699 = EDGE_CURVE ( 'NONE', #3097, #2152, #2783, .T. ) ;
#6700 = CARTESIAN_POINT ( 'NONE',  ( -6.981670027342432600, 1.536913624466017300, 3.300000000000000700 ) ) ;
#6701 = ORIENTED_EDGE ( 'NONE', *, *, #8430, .F. ) ;
#6702 = ORIENTED_EDGE ( 'NONE', *, *, #1404, .T. ) ;
#6703 = DIRECTION ( 'NONE',  ( 0.0000000000000000000, 0.0000000000000000000, 1.000000000000000000 ) ) ;
#6704 = FACE_OUTER_BOUND ( 'NONE', #5204, .T. ) ;
#6705 = LINE ( 'NONE', #9296, #5741 ) ;
#6706 = ORIENTED_EDGE ( 'NONE', *, *, #5076, .T. ) ;
#6707 = PLANE ( 'NONE',  #5160 ) ;
#6708 = CARTESIAN_POINT ( 'NONE',  ( 7.000000000000005300, 4.549999999999988300, 5.199999999999985100 ) ) ;
#6709 = ORIENTED_EDGE ( 'NONE', *, *, #6165, .F. ) ;
#6710 = CARTESIAN_POINT ( 'NONE',  ( -0.9499999999999977400, -7.721577310586390300, 3.950000000000001100 ) ) ;
#6711 = DIRECTION ( 'NONE',  ( 1.000000000000000000, 1.334402673828313600E-016, -0.0000000000000000000 ) ) ;
#6712 = AXIS2_PLACEMENT_3D ( 'NONE', #3523, #4191, #9496 ) ;
#6713 = FACE_BOUND ( 'NONE', #6611, .T. ) ;
#6714 = FACE_OUTER_BOUND ( 'NONE', #2555, .T. ) ;
#6715 = LINE ( 'NONE', #3076, #184 ) ;
#6716 = ORIENTED_EDGE ( 'NONE', *, *, #4306, .T. ) ;
#6717 = VECTOR ( 'NONE', #4629, 1000.000000000000000 ) ;
#6718 = ADVANCED_FACE ( 'NONE', ( #8817 ), #413, .F. ) ;
#6720 = DIRECTION ( 'NONE',  ( -0.0000000000000000000, 0.0000000000000000000, -1.000000000000000000 ) ) ;
#6719 = DIRECTION ( 'NONE',  ( 1.000000000000000000, -0.0000000000000000000, -0.0000000000000000000 ) ) ;
#6721 = ORIENTED_EDGE ( 'NONE', *, *, #9522, .T. ) ;
#6722 = CARTESIAN_POINT ( 'NONE',  ( -7.000000000000005300, -9.340818716798201800E-016, -0.2000000000000014000 ) ) ;
#6723 = FACE_OUTER_BOUND ( 'NONE', #998, .T. ) ;
#6724 = ORIENTED_EDGE ( 'NONE', *, *, #1849, .F. ) ;
#6725 = DIRECTION ( 'NONE',  ( -0.0000000000000000000, -1.000000000000000000, 0.0000000000000000000 ) ) ;
#6726 = CARTESIAN_POINT ( 'NONE',  ( -7.000000000000006200, 3.999999999999985300, 6.700000000000000200 ) ) ;
#6727 = EDGE_CURVE ( 'NONE', #3235, #2832, #5733, .T. ) ;
#6728 = FILL_AREA_STYLE ('',( #9076 ) ) ;
#6729 = VERTEX_POINT ( 'NONE', #7265 ) ;
#6730 = LINE ( 'NONE', #734, #3507 ) ;
#6731 = DIRECTION ( 'NONE',  ( 0.0000000000000000000, 0.6427876096865348100, 0.7660444431189817900 ) ) ;
#6732 = DIRECTION ( 'NONE',  ( 0.0000000000000000000, 0.0000000000000000000, 1.000000000000000000 ) ) ;
#6733 = CARTESIAN_POINT ( 'NONE',  ( -6.625000000000000900, 2.949999999999987300, 5.850000000000001400 ) ) ;
#6734 = VERTEX_POINT ( 'NONE', #5668 ) ;
#6735 = AXIS2_PLACEMENT_3D ( 'NONE', #4908, #421, #379 ) ;
#6736 = ORIENTED_EDGE ( 'NONE', *, *, #7649, .F. ) ;
#6737 = EDGE_CURVE ( 'NONE', #1363, #6920, #9183, .T. ) ;
#6738 = ADVANCED_FACE ( 'NONE', ( #637, #4546 ), #8333, .F. ) ;
#6739 = EDGE_CURVE ( 'NONE', #4652, #9800, #529, .T. ) ;
#6740 = LINE ( 'NONE', #7658, #107 ) ;
#6741 = DIRECTION ( 'NONE',  ( 1.000000000000000000, 0.0000000000000000000, 0.0000000000000000000 ) ) ;
#6742 = PLANE ( 'NONE',  #7760 ) ;
#6743 = VERTEX_POINT ( 'NONE', #1313 ) ;
#6744 = DIRECTION ( 'NONE',  ( 0.3236155771181821700, -0.8891264907159901500, 0.3236155771181821700 ) ) ;
#6745 = PRESENTATION_LAYER_ASSIGNMENT (  '', '', ( #1177 ) ) ;
#6746 = DIRECTION ( 'NONE',  ( 0.0000000000000000000, -1.000000000000000000, 0.0000000000000000000 ) ) ;
#6747 = AXIS2_PLACEMENT_3D ( 'NONE', #9706, #1280, #2851 ) ;
#6748 = ORIENTED_EDGE ( 'NONE', *, *, #7191, .T. ) ;
#6749 = DIRECTION ( 'NONE',  ( 0.0000000000000000000, 0.0000000000000000000, 1.000000000000000000 ) ) ;
#6750 = CARTESIAN_POINT ( 'NONE',  ( -7.000000000000006200, 3.999999999999985300, 6.700000000000000200 ) ) ;
#6751 = ORIENTED_EDGE ( 'NONE', *, *, #6804, .T. ) ;
#6753 = AXIS2_PLACEMENT_3D ( 'NONE', #7236, #8116, #5770 ) ;
#6752 = CYLINDRICAL_SURFACE ( 'NONE', #5155, 0.07499999999999998300 ) ;
#6754 = CARTESIAN_POINT ( 'NONE',  ( 0.5500000000000014900, -7.721577310586390300, 6.450000000000000200 ) ) ;
#6755 = EDGE_CURVE ( 'NONE', #6796, #2616, #1707, .T. ) ;
#6756 = ORIENTED_EDGE ( 'NONE', *, *, #1181, .T. ) ;
#6757 = CARTESIAN_POINT ( 'NONE',  ( -6.874999999999998200, 12.49999999999999100, -2.699999999999999300 ) ) ;
#6758 = CARTESIAN_POINT ( 'NONE',  ( -0.9999999999999995600, 11.39897948556635600, -4.050000000000005200 ) ) ;
#6759 = ORIENTED_EDGE ( 'NONE', *, *, #6853, .F. ) ;
#6760 = ORIENTED_EDGE ( 'NONE', *, *, #7593, .F. ) ;
#6761 = DIRECTION ( 'NONE',  ( -1.000000000000000000, -0.0000000000000000000, 8.075993836018656900E-017 ) ) ;
#6762 = SURFACE_STYLE_FILL_AREA ( #1418 ) ;
#6763 = LINE ( 'NONE', #9020, #4717 ) ;
#6764 = PRODUCT_CONTEXT ( 'NONE', #2721, 'mechanical' ) ;
#6765 = CARTESIAN_POINT ( 'NONE',  ( -1.000000000000000000, 12.11159513863927900, 4.485059523282288300 ) ) ;
#6766 = AXIS2_PLACEMENT_3D ( 'NONE', #1148, #7159, #4790 ) ;
#6767 = ADVANCED_FACE ( 'NONE', ( #8571 ), #2029, .F. ) ;
#6768 = CARTESIAN_POINT ( 'NONE',  ( -3.749999999999998200, -3.279999999999996300, 6.450000000000000200 ) ) ;
#6769 = ORIENTED_EDGE ( 'NONE', *, *, #1521, .T. ) ;
#6770 = VERTEX_POINT ( 'NONE', #8173 ) ;
#6771 = ORIENTED_EDGE ( 'NONE', *, *, #3253, .T. ) ;
#6772 = FACE_OUTER_BOUND ( 'NONE', #9301, .T. ) ;
#6773 = VECTOR ( 'NONE', #8188, 1000.000000000000000 ) ;
#6774 = PLANE ( 'NONE',  #2489 ) ;
#6775 = CARTESIAN_POINT ( 'NONE',  ( 7.000000000000005300, 4.999999999999999100, 8.299999999999982900 ) ) ;
#6776 = DIRECTION ( 'NONE',  ( 0.0000000000000000000, -1.000000000000000000, 3.491481338843134100E-015 ) ) ;
#6777 = ORIENTED_EDGE ( 'NONE', *, *, #629, .F. ) ;
#6778 = ADVANCED_FACE ( 'NONE', ( #7280 ), #9617, .F. ) ;
#6779 = VERTEX_POINT ( 'NONE', #9648 ) ;
#6780 = CARTESIAN_POINT ( 'NONE',  ( 6.750000000000006200, 2.175399033846739700, 7.891506350946141200 ) ) ;
#6781 = AXIS2_PLACEMENT_3D ( 'NONE', #7911, #7213, #385 ) ;
#6782 = FACE_OUTER_BOUND ( 'NONE', #655, .T. ) ;
#6783 = CARTESIAN_POINT ( 'NONE',  ( 6.375000000000000000, 12.75000000000000000, -2.699999999999999300 ) ) ;
#6784 = CARTESIAN_POINT ( 'NONE',  ( -6.992310288989234100, 0.01158634091947473300, 8.040000000000000900 ) ) ;
#6785 = CARTESIAN_POINT ( 'NONE',  ( 7.000000000000005300, 4.999999999999987600, 5.199999999999984200 ) ) ;
#6786 = EDGE_CURVE ( 'NONE', #747, #1613, #6931, .T. ) ;
#6787 = EDGE_LOOP ( 'NONE', ( #855, #7308, #586, #8047 ) ) ;
#6788 = VERTEX_POINT ( 'NONE', #4403 ) ;
#6789 = CARTESIAN_POINT ( 'NONE',  ( 6.375000000000001800, 2.236907039215394500, 1.474107557551744200 ) ) ;
#6790 = VECTOR ( 'NONE', #4007, 1000.000000000000000 ) ;
#6791 = LINE ( 'NONE', #4619, #7597 ) ;
#6792 = ADVANCED_FACE ( 'NONE', ( #7726, #1136 ), #5097, .T. ) ;
#6793 = ORIENTED_EDGE ( 'NONE', *, *, #6598, .F. ) ;
#6794 = DIRECTION ( 'NONE',  ( -1.000000000000000000, 0.0000000000000000000, 0.0000000000000000000 ) ) ;
#6795 = DIRECTION ( 'NONE',  ( -1.000000000000000000, 0.0000000000000000000, 8.075993836018656900E-017 ) ) ;
#6796 = VERTEX_POINT ( 'NONE', #2098 ) ;
#6797 = APPLICATION_CONTEXT ( 'automotive_design' ) ;
#6798 = ORIENTED_EDGE ( 'NONE', *, *, #2922, .T. ) ;
#6799 = LINE ( 'NONE', #1311, #7269 ) ;
#6800 = ORIENTED_EDGE ( 'NONE', *, *, #2250, .T. ) ;
#6801 = EDGE_CURVE ( 'NONE', #2223, #9713, #1374, .T. ) ;
#6802 = VECTOR ( 'NONE', #2788, 1000.000000000000000 ) ;
#6803 =( LENGTH_UNIT ( ) NAMED_UNIT ( * ) SI_UNIT ( .MILLI., .METRE. ) );
#6804 = EDGE_CURVE ( 'NONE', #684, #527, #3344, .T. ) ;
#6805 = VECTOR ( 'NONE', #8163, 1000.000000000000000 ) ;
#6806 = EDGE_LOOP ( 'NONE', ( #8546, #8535, #1944, #5863 ) ) ;
#6807 = PLANE ( 'NONE',  #2309 ) ;
#6808 = VERTEX_POINT ( 'NONE', #5872 ) ;
#6809 = AXIS2_PLACEMENT_3D ( 'NONE', #3806, #6080, #9126 ) ;
#6810 = VECTOR ( 'NONE', #1824, 1000.000000000000000 ) ;
#6811 = ORIENTED_EDGE ( 'NONE', *, *, #8854, .T. ) ;
#6812 = CARTESIAN_POINT ( 'NONE',  ( 6.387810486188191000, 2.949999999999986900, 6.527576843457304700 ) ) ;
#6813 = VECTOR ( 'NONE', #8108, 1000.000000000000000 ) ;
#6814 = CARTESIAN_POINT ( 'NONE',  ( -1.649999999999998600, 0.0000000000000000000, 6.150000000000000400 ) ) ;
#6815 = CARTESIAN_POINT ( 'NONE',  ( -6.424999999999997200, 3.999999999999987100, 6.700000000000002000 ) ) ;
#6816 = CARTESIAN_POINT ( 'NONE',  ( -6.624999999999998200, 2.149999999999985300, 3.450000000000000600 ) ) ;
#6817 = EDGE_CURVE ( 'NONE', #7868, #737, #8705, .T. ) ;
#6818 = EDGE_CURVE ( 'NONE', #9784, #7087, #7166, .T. ) ;
#6819 = ADVANCED_FACE ( 'NONE', ( #7044 ), #7325, .F. ) ;
#6820 = ORIENTED_EDGE ( 'NONE', *, *, #878, .T. ) ;
#6821 = CARTESIAN_POINT ( 'NONE',  ( -6.374999999999999100, 13.00000000000000000, 8.040000000000000900 ) ) ;
#6822 = FACE_OUTER_BOUND ( 'NONE', #3558, .T. ) ;
#6823 = CARTESIAN_POINT ( 'NONE',  ( -7.000000000000006200, 2.899999999999986100, 6.700000000000000200 ) ) ;
#6824 = FACE_BOUND ( 'NONE', #9526, .T. ) ;
#6825 = PLANE ( 'NONE',  #1583 ) ;
#6826 = SURFACE_STYLE_USAGE ( .BOTH. , #6173 ) ;
#6827 = CARTESIAN_POINT ( 'NONE',  ( 6.625000000000002700, -2.501847198195506800, 1.612615574073300600 ) ) ;
#6828 = ORIENTED_EDGE ( 'NONE', *, *, #2403, .T. ) ;
#6829 = PRESENTATION_LAYER_ASSIGNMENT (  '', '', ( #2620 ) ) ;
#6830 = AXIS2_PLACEMENT_3D ( 'NONE', #6299, #970, #5424 ) ;
#6831 = ORIENTED_EDGE ( 'NONE', *, *, #2676, .T. ) ;
#6832 = ORIENTED_EDGE ( 'NONE', *, *, #2143, .T. ) ;
#6833 = VECTOR ( 'NONE', #9367, 1000.000000000000000 ) ;
#6834 = FACE_OUTER_BOUND ( 'NONE', #5425, .T. ) ;
#6835 = PLANE ( 'NONE',  #5876 ) ;
#6836 = EDGE_CURVE ( 'NONE', #6023, #2840, #4426, .T. ) ;
#6837 = ORIENTED_EDGE ( 'NONE', *, *, #4568, .F. ) ;
#6838 = VECTOR ( 'NONE', #7217, 1000.000000000000000 ) ;
#6839 = PLANE ( 'NONE',  #5322 ) ;
#6840 = ORIENTED_EDGE ( 'NONE', *, *, #8806, .F. ) ;
#6841 = VECTOR ( 'NONE', #9626, 1000.000000000000000 ) ;
#6842 = CARTESIAN_POINT ( 'NONE',  ( -7.000000000000006200, 3.999999999999987100, 6.700000000000000200 ) ) ;
#6843 = FACE_OUTER_BOUND ( 'NONE', #7989, .T. ) ;
#6844 = AXIS2_PLACEMENT_3D ( 'NONE', #8550, #5603, #9319 ) ;
#6845 = DIRECTION ( 'NONE',  ( 0.0000000000000000000, 1.000000000000000000, 0.0000000000000000000 ) ) ;
#6846 = EDGE_LOOP ( 'NONE', ( #6697, #8218, #3840, #6055 ) ) ;
#6847 = CARTESIAN_POINT ( 'NONE',  ( -7.000000000000005300, 4.549999999999988300, 5.199999999999985100 ) ) ;
#6848 = FACE_OUTER_BOUND ( 'NONE', #9463, .T. ) ;
#6849 = PLANE ( 'NONE',  #8508 ) ;
#6850 = ORIENTED_EDGE ( 'NONE', *, *, #4003, .T. ) ;
#6851 = VECTOR ( 'NONE', #3516, 1000.000000000000000 ) ;
#6852 = DIRECTION ( 'NONE',  ( 1.000000000000000000, 0.0000000000000000000, 0.0000000000000000000 ) ) ;
#6853 = EDGE_CURVE ( 'NONE', #2294, #9213, #6206, .T. ) ;
#6854 = LINE ( 'NONE', #5561, #4812 ) ;
#6855 = ORIENTED_EDGE ( 'NONE', *, *, #9263, .F. ) ;
#6856 = DIRECTION ( 'NONE',  ( -0.3236155771181821700, -0.8891264907159901500, 0.3236155771181821700 ) ) ;
#6857 = STYLED_ITEM ( 'NONE', ( #5274 ), #6082 ) ;
#6858 = ORIENTED_EDGE ( 'NONE', *, *, #2787, .T. ) ;
#6859 = ORIENTED_EDGE ( 'NONE', *, *, #2957, .F. ) ;
#6860 = EDGE_CURVE ( 'NONE', #559, #8107, #9532, .T. ) ;
#6861 = CARTESIAN_POINT ( 'NONE',  ( -1.999999999999999100, 8.220000000000000600, -2.699999999999999300 ) ) ;
#6862 = CARTESIAN_POINT ( 'NONE',  ( -2.575000000000001500, 4.849999999999998800, -4.199999999999999300 ) ) ;
#6863 = DIRECTION ( 'NONE',  ( 0.0000000000000000000, 0.0000000000000000000, -1.000000000000000000 ) ) ;
#6864 = ADVANCED_FACE ( 'NONE', ( #6696 ), #3218, .T. ) ;
#6865 = CARTESIAN_POINT ( 'NONE',  ( 6.875000000000000000, 12.49999999999999800, 8.040000000000000900 ) ) ;
#6866 = AXIS2_PLACEMENT_3D ( 'NONE', #1432, #1462, #1594 ) ;
#6867 = ORIENTED_EDGE ( 'NONE', *, *, #8200, .T. ) ;
#6868 = ORIENTED_EDGE ( 'NONE', *, *, #3358, .T. ) ;
#6869 = CARTESIAN_POINT ( 'NONE',  ( 6.750000000000005300, 4.999999999999997300, 7.800000000000018500 ) ) ;
#6870 = VERTEX_POINT ( 'NONE', #2093 ) ;
#6871 = EDGE_CURVE ( 'NONE', #6237, #8760, #1952, .T. ) ;
#6872 = CARTESIAN_POINT ( 'NONE',  ( 6.875000000000001800, -1.656610674714108500, -0.2000000000000005100 ) ) ;
#6873 = ORIENTED_EDGE ( 'NONE', *, *, #1785, .T. ) ;
#6874 = CARTESIAN_POINT ( 'NONE',  ( 0.0000000000000000000, 6.500000000000000000, 0.1250000000000000000 ) ) ;
#6875 = DIRECTION ( 'NONE',  ( -1.000000000000000000, 0.0000000000000000000, 0.0000000000000000000 ) ) ;
#6876 = EDGE_LOOP ( 'NONE', ( #4262, #5623, #6692, #1348 ) ) ;
#6877 = CIRCLE ( 'NONE', #2242, 0.02499999999999984900 ) ;
#6878 = AXIS2_PLACEMENT_3D ( 'NONE', #5986, #4385, #1448 ) ;
#6879 = ORIENTED_EDGE ( 'NONE', *, *, #6755, .F. ) ;
#6880 = DIRECTION ( 'NONE',  ( 0.0000000000000000000, 1.000000000000000000, 0.0000000000000000000 ) ) ;
#6881 = DIRECTION ( 'NONE',  ( 0.0000000000000000000, -0.0000000000000000000, 1.000000000000000000 ) ) ;
#6882 = ORIENTED_EDGE ( 'NONE', *, *, #4467, .T. ) ;
#6883 = VERTEX_POINT ( 'NONE', #1530 ) ;
#6884 = FILL_AREA_STYLE_COLOUR ( '', #5327 ) ;
#6885 = ORIENTED_EDGE ( 'NONE', *, *, #5758, .F. ) ;
#6886 = AXIS2_PLACEMENT_3D ( 'NONE', #3756, #2531, #419 ) ;
#6887 = LINE ( 'NONE', #4859, #2371 ) ;
#6888 = DIRECTION ( 'NONE',  ( -0.0000000000000000000, -0.0000000000000000000, -1.000000000000000000 ) ) ;
#6889 = EDGE_CURVE ( 'NONE', #9827, #8510, #3941, .T. ) ;
#6890 = FACE_OUTER_BOUND ( 'NONE', #6495, .T. ) ;
#6891 = ORIENTED_EDGE ( 'NONE', *, *, #7859, .F. ) ;
#6892 = ORIENTED_EDGE ( 'NONE', *, *, #3040, .T. ) ;
#6893 = DIRECTION ( 'NONE',  ( -0.0000000000000000000, -0.0000000000000000000, -1.000000000000000000 ) ) ;
#6894 = ORIENTED_EDGE ( 'NONE', *, *, #5952, .F. ) ;
#6895 = FACE_OUTER_BOUND ( 'NONE', #6787, .T. ) ;
#6896 = AXIS2_PLACEMENT_3D ( 'NONE', #1753, #3275, #1655 ) ;
#6897 = DIRECTION ( 'NONE',  ( -1.000000000000000000, 0.0000000000000000000, 0.0000000000000000000 ) ) ;
#6898 = ORIENTED_EDGE ( 'NONE', *, *, #5038, .F. ) ;
#6899 = ORIENTED_EDGE ( 'NONE', *, *, #5116, .T. ) ;
#6900 = VECTOR ( 'NONE', #4145, 1000.000000000000000 ) ;
#6901 = CARTESIAN_POINT ( 'NONE',  ( 6.951960676794287900, 3.949999999999988200, 6.033634734814048000 ) ) ;
#6902 = CARTESIAN_POINT ( 'NONE',  ( 6.424999999999999800, 3.999999999999987100, 6.700000000000000200 ) ) ;
#6903 = CARTESIAN_POINT ( 'NONE',  ( 0.0000000000000000000, -3.480000000000000000, 6.222794046853240800 ) ) ;
#6904 = CARTESIAN_POINT ( 'NONE',  ( -0.9499999999999977400, -3.279999999999996300, 3.950000000000001100 ) ) ;
#6905 = AXIS2_PLACEMENT_3D ( 'NONE', #9455, #1937, #3441 ) ;
#6906 = ORIENTED_EDGE ( 'NONE', *, *, #2173, .T. ) ;
#6907 = ORIENTED_EDGE ( 'NONE', *, *, #7861, .T. ) ;
#6908 = VECTOR ( 'NONE', #8933, 999.9999999999998900 ) ;
#6909 = PLANE ( 'NONE',  #4148 ) ;
#6910 = ADVANCED_FACE ( 'NONE', ( #1939 ), #5799, .T. ) ;
#6911 = CIRCLE ( 'NONE', #1291, 0.07499999999999998300 ) ;
#6912 = CARTESIAN_POINT ( 'NONE',  ( -6.424999999999998000, 2.149999999999987000, 1.950000000000001700 ) ) ;
#6913 = LINE ( 'NONE', #587, #1942 ) ;
#6914 = CARTESIAN_POINT ( 'NONE',  ( 0.6291033726784029900, -3.799999999999999800, 0.1250000000000000000 ) ) ;
#6915 = CARTESIAN_POINT ( 'NONE',  ( -7.038999959144346600, 2.630833889476434700, 3.300000000000000700 ) ) ;
#6916 = DIRECTION ( 'NONE',  ( 0.0000000000000000000, 1.000000000000000000, 0.0000000000000000000 ) ) ;
#6917 = EDGE_CURVE ( 'NONE', #7277, #7328, #4178, .T. ) ;
#6918 = ORIENTED_EDGE ( 'NONE', *, *, #1930, .F. ) ;
#6919 = DIRECTION ( 'NONE',  ( 0.0000000000000000000, 0.0000000000000000000, -1.000000000000000000 ) ) ;
#6920 = VERTEX_POINT ( 'NONE', #5321 ) ;
#6921 = LINE ( 'NONE', #3286, #6810 ) ;
#6922 = ORIENTED_EDGE ( 'NONE', *, *, #1416, .F. ) ;
#6923 = AXIS2_PLACEMENT_3D ( 'NONE', #902, #4583, #7585 ) ;
#6924 = CARTESIAN_POINT ( 'NONE',  ( 1.000000000000000400, 9.500000000000000000, 0.6250000000000001100 ) ) ;
#6925 = EDGE_CURVE ( 'NONE', #1565, #7375, #4416, .T. ) ;
#6926 = EDGE_LOOP ( 'NONE', ( #1646, #6922, #1247, #150 ) ) ;
#6927 = PLANE ( 'NONE',  #4813 ) ;
#6928 = LINE ( 'NONE', #995, #4898 ) ;
#6929 = VECTOR ( 'NONE', #603, 1000.000000000000000 ) ;
#6930 = EDGE_CURVE ( 'NONE', #4280, #5154, #7846, .T. ) ;
#6931 = LINE ( 'NONE', #2829, #412 ) ;
#6932 = MANIFOLD_SOLID_BREP ( 'Sketch-Pattern1[7]', #608 ) ;
#6933 = EDGE_LOOP ( 'NONE', ( #1147, #6623, #6293, #7398 ) ) ;
#6934 = DIRECTION ( 'NONE',  ( 1.000000000000000000, -0.0000000000000000000, -0.0000000000000000000 ) ) ;
#6935 = ADVANCED_FACE ( 'NONE', ( #862, #1697 ), #8204, .F. ) ;
#6936 = DIRECTION ( 'NONE',  ( -0.0000000000000000000, -0.0000000000000000000, -1.000000000000000000 ) ) ;
#6937 = ORIENTED_EDGE ( 'NONE', *, *, #1676, .F. ) ;
#6938 = DIRECTION ( 'NONE',  ( -0.0000000000000000000, -0.0000000000000000000, -1.000000000000000000 ) ) ;
#6939 = DIRECTION ( 'NONE',  ( -1.000000000000000000, 0.0000000000000000000, -0.0000000000000000000 ) ) ;
#6940 = ORIENTED_EDGE ( 'NONE', *, *, #6507, .T. ) ;
#6941 = CARTESIAN_POINT ( 'NONE',  ( -0.9499999999999977400, -3.279999999999996300, 3.950000000000001100 ) ) ;
#6942 = AXIS2_PLACEMENT_3D ( 'NONE', #3395, #9445, #370 ) ;
#6943 = LINE ( 'NONE', #3300, #2303 ) ;
#6944 = LINE ( 'NONE', #7598, #69 ) ;
#6945 = VECTOR ( 'NONE', #5739, 1000.000000000000000 ) ;
#6946 = VECTOR ( 'NONE', #4803, 1000.000000000000000 ) ;
#6947 = EDGE_CURVE ( 'NONE', #5545, #9074, #5133, .T. ) ;
#6948 = DIRECTION ( 'NONE',  ( -1.000000000000000000, -1.334402673828313600E-016, 0.0000000000000000000 ) ) ;
#6949 = DIRECTION ( 'NONE',  ( -0.0000000000000000000, -3.542745126994889100E-015, -1.000000000000000000 ) ) ;
#6950 = ORIENTED_EDGE ( 'NONE', *, *, #5360, .T. ) ;
#6951 = DIRECTION ( 'NONE',  ( 1.000000000000000000, 0.0000000000000000000, 0.0000000000000000000 ) ) ;
#6952 = CARTESIAN_POINT ( 'NONE',  ( 6.816984835575375700, 3.356995282347284600, 3.300000000000000700 ) ) ;
#6953 = LINE ( 'NONE', #3426, #3024 ) ;
#6954 = LINE ( 'NONE', #2907, #5751 ) ;
#6955 = LINE ( 'NONE', #4727, #3733 ) ;
#6956 = ORIENTED_EDGE ( 'NONE', *, *, #8052, .F. ) ;
#6957 = DIRECTION ( 'NONE',  ( -1.000000000000000000, 0.0000000000000000000, -7.216449660063441800E-014 ) ) ;
#6958 = VERTEX_POINT ( 'NONE', #8302 ) ;
#6959 = DIRECTION ( 'NONE',  ( -1.000000000000000000, 0.0000000000000000000, 0.0000000000000000000 ) ) ;
#6960 = EDGE_CURVE ( 'NONE', #820, #5025, #5369, .T. ) ;
#6961 = CARTESIAN_POINT ( 'NONE',  ( -1.649999999999997900, -3.279999999999996300, 3.950000000000001100 ) ) ;
#6962 = FACE_OUTER_BOUND ( 'NONE', #9779, .T. ) ;
#6963 = FACE_OUTER_BOUND ( 'NONE', #8800, .T. ) ;
#6964 = ADVANCED_FACE ( 'NONE', ( #3587 ), #6839, .F. ) ;
#6965 = DIRECTION ( 'NONE',  ( 0.0000000000000000000, -1.000000000000000000, 3.491481338843134100E-015 ) ) ;
#6966 = ORIENTED_EDGE ( 'NONE', *, *, #691, .T. ) ;
#6967 = ORIENTED_EDGE ( 'NONE', *, *, #3404, .T. ) ;
#6968 = LINE ( 'NONE', #2330, #4344 ) ;
#6969 = AXIS2_PLACEMENT_3D ( 'NONE', #3380, #4876, #3273 ) ;
#6970 = DIRECTION ( 'NONE',  ( 1.000000000000000000, -0.0000000000000000000, 0.0000000000000000000 ) ) ;
#6971 = ORIENTED_EDGE ( 'NONE', *, *, #1430, .T. ) ;
#6972 = DIRECTION ( 'NONE',  ( -1.000000000000000000, 0.0000000000000000000, 0.0000000000000000000 ) ) ;
#6973 =( LENGTH_UNIT ( ) NAMED_UNIT ( * ) SI_UNIT ( .MILLI., .METRE. ) );
#6974 = EDGE_CURVE ( 'NONE', #4970, #4077, #7156, .T. ) ;
#6975 = CLOSED_SHELL ( 'NONE', ( #105, #5404, #5667, #6257, #7874, #5869, #9761, #9048, #7346, #6574, #2642, #2380, #888, #2526, #4017, #4317, #6069, #4744, #8686, #2862, #1115, #6864, #4957, #9451, #5474, #4469, #7589, #7887, #8388, #4005, #7054, #6964, #7921, #2097, #2796, #6694, #4072, #8296, #8595, #3815, #8033, #6792, #2539, #1834, #4223, #9173, #5140, #9101, #4903, #7115, #1782, #3730, #7738, #1951, #7392, #2974, #3567, #3193, #5169, #5702, #1403, #4658, #6819, #1336, #641, #6319, #4703, #7206, #8339, #4861, #2911, #792, #5563, #8211, #2989, #3, #3172, #1642, #1886, #9335, #4971, #6118, #7466, #3593, #4814, #8947, #7370, #9342, #4591, #1740, #5307, #8893, #5212, #7310, #2258, #1898, #5656, #8747, #1501, #8850, #4516, #3520, #7820, #3261, #5259, #1688, #6359, #1934, #7007, #2441, #573, #5512, #1592, #5026, #7165, #9716, #6910, #7567, #194, #5916, #5766, #1364, #3969, #147, #7442, #6268, #690, #3364, #510, #1065, #670, #2001, #4443, #9786, #1423, #9598, #8741, #9199, #1265, #7017, #7678, #2951, #5496, #7423, #8917 ) ) ;
#6976 = CARTESIAN_POINT ( 'NONE',  ( 6.375000000000001800, 1.050000000000000500, -2.699999999999999300 ) ) ;
#6977 = LINE ( 'NONE', #3789, #7436 ) ;
#6978 = AXIS2_PLACEMENT_3D ( 'NONE', #2786, #1300, #8056 ) ;
#6979 = CARTESIAN_POINT ( 'NONE',  ( -6.500000000000005300, 4.999999999999987600, 5.199999999999983300 ) ) ;
#6980 = VERTEX_POINT ( 'NONE', #5792 ) ;
#6981 = DIRECTION ( 'NONE',  ( 0.8718951381180892700, 0.0000000000000000000, 0.4896926261707828500 ) ) ;
#6982 = VERTEX_POINT ( 'NONE', #3041 ) ;
#6983 = EDGE_CURVE ( 'NONE', #120, #4456, #4655, .T. ) ;
#6984 = ORIENTED_EDGE ( 'NONE', *, *, #4086, .F. ) ;
#6985 = EDGE_CURVE ( 'NONE', #39, #5487, #8443, .T. ) ;
#6986 = VERTEX_POINT ( 'NONE', #4500 ) ;
#6987 = CARTESIAN_POINT ( 'NONE',  ( -6.424999999999998000, 2.149999999999987000, 1.950000000000001700 ) ) ;
#6988 = SURFACE_STYLE_FILL_AREA ( #7067 ) ;
#6989 = ORIENTED_EDGE ( 'NONE', *, *, #9009, .T. ) ;
#6990 = CARTESIAN_POINT ( 'NONE',  ( -7.000000000000006200, 3.999999999999987100, 5.875000000000000000 ) ) ;
#6991 = VERTEX_POINT ( 'NONE', #7576 ) ;
#6992 = ORIENTED_EDGE ( 'NONE', *, *, #7848, .T. ) ;
#6993 = ORIENTED_EDGE ( 'NONE', *, *, #5866, .F. ) ;
#6994 = LINE ( 'NONE', #7362, #3672 ) ;
#6996 = EDGE_CURVE ( 'NONE', #2768, #4365, #2651, .T. ) ;
#6995 = FACE_OUTER_BOUND ( 'NONE', #4576, .T. ) ;
#6997 = EDGE_CURVE ( 'NONE', #5408, #3950, #7494, .T. ) ;
#6998 = CARTESIAN_POINT ( 'NONE',  ( 6.500000000000000900, 13.00000000000000000, -23.80497317454280500 ) ) ;
#6999 = DIRECTION ( 'NONE',  ( 1.334402673828313600E-016, -1.000000000000000000, 0.0000000000000000000 ) ) ;
#7000 = DIRECTION ( 'NONE',  ( 1.000000000000000000, 0.0000000000000000000, -0.0000000000000000000 ) ) ;
#7001 = DIRECTION ( 'NONE',  ( 1.000000000000000000, 0.0000000000000000000, 0.0000000000000000000 ) ) ;
#7002 = ORIENTED_EDGE ( 'NONE', *, *, #7492, .T. ) ;
#7003 = EDGE_LOOP ( 'NONE', ( #3947, #7809, #2358, #5722 ) ) ;
#7004 = DIRECTION ( 'NONE',  ( 1.000000000000000000, 0.0000000000000000000, 0.0000000000000000000 ) ) ;
#7005 = LINE ( 'NONE', #2360, #7815 ) ;
#7006 = AXIS2_PLACEMENT_3D ( 'NONE', #2671, #4349, #9746 ) ;
#7007 = ADVANCED_FACE ( 'NONE', ( #6449 ), #1589, .T. ) ;
#7008 = VECTOR ( 'NONE', #7622, 1000.000000000000000 ) ;
#7009 = EDGE_CURVE ( 'NONE', #4057, #1531, #286, .T. ) ;
#7010 = DIRECTION ( 'NONE',  ( 0.0000000000000000000, 0.0000000000000000000, 1.000000000000000000 ) ) ;
#7011 = ORIENTED_EDGE ( 'NONE', *, *, #764, .T. ) ;
#7012 = DIRECTION ( 'NONE',  ( -1.598823480162956000E-016, -1.000000000000000000, 3.517411656358502700E-015 ) ) ;
#7013 = ORIENTED_EDGE ( 'NONE', *, *, #6313, .T. ) ;
#7014 = EDGE_CURVE ( 'NONE', #3175, #4280, #9753, .T. ) ;
#7015 = ORIENTED_EDGE ( 'NONE', *, *, #4753, .T. ) ;
#7016 = LINE ( 'NONE', #8734, #1105 ) ;
#7017 = ADVANCED_FACE ( 'NONE', ( #156 ), #9274, .F. ) ;
#7018 = DIRECTION ( 'NONE',  ( -1.000000000000000000, 0.0000000000000000000, 0.0000000000000000000 ) ) ;
#7019 = ORIENTED_EDGE ( 'NONE', *, *, #7913, .T. ) ;
#7020 = EDGE_LOOP ( 'NONE', ( #800, #2502, #1066, #8057 ) ) ;
#7021 = AXIS2_PLACEMENT_3D ( 'NONE', #4466, #2971, #6795 ) ;
#7022 = FACE_OUTER_BOUND ( 'NONE', #9806, .T. ) ;
#7023 = LINE ( 'NONE', #7049, #5832 ) ;
#7024 = DIRECTION ( 'NONE',  ( -1.000000000000000000, 0.0000000000000000000, -0.0000000000000000000 ) ) ;
#7025 = LINE ( 'NONE', #3086, #3923 ) ;
#7026 = EDGE_LOOP ( 'NONE', ( #8630, #3005, #4884, #5242 ) ) ;
#7027 = ORIENTED_EDGE ( 'NONE', *, *, #121, .T. ) ;
#7028 = ORIENTED_EDGE ( 'NONE', *, *, #8642, .F. ) ;
#7029 = CIRCLE ( 'NONE', #934, 0.5000000000000004400 ) ;
#7030 = VECTOR ( 'NONE', #2219, 1000.000000000000000 ) ;
#7031 = DIRECTION ( 'NONE',  ( 0.0000000000000000000, 0.0000000000000000000, -1.000000000000000000 ) ) ;
#7032 = DIRECTION ( 'NONE',  ( 1.000000000000000000, -1.262034274850851900E-016, 0.0000000000000000000 ) ) ;
#7033 = VECTOR ( 'NONE', #7922, 1000.000000000000000 ) ;
#7034 = CARTESIAN_POINT ( 'NONE',  ( -0.6291033726784029900, -3.799999999999999800, 0.1250000000000000000 ) ) ;
#7035 = AXIS2_PLACEMENT_3D ( 'NONE', #4705, #8482, #6275 ) ;
#7036 = ORIENTED_EDGE ( 'NONE', *, *, #5658, .T. ) ;
#7037 = ORIENTED_EDGE ( 'NONE', *, *, #6755, .T. ) ;
#7038 = VERTEX_POINT ( 'NONE', #2381 ) ;
#7039 = LINE ( 'NONE', #3514, #9410 ) ;
#7040 = CARTESIAN_POINT ( 'NONE',  ( 0.0000000000000000000, -3.626785478522209300, 1.088048239005247500 ) ) ;
#7041 = EDGE_LOOP ( 'NONE', ( #1244 ) ) ;
#7042 = CARTESIAN_POINT ( 'NONE',  ( 1.650000000000000800, 0.0000000000000000000, 3.650000000000000800 ) ) ;
#7043 = LINE ( 'NONE', #4943, #1706 ) ;
#7044 = FACE_OUTER_BOUND ( 'NONE', #6043, .T. ) ;
#7045 = CARTESIAN_POINT ( 'NONE',  ( 2.375000000000000000, 4.649999999999998600, -4.199999999999999300 ) ) ;
#7046 = DIRECTION ( 'NONE',  ( 0.0000000000000000000, 3.542745126994888700E-015, 1.000000000000000000 ) ) ;
#7047 = EDGE_CURVE ( 'NONE', #6621, #1316, #3335, .T. ) ;
#7048 = CARTESIAN_POINT ( 'NONE',  ( 6.500000000000005300, 1.899999999999998100, 7.800000000000029100 ) ) ;
#7049 = CARTESIAN_POINT ( 'NONE',  ( 6.733986892264766800, 2.949999999999987700, 5.911211578271352400 ) ) ;
#7050 = ORIENTED_EDGE ( 'NONE', *, *, #2765, .F. ) ;
#7051 = AXIS2_PLACEMENT_3D ( 'NONE', #2611, #5586, #4850 ) ;
#7052 = LINE ( 'NONE', #9351, #5033 ) ;
#7053 = ORIENTED_EDGE ( 'NONE', *, *, #6483, .T. ) ;
#7054 = ADVANCED_FACE ( 'NONE', ( #9520 ), #3092, .F. ) ;
#7055 = EDGE_CURVE ( 'NONE', #1002, #3999, #7381, .T. ) ;
#7056 = VECTOR ( 'NONE', #17, 1000.000000000000000 ) ;
#7057 = EDGE_LOOP ( 'NONE', ( #9238, #3495, #8869, #9718 ) ) ;
#7058 = ORIENTED_EDGE ( 'NONE', *, *, #1815, .F. ) ;
#7059 = LINE ( 'NONE', #5556, #4785 ) ;
#7060 = FACE_OUTER_BOUND ( 'NONE', #8852, .T. ) ;
#7061 = ORIENTED_EDGE ( 'NONE', *, *, #201, .T. ) ;
#7062 = DIRECTION ( 'NONE',  ( -1.000000000000000000, -1.334402673828313600E-016, -0.0000000000000000000 ) ) ;
#7063 = CARTESIAN_POINT ( 'NONE',  ( 6.733986892264766800, 2.949999999999987700, 5.911211578271352400 ) ) ;
#7064 = AXIS2_PLACEMENT_3D ( 'NONE', #7048, #708, #4708 ) ;
#7065 = LINE ( 'NONE', #6625, #6350 ) ;
#7066 = CARTESIAN_POINT ( 'NONE',  ( 0.0000000000000000000, 6.500000000000000000, -20.82203461105328300 ) ) ;
#7067 = FILL_AREA_STYLE ('',( #203 ) ) ;
#7068 = DIRECTION ( 'NONE',  ( 1.000000000000000000, 1.334402673828313600E-016, 0.0000000000000000000 ) ) ;
#7069 = CARTESIAN_POINT ( 'NONE',  ( -6.424999999999997200, 2.899999999999986600, 6.700000000000002000 ) ) ;
#7070 = ADVANCED_FACE ( 'NONE', ( #7955 ), #3931, .F. ) ;
#7071 = ORIENTED_EDGE ( 'NONE', *, *, #4481, .F. ) ;
#7072 = FACE_OUTER_BOUND ( 'NONE', #8867, .T. ) ;
#7073 = CARTESIAN_POINT ( 'NONE',  ( -1.649999999999997900, -3.279999999999996300, 3.950000000000001100 ) ) ;
#7074 = EDGE_CURVE ( 'NONE', #8839, #2848, #5720, .T. ) ;
#7075 = FACE_OUTER_BOUND ( 'NONE', #5785, .T. ) ;
#7076 = EDGE_CURVE ( 'NONE', #8146, #2072, #7714, .T. ) ;
#7077 = DIRECTION ( 'NONE',  ( 0.0000000000000000000, 0.0000000000000000000, -1.000000000000000000 ) ) ;
#7078 = VERTEX_POINT ( 'NONE', #851 ) ;
#7079 = FACE_OUTER_BOUND ( 'NONE', #709, .T. ) ;
#7080 = DIRECTION ( 'NONE',  ( -0.0000000000000000000, -0.0000000000000000000, 1.000000000000000000 ) ) ;
#7081 = CARTESIAN_POINT ( 'NONE',  ( 6.375000000000001800, 2.236907039215394500, 1.474107557551744200 ) ) ;
#7082 = ORIENTED_EDGE ( 'NONE', *, *, #1784, .F. ) ;
#7083 = CARTESIAN_POINT ( 'NONE',  ( 3.050000000000002000, 0.0000000000000000000, 3.650000000000001200 ) ) ;
#7084 = FACE_OUTER_BOUND ( 'NONE', #3581, .T. ) ;
#7085 = CIRCLE ( 'NONE', #7949, 0.2500000000000002200 ) ;
#7086 = CARTESIAN_POINT ( 'NONE',  ( 6.749229045096760700, 2.947648442130478500, 5.864059765009692200 ) ) ;
#7087 = VERTEX_POINT ( 'NONE', #1659 ) ;
#7088 = DIRECTION ( 'NONE',  ( 1.000000000000000000, -0.0000000000000000000, -0.0000000000000000000 ) ) ;
#7089 = ORIENTED_EDGE ( 'NONE', *, *, #4977, .T. ) ;
#7090 = AXIS2_PLACEMENT_3D ( 'NONE', #7672, #2419, #829 ) ;
#7091 = EDGE_LOOP ( 'NONE', ( #7015, #4630, #2382, #3407 ) ) ;
#7092 = CARTESIAN_POINT ( 'NONE',  ( 3.050000000000000700, 0.0000000000000000000, 6.450000000000000200 ) ) ;
#7093 = DIRECTION ( 'NONE',  ( 1.000000000000000000, 0.0000000000000000000, 0.0000000000000000000 ) ) ;
#7094 = CARTESIAN_POINT ( 'NONE',  ( -6.374999999999980500, 4.999999999999999100, 8.050000000000027400 ) ) ;
#7095 = CARTESIAN_POINT ( 'NONE',  ( 6.375000000000000900, 12.75000000000000000, 8.050000000000000700 ) ) ;
#7096 = ORIENTED_EDGE ( 'NONE', *, *, #2211, .T. ) ;
#7097 = ORIENTED_EDGE ( 'NONE', *, *, #2352, .T. ) ;
#7098 = EDGE_CURVE ( 'NONE', #5914, #7328, #3101, .T. ) ;
#7099 = CARTESIAN_POINT ( 'NONE',  ( 3.050000000000000700, -7.721577310586390300, 6.150000000000000400 ) ) ;
#7100 = ADVANCED_FACE ( 'NONE', ( #8930 ), #6927, .F. ) ;
#7101 = EDGE_LOOP ( 'NONE', ( #4991 ) ) ;
#7102 = CARTESIAN_POINT ( 'NONE',  ( -7.000000000000005300, -1.656610674714108100, 1.799999999999998700 ) ) ;
#7103 = AXIS2_PLACEMENT_3D ( 'NONE', #9580, #8035, #8911 ) ;
#7104 = UNCERTAINTY_MEASURE_WITH_UNIT (LENGTH_MEASURE( 1.000000000000000100E-005 ), #6973, 'distance_accuracy_value', 'NONE');
#7105 = DIRECTION ( 'NONE',  ( 0.0000000000000000000, 1.000000000000000000, -0.0000000000000000000 ) ) ;
#7106 = ORIENTED_EDGE ( 'NONE', *, *, #5712, .F. ) ;
#7107 = CARTESIAN_POINT ( 'NONE',  ( 6.625000000000000900, 4.999999999999998200, 8.016506350946130500 ) ) ;
#7108 = DIRECTION ( 'NONE',  ( 0.0000000000000000000, 1.000000000000000000, 0.0000000000000000000 ) ) ;
#7109 = CARTESIAN_POINT ( 'NONE',  ( 6.375000000000000900, 13.00000000000000000, 8.049999999999997200 ) ) ;
#7110 = PLANE ( 'NONE',  #6969 ) ;
#7111 = EDGE_CURVE ( 'NONE', #3694, #8366, #3699, .T. ) ;
#7112 = VERTEX_POINT ( 'NONE', #3122 ) ;
#7113 = EDGE_CURVE ( 'NONE', #7155, #7768, #4889, .T. ) ;
#7114 = ORIENTED_EDGE ( 'NONE', *, *, #2860, .T. ) ;
#7115 = ADVANCED_FACE ( 'NONE', ( #1130 ), #7723, .T. ) ;
#7116 = ORIENTED_EDGE ( 'NONE', *, *, #8101, .F. ) ;
#7117 = CARTESIAN_POINT ( 'NONE',  ( 6.625000000000000000, 13.00000000000000200, 1.950000000000002200 ) ) ;
#7118 = VERTEX_POINT ( 'NONE', #6135 ) ;
#7119 = COLOUR_RGB ( '',0.7921568627450980000, 0.8196078431372548800, 0.9333333333333333500 ) ;
#7120 = LINE ( 'NONE', #4912, #1085 ) ;
#7121 = AXIS2_PLACEMENT_3D ( 'NONE', #3362, #2586, #7867 ) ;
#7122 = VERTEX_POINT ( 'NONE', #1690 ) ;
#7123 = CARTESIAN_POINT ( 'NONE',  ( 6.733986892264766800, 2.949999999999987700, 5.911211578271352400 ) ) ;
#7124 = ORIENTED_EDGE ( 'NONE', *, *, #6001, .T. ) ;
#7125 = AXIS2_PLACEMENT_3D ( 'NONE', #7270, #4275, #5074 ) ;
#7126 = FACE_OUTER_BOUND ( 'NONE', #1935, .T. ) ;
#7127 = CARTESIAN_POINT ( 'NONE',  ( 6.875000000000001800, -2.501847198195506800, -0.01261557407330159100 ) ) ;
#7128 = CARTESIAN_POINT ( 'NONE',  ( -0.9499999999999977400, -3.279999999999996300, 3.650000000000001200 ) ) ;
#7129 = DIRECTION ( 'NONE',  ( 0.9986295347545739400, 0.05233595624294408400, 0.0000000000000000000 ) ) ;
#7130 = PLANE ( 'NONE',  #7121 ) ;
#7131 = DIRECTION ( 'NONE',  ( 0.0000000000000000000, -0.0000000000000000000, 1.000000000000000000 ) ) ;
#7132 = DIRECTION ( 'NONE',  ( 0.0000000000000000000, 0.0000000000000000000, 1.000000000000000000 ) ) ;
#7133 = ORIENTED_EDGE ( 'NONE', *, *, #5135, .T. ) ;
#7134 = VERTEX_POINT ( 'NONE', #6990 ) ;
#7135 = LINE ( 'NONE', #2818, #7360 ) ;
#7136 = CARTESIAN_POINT ( 'NONE',  ( 6.875000000000001800, 2.224999999999986800, 3.375000000000000900 ) ) ;
#7137 = AXIS2_PLACEMENT_3D ( 'NONE', #7601, #1567, #9114 ) ;
#7138 = CARTESIAN_POINT ( 'NONE',  ( 1.075000000000000000, 0.9022884140034506100, 0.1250000000000001100 ) ) ;
#7139 = PLANE ( 'NONE',  #8573 ) ;
#7140 = DIRECTION ( 'NONE',  ( 0.0000000000000000000, 0.0000000000000000000, -1.000000000000000000 ) ) ;
#7141 = EDGE_CURVE ( 'NONE', #5954, #4236, #850, .T. ) ;
#7142 = ORIENTED_EDGE ( 'NONE', *, *, #1920, .F. ) ;
#7143 = VERTEX_POINT ( 'NONE', #3278 ) ;
#7144 = FACE_OUTER_BOUND ( 'NONE', #7542, .T. ) ;
#7145 = FACE_OUTER_BOUND ( 'NONE', #7251, .T. ) ;
#7146 = DIRECTION ( 'NONE',  ( 1.000000000000000000, 0.0000000000000000000, 0.0000000000000000000 ) ) ;
#7147 = LINE ( 'NONE', #4993, #5121 ) ;
#7148 = VECTOR ( 'NONE', #3852, 1000.000000000000000 ) ;
#7149 = DIRECTION ( 'NONE',  ( -0.0000000000000000000, 0.0000000000000000000, -1.000000000000000000 ) ) ;
#7150 = ORIENTED_EDGE ( 'NONE', *, *, #5260, .T. ) ;
#7151 = EDGE_LOOP ( 'NONE', ( #2375, #5008, #5089, #3093 ) ) ;
#7152 = ADVANCED_FACE ( 'NONE', ( #7604 ), #7860, .F. ) ;
#7153 = EDGE_LOOP ( 'NONE', ( #854, #4173, #9248, #600, #952, #2803 ) ) ;
#7154 = LINE ( 'NONE', #730, #1586 ) ;
#7155 = VERTEX_POINT ( 'NONE', #8636 ) ;
#7156 = CIRCLE ( 'NONE', #5651, 0.5000000000000004400 ) ;
#7157 = EDGE_CURVE ( 'NONE', #225, #6191, #8679, .T. ) ;
#7158 = CARTESIAN_POINT ( 'NONE',  ( 6.424999999999999800, 2.899999999999986600, 5.850000000000000500 ) ) ;
#7159 = DIRECTION ( 'NONE',  ( 1.000000000000000000, 1.334402673828313600E-016, -0.0000000000000000000 ) ) ;
#7160 = CARTESIAN_POINT ( 'NONE',  ( -6.624999999999998200, -1.656610674714108100, -0.2000000000000005100 ) ) ;
#7161 = DIRECTION ( 'NONE',  ( 1.334402673828313600E-016, -1.000000000000000000, -2.551063935260010000E-016 ) ) ;
#7162 = DIRECTION ( 'NONE',  ( 0.0000000000000000000, 1.000000000000000000, 0.0000000000000000000 ) ) ;
#7163 = ORIENTED_EDGE ( 'NONE', *, *, #1241, .F. ) ;
#7164 = CARTESIAN_POINT ( 'NONE',  ( 7.000000000000003600, 0.0000000000000000000, -4.699999999999999300 ) ) ;
#7165 = ADVANCED_FACE ( 'NONE', ( #5245 ), #9396, .F. ) ;
#7166 = LINE ( 'NONE', #627, #2412 ) ;
#7167 = CARTESIAN_POINT ( 'NONE',  ( 6.875000000000002700, 2.236907039215394500, 2.100000000000001000 ) ) ;
#7168 = EDGE_LOOP ( 'NONE', ( #3896, #9407, #8709, #8524 ) ) ;
#7169 = EDGE_LOOP ( 'NONE', ( #3317, #1746, #5343, #2287 ) ) ;
#7170 = DIRECTION ( 'NONE',  ( -1.000000000000000000, 0.0000000000000000000, 0.0000000000000000000 ) ) ;
#7171 = ORIENTED_EDGE ( 'NONE', *, *, #2108, .F. ) ;
#7172 = CARTESIAN_POINT ( 'NONE',  ( -6.624657383688641800, 2.249991028276129500, 8.040000000000000900 ) ) ;
#7173 = EDGE_LOOP ( 'NONE', ( #66, #2792, #5479, #2031 ) ) ;
#7174 = EDGE_CURVE ( 'NONE', #5361, #2011, #3816, .T. ) ;
#7175 = VECTOR ( 'NONE', #6698, 1000.000000000000000 ) ;
#7176 = CARTESIAN_POINT ( 'NONE',  ( 0.4999999999999998900, 0.8219721733686430300, 0.1250000000000000000 ) ) ;
#7177 = CIRCLE ( 'NONE', #6339, 0.5000000000000004400 ) ;
#7178 = ORIENTED_EDGE ( 'NONE', *, *, #6117, .T. ) ;
#7179 = LINE ( 'NONE', #1006, #1284 ) ;
#7180 = CARTESIAN_POINT ( 'NONE',  ( -6.999508378355059800, 3.950480851573150000, 5.869376477642201300 ) ) ;
#7181 = ORIENTED_EDGE ( 'NONE', *, *, #7767, .F. ) ;
#7182 = DIRECTION ( 'NONE',  ( 0.0000000000000000000, 0.0000000000000000000, -1.000000000000000000 ) ) ;
#7183 = CARTESIAN_POINT ( 'NONE',  ( -6.999999999999996400, 0.0000000000000000000, -2.699999999999997500 ) ) ;
#7184 = CARTESIAN_POINT ( 'NONE',  ( -7.000000000000006200, 2.899999999999986100, 6.700000000000000200 ) ) ;
#7185 = VECTOR ( 'NONE', #3265, 1000.000000000000000 ) ;
#7186 = CIRCLE ( 'NONE', #2914, 0.02499999999999984900 ) ;
#7187 = LINE ( 'NONE', #886, #7399 ) ;
#7188 = EDGE_CURVE ( 'NONE', #8403, #9267, #1242, .T. ) ;
#7189 = DIRECTION ( 'NONE',  ( -1.000000000000000000, 0.0000000000000000000, 0.0000000000000000000 ) ) ;
#7190 = ORIENTED_EDGE ( 'NONE', *, *, #3661, .F. ) ;
#7191 = EDGE_CURVE ( 'NONE', #2072, #4807, #8322, .T. ) ;
#7192 = LINE ( 'NONE', #1643, #1395 ) ;
#7193 = ORIENTED_EDGE ( 'NONE', *, *, #8834, .F. ) ;
#7194 = LINE ( 'NONE', #7197, #4930 ) ;
#7195 = CARTESIAN_POINT ( 'NONE',  ( -2.375000000000000000, 3.469839113182271000, -15.58944443027283300 ) ) ;
#7196 = CARTESIAN_POINT ( 'NONE',  ( 6.625000000000000000, 12.75000000000000200, 8.040000000000000900 ) ) ;
#7197 = CARTESIAN_POINT ( 'NONE',  ( -3.049999999999998000, -7.721577310586390300, 6.450000000000000200 ) ) ;
#7198 = AXIS2_PLACEMENT_3D ( 'NONE', #2585, #4968, #1215 ) ;
#7199 = VECTOR ( 'NONE', #9276, 1000.000000000000000 ) ;
#7200 = CARTESIAN_POINT ( 'NONE',  ( -7.000000000000005300, 2.224999999999985400, 2.025000000000000800 ) ) ;
#7201 = ORIENTED_EDGE ( 'NONE', *, *, #2234, .T. ) ;
#7202 = DIRECTION ( 'NONE',  ( 0.0000000000000000000, 1.000000000000000000, -0.0000000000000000000 ) ) ;
#7203 = ORIENTED_EDGE ( 'NONE', *, *, #2070, .F. ) ;
#7204 = EDGE_CURVE ( 'NONE', #118, #8758, #5597, .T. ) ;
#7205 = CARTESIAN_POINT ( 'NONE',  ( -6.748859375714494600, 2.948633553923873100, 5.866847998326725200 ) ) ;
#7206 = ADVANCED_FACE ( 'NONE', ( #1579 ), #1818, .F. ) ;
#7207 = CARTESIAN_POINT ( 'NONE',  ( -6.624999999999997300, 3.999999999999987100, 5.850000000000002300 ) ) ;
#7208 = EDGE_LOOP ( 'NONE', ( #4124, #710, #1018, #4539, #2144, #5821 ) ) ;
#7209 = DIRECTION ( 'NONE',  ( -1.000000000000000000, 0.0000000000000000000, 0.0000000000000000000 ) ) ;
#7210 = DIRECTION ( 'NONE',  ( -1.000000000000000000, 0.0000000000000000000, 0.0000000000000000000 ) ) ;
#7211 = EDGE_LOOP ( 'NONE', ( #1810, #6906, #5732, #3251 ) ) ;
#7212 = AXIS2_PLACEMENT_3D ( 'NONE', #3256, #5299, #7637 ) ;
#7213 = DIRECTION ( 'NONE',  ( -0.0000000000000000000, -0.0000000000000000000, -1.000000000000000000 ) ) ;
#7214 = VECTOR ( 'NONE', #2465, 1000.000000000000000 ) ;
#7215 = ADVANCED_FACE ( 'NONE', ( #8195 ), #1858, .F. ) ;
#7216 = ORIENTED_EDGE ( 'NONE', *, *, #1832, .T. ) ;
#7217 = DIRECTION ( 'NONE',  ( 1.000000000000000000, -2.556604186739367600E-028, 0.0000000000000000000 ) ) ;
#7218 = ORIENTED_EDGE ( 'NONE', *, *, #1026, .F. ) ;
#7219 = CARTESIAN_POINT ( 'NONE',  ( -6.500000000000042600, 1.899999999999999700, 8.300000000000029100 ) ) ;
#7220 = EDGE_LOOP ( 'NONE', ( #5460, #9632, #6898, #1123 ) ) ;
#7221 = AXIS2_PLACEMENT_3D ( 'NONE', #1624, #3118, #2374 ) ;
#7222 = VECTOR ( 'NONE', #3156, 1000.000000000000000 ) ;
#7223 = CARTESIAN_POINT ( 'NONE',  ( -1.075000000000000000, 0.2500000000000006100, 0.1250000000000001100 ) ) ;
#7224 = DIRECTION ( 'NONE',  ( -0.3236155771181821700, -0.8891264907159901500, 0.3236155771181821700 ) ) ;
#7225 = ORIENTED_EDGE ( 'NONE', *, *, #4863, .F. ) ;
#7226 = CARTESIAN_POINT ( 'NONE',  ( 0.9500000000000007300, -7.721577310586390300, 3.950000000000000200 ) ) ;
#7227 = DIRECTION ( 'NONE',  ( 1.334402673828313300E-016, -1.000000000000000000, 0.0000000000000000000 ) ) ;
#7228 = DIRECTION ( 'NONE',  ( -1.000000000000000000, 0.0000000000000000000, 0.0000000000000000000 ) ) ;
#7229 = ORIENTED_EDGE ( 'NONE', *, *, #4508, .F. ) ;
#7230 = ORIENTED_EDGE ( 'NONE', *, *, #2342, .F. ) ;
#7231 = DIRECTION ( 'NONE',  ( 1.000000000000000000, 0.0000000000000000000, -0.0000000000000000000 ) ) ;
#7232 = ORIENTED_EDGE ( 'NONE', *, *, #4156, .T. ) ;
#7233 = EDGE_CURVE ( 'NONE', #8331, #6788, #517, .T. ) ;
#7234 = CARTESIAN_POINT ( 'NONE',  ( 1.177205953146760500, -3.480000000000000000, 6.377205953146758900 ) ) ;
#7235 = DIRECTION ( 'NONE',  ( -1.000000000000000000, 0.0000000000000000000, 0.0000000000000000000 ) ) ;
#7236 = CARTESIAN_POINT ( 'NONE',  ( -3.049999999999998000, -7.721577310586390300, 3.950000000000001100 ) ) ;
#7237 = AXIS2_PLACEMENT_3D ( 'NONE', #1049, #5599, #7132 ) ;
#7238 = CARTESIAN_POINT ( 'NONE',  ( 3.750000000000000900, -3.279999999999996300, 6.450000000000000200 ) ) ;
#7239 = CARTESIAN_POINT ( 'NONE',  ( -6.874999999999998200, 4.999999999999998200, 8.040000000000000900 ) ) ;
#7240 = ORIENTED_EDGE ( 'NONE', *, *, #6330, .T. ) ;
#7241 = DIRECTION ( 'NONE',  ( 0.0000000000000000000, 1.000000000000000000, 0.0000000000000000000 ) ) ;
#7242 = EDGE_LOOP ( 'NONE', ( #607, #8506, #2708, #3758 ) ) ;
#7243 = LINE ( 'NONE', #6903, #5219 ) ;
#7244 = DIRECTION ( 'NONE',  ( 0.0000000000000000000, -1.000000000000000000, 3.491481338843134100E-015 ) ) ;
#7246 = EDGE_CURVE ( 'NONE', #2764, #7787, #3576, .T. ) ;
#7245 = LINE ( 'NONE', #4862, #9006 ) ;
#7247 = EDGE_CURVE ( 'NONE', #6657, #6986, #2996, .T. ) ;
#7248 = CARTESIAN_POINT ( 'NONE',  ( 6.374999999999999100, 1.899999999999999700, 8.300000000000038000 ) ) ;
#7249 = ORIENTED_EDGE ( 'NONE', *, *, #9230, .T. ) ;
#7250 = ORIENTED_EDGE ( 'NONE', *, *, #8085, .F. ) ;
#7251 = EDGE_LOOP ( 'NONE', ( #4482, #3604, #8266, #2110 ) ) ;
#7252 = LINE ( 'NONE', #5979, #5226 ) ;
#7253 = CARTESIAN_POINT ( 'NONE',  ( 1.000000000000000400, 4.174999999999999800, -2.699999999999999300 ) ) ;
#7254 = AXIS2_PLACEMENT_3D ( 'NONE', #3504, #4268, #5041 ) ;
#7255 = AXIS2_PLACEMENT_3D ( 'NONE', #3429, #5726, #4999 ) ;
#7256 = SURFACE_STYLE_USAGE ( .BOTH. , #4197 ) ;
#7257 = ORIENTED_EDGE ( 'NONE', *, *, #3190, .F. ) ;
#7258 = ORIENTED_EDGE ( 'NONE', *, *, #3239, .F. ) ;
#7259 = DIRECTION ( 'NONE',  ( 0.0000000000000000000, -1.000000000000000000, 3.491481338843134100E-015 ) ) ;
#7260 = VECTOR ( 'NONE', #6856, 1000.000000000000100 ) ;
#7261 = EDGE_CURVE ( 'NONE', #527, #4434, #9389, .T. ) ;
#7262 = CARTESIAN_POINT ( 'NONE',  ( -7.000000000000006200, 2.899999999999986600, 5.875000000000000000 ) ) ;
#7263 = FACE_OUTER_BOUND ( 'NONE', #7987, .T. ) ;
#7264 = ADVANCED_FACE ( 'NONE', ( #8804 ), #9300, .F. ) ;
#7265 = CARTESIAN_POINT ( 'NONE',  ( -6.624999999999998200, 3.999999999999985300, 6.700000000000000200 ) ) ;
#7266 = CARTESIAN_POINT ( 'NONE',  ( -6.749469572311368500, 2.946358727161917400, 5.861711278955980700 ) ) ;
#7267 = ORIENTED_EDGE ( 'NONE', *, *, #6699, .F. ) ;
#7268 = ORIENTED_EDGE ( 'NONE', *, *, #5566, .T. ) ;
#7269 = VECTOR ( 'NONE', #5092, 1000.000000000000000 ) ;
#7270 = CARTESIAN_POINT ( 'NONE',  ( -2.100000000000000100, 0.0000000000000000000, -2.499999999999999100 ) ) ;
#7271 = VECTOR ( 'NONE', #6965, 1000.000000000000000 ) ;
#7272 = DIRECTION ( 'NONE',  ( -1.334402673828313600E-016, -1.000000000000000000, -2.551063935260010000E-016 ) ) ;
#7273 = DIRECTION ( 'NONE',  ( -1.022211753169290700E-016, 0.7660444431189817900, -0.6427876096865348100 ) ) ;
#7274 = DIRECTION ( 'NONE',  ( 0.0000000000000000000, -9.637352644315596700E-016, 1.000000000000000000 ) ) ;
#7275 = DIRECTION ( 'NONE',  ( 1.000000000000000000, 0.0000000000000000000, 0.0000000000000000000 ) ) ;
#7276 = VERTEX_POINT ( 'NONE', #2510 ) ;
#7277 = VERTEX_POINT ( 'NONE', #263 ) ;
#7278 = ORIENTED_EDGE ( 'NONE', *, *, #6684, .F. ) ;
#7279 = ORIENTED_EDGE ( 'NONE', *, *, #5193, .F. ) ;
#7280 = FACE_OUTER_BOUND ( 'NONE', #705, .T. ) ;
#7281 = CARTESIAN_POINT ( 'NONE',  ( -6.999816035708842100, 2.946196665133536300, 5.861744759940963300 ) ) ;
#7282 = CARTESIAN_POINT ( 'NONE',  ( 6.625000000000000000, 12.49999999999999800, 7.789999999999998300 ) ) ;
#7283 = ORIENTED_EDGE ( 'NONE', *, *, #2920, .T. ) ;
#7284 = LINE ( 'NONE', #2770, #5740 ) ;
#7285 = VECTOR ( 'NONE', #8216, 1000.000000000000000 ) ;
#7286 = EDGE_CURVE ( 'NONE', #4300, #8270, #8916, .T. ) ;
#7287 = CARTESIAN_POINT ( 'NONE',  ( 1.275528258147577300, -2.481329165221063600, 0.1250000000000000000 ) ) ;
#7288 = CARTESIAN_POINT ( 'NONE',  ( -0.8999999999999999100, 0.8715010882118843200, 0.1250000000000000000 ) ) ;
#7289 = CARTESIAN_POINT ( 'NONE',  ( -0.9144203275669488000, -3.592705098312484400, 0.1250000000000000000 ) ) ;
#7290 = CARTESIAN_POINT ( 'NONE',  ( 0.7500000000000041100, 8.220000000000000600, -4.199999999999999300 ) ) ;
#7291 = CARTESIAN_POINT ( 'NONE',  ( -6.624999999999998200, 0.0000000000000000000, 3.450000000000000600 ) ) ;
#7292 = EDGE_LOOP ( 'NONE', ( #4503 ) ) ;
#7293 = DIRECTION ( 'NONE',  ( 0.0000000000000000000, 0.0000000000000000000, -1.000000000000000000 ) ) ;
#7294 = ORIENTED_EDGE ( 'NONE', *, *, #1564, .F. ) ;
#7295 = VECTOR ( 'NONE', #9307, 1000.000000000000000 ) ;
#7296 = FACE_BOUND ( 'NONE', #8726, .T. ) ;
#7297 = VERTEX_POINT ( 'NONE', #5550 ) ;
#7298 = LINE ( 'NONE', #5618, #9558 ) ;
#7299 = EDGE_CURVE ( 'NONE', #2764, #4380, #8431, .T. ) ;
#7300 = CARTESIAN_POINT ( 'NONE',  ( 3.478505426185216600, 4.849999999999998800, 0.1250000000000001100 ) ) ;
#7301 = EDGE_CURVE ( 'NONE', #2357, #2357, #3322, .T. ) ;
#7302 = DIRECTION ( 'NONE',  ( 0.9986295347545739400, -0.05233595624294382100, 0.0000000000000000000 ) ) ;
#7303 = ORIENTED_EDGE ( 'NONE', *, *, #5413, .T. ) ;
#7304 = DIRECTION ( 'NONE',  ( -1.000000000000000000, 1.334402673828313600E-016, 0.0000000000000000000 ) ) ;
#7305 = LINE ( 'NONE', #770, #87 ) ;
#7306 = DIRECTION ( 'NONE',  ( 0.0000000000000000000, 0.0000000000000000000, -1.000000000000000000 ) ) ;
#7307 = LINE ( 'NONE', #2629, #6123 ) ;
#7308 = ORIENTED_EDGE ( 'NONE', *, *, #516, .T. ) ;
#7309 = VECTOR ( 'NONE', #8612, 1000.000000000000000 ) ;
#7310 = ADVANCED_FACE ( 'NONE', ( #2771 ), #2649, .T. ) ;
#7311 = DIRECTION ( 'NONE',  ( 7.216449660063440500E-014, -3.491481338843133400E-015, -1.000000000000000000 ) ) ;
#7312 = LINE ( 'NONE', #5081, #4809 ) ;
#7313 = LINE ( 'NONE', #1792, #1038 ) ;
#7314 = EDGE_CURVE ( 'NONE', #2944, #583, #990, .T. ) ;
#7315 = CARTESIAN_POINT ( 'NONE',  ( -0.9999999999999995600, 0.0000000000000000000, 0.1250000000000000000 ) ) ;
#7316 = EDGE_CURVE ( 'NONE', #3183, #5177, #740, .T. ) ;
#7317 = ORIENTED_EDGE ( 'NONE', *, *, #2610, .T. ) ;
#7318 = CARTESIAN_POINT ( 'NONE',  ( 6.625000000000001800, -1.656610674714112100, 1.799999999999998700 ) ) ;
#7319 = CARTESIAN_POINT ( 'NONE',  ( -1.577205953146756800, -3.480000000000000000, 3.722794046853242600 ) ) ;
#7320 = CARTESIAN_POINT ( 'NONE',  ( -2.450000000000000200, 6.200000000000000200, -2.699999999999999300 ) ) ;
#7321 = CARTESIAN_POINT ( 'NONE',  ( -0.8999999999999999100, 0.8715010882118842100, -0.1250000000000001100 ) ) ;
#7322 = AXIS2_PLACEMENT_3D ( 'NONE', #1341, #593, #4337 ) ;
#7323 = AXIS2_PLACEMENT_3D ( 'NONE', #3157, #8473, #8540 ) ;
#7324 = CIRCLE ( 'NONE', #6261, 0.2500000000000002200 ) ;
#7325 = PLANE ( 'NONE',  #8109 ) ;
#7326 = ORIENTED_EDGE ( 'NONE', *, *, #97, .T. ) ;
#7327 = EDGE_CURVE ( 'NONE', #8829, #1702, #1353, .T. ) ;
#7328 = VERTEX_POINT ( 'NONE', #7219 ) ;
#7329 = DIRECTION ( 'NONE',  ( -1.000000000000000000, -0.0000000000000000000, -0.0000000000000000000 ) ) ;
#7330 = PLANE ( 'NONE',  #2483 ) ;
#7331 = DIRECTION ( 'NONE',  ( 0.8718951381180898300, -8.577799438435723600E-018, 0.4896926261707817400 ) ) ;
#7332 = DIRECTION ( 'NONE',  ( -0.0000000000000000000, 1.000000000000000000, -0.0000000000000000000 ) ) ;
#7333 = VERTEX_POINT ( 'NONE', #6463 ) ;
#7334 = ORIENTED_EDGE ( 'NONE', *, *, #6985, .F. ) ;
#7335 = LINE ( 'NONE', #5367, #1199 ) ;
#7336 = EDGE_LOOP ( 'NONE', ( #8498, #6121, #6226, #4176 ) ) ;
#7337 = DIRECTION ( 'NONE',  ( -0.9510565162951533100, 0.3090169943749485600, 0.0000000000000000000 ) ) ;
#7338 = VERTEX_POINT ( 'NONE', #5690 ) ;
#7339 = EDGE_LOOP ( 'NONE', ( #7852 ) ) ;
#7340 = VECTOR ( 'NONE', #1282, 1000.000000000000000 ) ;
#7341 = CARTESIAN_POINT ( 'NONE',  ( -6.374999999999999100, 2.236907039215393100, 3.925892442448258200 ) ) ;
#7342 = VECTOR ( 'NONE', #441, 1000.000000000000000 ) ;
#7343 = VECTOR ( 'NONE', #1807, 1000.000000000000000 ) ;
#7344 = CARTESIAN_POINT ( 'NONE',  ( -6.747474487139165000, 2.949999999999987300, 5.875000000000000000 ) ) ;
#7345 = CARTESIAN_POINT ( 'NONE',  ( 6.875000000000001800, 2.224999999999987200, 3.300000000000000700 ) ) ;
#7346 = ADVANCED_FACE ( 'NONE', ( #2055 ), #4259, .T. ) ;
#7347 = CARTESIAN_POINT ( 'NONE',  ( -6.424999999999998000, 3.499999999999987100, 1.950000000000001700 ) ) ;
#7348 = EDGE_CURVE ( 'NONE', #9537, #2011, #6318, .T. ) ;
#7349 = ORIENTED_EDGE ( 'NONE', *, *, #6, .F. ) ;
#7350 = ORIENTED_EDGE ( 'NONE', *, *, #330, .F. ) ;
#7351 = VECTOR ( 'NONE', #5269, 1000.000000000000000 ) ;
#7352 = DIRECTION ( 'NONE',  ( 1.000000000000000000, 0.0000000000000000000, 0.0000000000000000000 ) ) ;
#7353 = PLANE ( 'NONE',  #7500 ) ;
#7354 = CARTESIAN_POINT ( 'NONE',  ( -6.624999999999998200, 2.236907039215393100, 3.300000000000000700 ) ) ;
#7355 = DIRECTION ( 'NONE',  ( 0.0000000000000000000, 1.000000000000000000, 0.0000000000000000000 ) ) ;
#7356 = ORIENTED_EDGE ( 'NONE', *, *, #906, .T. ) ;
#7357 = VERTEX_POINT ( 'NONE', #4960 ) ;
#7358 = VERTEX_POINT ( 'NONE', #8835 ) ;
#7359 = EDGE_CURVE ( 'NONE', #5276, #1551, #6911, .T. ) ;
#7360 = VECTOR ( 'NONE', #8159, 1000.000000000000000 ) ;
#7361 = EDGE_CURVE ( 'NONE', #7569, #280, #2640, .T. ) ;
#7362 = CARTESIAN_POINT ( 'NONE',  ( 3.050000000000002000, -7.721577310586390300, 3.950000000000001100 ) ) ;
#7363 = DIRECTION ( 'NONE',  ( 0.0000000000000000000, 0.0000000000000000000, 1.000000000000000000 ) ) ;
#7364 = ORIENTED_EDGE ( 'NONE', *, *, #6437, .T. ) ;
#7365 = EDGE_LOOP ( 'NONE', ( #4388, #4411, #5442, #8762 ) ) ;
#7366 = CARTESIAN_POINT ( 'NONE',  ( 6.748033216739940200, 3.949999999999988200, 5.872262795147823200 ) ) ;
#7367 = LINE ( 'NONE', #1889, #8559 ) ;
#7368 = LINE ( 'NONE', #5182, #6908 ) ;
#7369 = VECTOR ( 'NONE', #1141, 1000.000000000000000 ) ;
#7370 = ADVANCED_FACE ( 'NONE', ( #8561 ), #6561, .T. ) ;
#7371 = DIRECTION ( 'NONE',  ( -1.000000000000000000, -1.334402673828313600E-016, 0.0000000000000000000 ) ) ;
#7372 = VECTOR ( 'NONE', #9731, 1000.000000000000000 ) ;
#7373 = DIRECTION ( 'NONE',  ( 0.3236155771181821700, 0.8891264907159901500, 0.3236155771181821700 ) ) ;
#7374 = EDGE_CURVE ( 'NONE', #7720, #7904, #1954, .T. ) ;
#7375 = VERTEX_POINT ( 'NONE', #6497 ) ;
#7376 = CARTESIAN_POINT ( 'NONE',  ( 0.3000000000000038200, 6.199999999999999300, -4.199999999999999300 ) ) ;
#7377 = DIRECTION ( 'NONE',  ( 0.0000000000000000000, 0.0000000000000000000, 1.000000000000000000 ) ) ;
#7378 = ORIENTED_EDGE ( 'NONE', *, *, #8052, .T. ) ;
#7379 = FACE_OUTER_BOUND ( 'NONE', #9674, .T. ) ;
#7380 = ORIENTED_EDGE ( 'NONE', *, *, #4364, .F. ) ;
#7381 = LINE ( 'NONE', #8372, #9177 ) ;
#7382 = DIRECTION ( 'NONE',  ( -1.000000000000000000, 0.0000000000000000000, 0.0000000000000000000 ) ) ;
#7383 = DIRECTION ( 'NONE',  ( 0.4385323276481791200, -0.8987154152497163200, 0.0000000000000000000 ) ) ;
#7384 = VERTEX_POINT ( 'NONE', #5753 ) ;
#7385 = VECTOR ( 'NONE', #295, 1000.000000000000000 ) ;
#7386 = CARTESIAN_POINT ( 'NONE',  ( 6.424999999999999800, 2.149999999999987000, 1.950000000000000800 ) ) ;
#7387 = VECTOR ( 'NONE', #2763, 1000.000000000000000 ) ;
#7388 = CARTESIAN_POINT ( 'NONE',  ( 6.625000000000000000, 2.149999999999987000, 3.375000000000000900 ) ) ;
#7389 = ORIENTED_EDGE ( 'NONE', *, *, #5866, .T. ) ;
#7390 = EDGE_CURVE ( 'NONE', #1359, #6363, #7147, .T. ) ;
#7391 = DIRECTION ( 'NONE',  ( -1.000000000000000000, -1.334402673828313600E-016, 0.0000000000000000000 ) ) ;
#7392 = ADVANCED_FACE ( 'NONE', ( #6442 ), #4878, .T. ) ;
#7393 = LINE ( 'NONE', #5881, #1835 ) ;
#7394 = EDGE_LOOP ( 'NONE', ( #1878, #4962, #8152, #2978 ) ) ;
#7395 = ORIENTED_EDGE ( 'NONE', *, *, #7174, .F. ) ;
#7396 = DIRECTION ( 'NONE',  ( 0.0000000000000000000, 0.0000000000000000000, 1.000000000000000000 ) ) ;
#7397 = UNCERTAINTY_MEASURE_WITH_UNIT (LENGTH_MEASURE( 1.000000000000000100E-005 ), #570, 'distance_accuracy_value', 'NONE');
#7398 = ORIENTED_EDGE ( 'NONE', *, *, #2117, .F. ) ;
#7399 = VECTOR ( 'NONE', #6182, 1000.000000000000000 ) ;
#7400 = VECTOR ( 'NONE', #8314, 1000.000000000000000 ) ;
#7401 = DIRECTION ( 'NONE',  ( 1.334402673828313300E-016, -1.000000000000000000, 0.0000000000000000000 ) ) ;
#7402 = AXIS2_PLACEMENT_3D ( 'NONE', #336, #6395, #4125 ) ;
#7403 = DIRECTION ( 'NONE',  ( 0.0000000000000000000, 0.0000000000000000000, -1.000000000000000000 ) ) ;
#7404 = EDGE_LOOP ( 'NONE', ( #8596, #8421, #1836, #8624 ) ) ;
#7405 = FACE_OUTER_BOUND ( 'NONE', #8239, .T. ) ;
#7406 = ORIENTED_EDGE ( 'NONE', *, *, #1633, .T. ) ;
#7407 = EDGE_CURVE ( 'NONE', #6982, #4763, #9414, .T. ) ;
#7408 = VECTOR ( 'NONE', #2192, 999.9999999999998900 ) ;
#7409 = LINE ( 'NONE', #7461, #8233 ) ;
#7410 = DIRECTION ( 'NONE',  ( -1.000000000000000000, 0.0000000000000000000, 0.0000000000000000000 ) ) ;
#7411 = CARTESIAN_POINT ( 'NONE',  ( -0.9499999999999977400, -3.279999999999996300, 3.950000000000001100 ) ) ;
#7412 = VECTOR ( 'NONE', #1029, 1000.000000000000000 ) ;
#7413 = PLANE ( 'NONE',  #7457 ) ;
#7414 = ORIENTED_EDGE ( 'NONE', *, *, #4834, .T. ) ;
#7415 = VECTOR ( 'NONE', #821, 1000.000000000000000 ) ;
#7416 = CARTESIAN_POINT ( 'NONE',  ( 6.375000000000000900, 12.49999999999999800, -2.699999999999999300 ) ) ;
#7417 = AXIS2_PLACEMENT_3D ( 'NONE', #7416, #3605, #6577 ) ;
#7418 = ORIENTED_EDGE ( 'NONE', *, *, #9398, .T. ) ;
#7419 = VECTOR ( 'NONE', #2823, 1000.000000000000000 ) ;
#7420 = VECTOR ( 'NONE', #4167, 1000.000000000000000 ) ;
#7421 = VECTOR ( 'NONE', #4107, 1000.000000000000000 ) ;
#7422 = EDGE_LOOP ( 'NONE', ( #4342, #3871, #5061, #5324 ) ) ;
#7423 = ADVANCED_FACE ( 'NONE', ( #2394 ), #4536, .F. ) ;
#7424 = EDGE_CURVE ( 'NONE', #7524, #46, #2879, .T. ) ;
#7425 = DIRECTION ( 'NONE',  ( -0.0000000000000000000, -0.0000000000000000000, -1.000000000000000000 ) ) ;
#7426 = DIRECTION ( 'NONE',  ( -0.0000000000000000000, 0.0000000000000000000, 1.000000000000000000 ) ) ;
#7427 = DIRECTION ( 'NONE',  ( 0.0000000000000000000, -0.0000000000000000000, -1.000000000000000000 ) ) ;
#7428 = ORIENTED_EDGE ( 'NONE', *, *, #1106, .T. ) ;
#7429 = DIRECTION ( 'NONE',  ( 0.0000000000000000000, 0.0000000000000000000, -1.000000000000000000 ) ) ;
#7430 = ORIENTED_EDGE ( 'NONE', *, *, #7979, .F. ) ;
#7431 = CARTESIAN_POINT ( 'NONE',  ( 6.311942857830965500, 12.99377029272893600, 8.040000000000000900 ) ) ;
#7432 = EDGE_CURVE ( 'NONE', #2152, #476, #42, .T. ) ;
#7433 = ORIENTED_EDGE ( 'NONE', *, *, #376, .T. ) ;
#7434 = CARTESIAN_POINT ( 'NONE',  ( -0.4500000000000002900, 6.199999999999999300, -3.849999999999993900 ) ) ;
#7435 = EDGE_CURVE ( 'NONE', #1884, #1884, #386, .T. ) ;
#7436 = VECTOR ( 'NONE', #1588, 1000.000000000000000 ) ;
#7437 = CARTESIAN_POINT ( 'NONE',  ( -6.424999999999997200, 2.899999999999986600, 6.700000000000002000 ) ) ;
#7438 = EDGE_LOOP ( 'NONE', ( #1080, #1522, #7578, #6184 ) ) ;
#7439 = CARTESIAN_POINT ( 'NONE',  ( -7.000000000000006200, 2.924999999999986100, 5.850000000000000500 ) ) ;
#7440 = ORIENTED_EDGE ( 'NONE', *, *, #3751, .F. ) ;
#7441 = AXIS2_PLACEMENT_3D ( 'NONE', #3874, #905, #4768 ) ;
#7442 = ADVANCED_FACE ( 'NONE', ( #7833 ), #683, .T. ) ;
#7443 = CARTESIAN_POINT ( 'NONE',  ( -6.874999999999998200, 0.0000000000000000000, 1.799999999999998700 ) ) ;
#7444 = ORIENTED_EDGE ( 'NONE', *, *, #2765, .T. ) ;
#7445 = ORIENTED_EDGE ( 'NONE', *, *, #6563, .T. ) ;
#7446 = DIRECTION ( 'NONE',  ( -0.0000000000000000000, -0.0000000000000000000, -1.000000000000000000 ) ) ;
#7447 = CARTESIAN_POINT ( 'NONE',  ( -6.750000000000937900, 2.926952156101299900, 5.849999999999727900 ) ) ;
#7448 = DIRECTION ( 'NONE',  ( -0.0000000000000000000, -0.0000000000000000000, -1.000000000000000000 ) ) ;
#7449 = EDGE_LOOP ( 'NONE', ( #8149, #719, #3159, #6879 ) ) ;
#7450 = CARTESIAN_POINT ( 'NONE',  ( 3.750000000000002200, -3.279999999999996300, 3.950000000000001100 ) ) ;
#7451 = ORIENTED_EDGE ( 'NONE', *, *, #5451, .F. ) ;
#7452 = CARTESIAN_POINT ( 'NONE',  ( 6.375000000000000000, 12.75000000000000200, -2.699999999999999300 ) ) ;
#7453 = DIRECTION ( 'NONE',  ( 0.0000000000000000000, 0.0000000000000000000, 1.000000000000000000 ) ) ;
#7454 = ORIENTED_EDGE ( 'NONE', *, *, #2939, .F. ) ;
#7455 = VECTOR ( 'NONE', #4616, 1000.000000000000000 ) ;
#7456 = DIRECTION ( 'NONE',  ( 0.8718951381180901600, 0.0000000000000000000, 0.4896926261707814100 ) ) ;
#7457 = AXIS2_PLACEMENT_3D ( 'NONE', #568, #8946, #5165 ) ;
#7458 = VECTOR ( 'NONE', #8380, 1000.000000000000000 ) ;
#7459 = DIRECTION ( 'NONE',  ( 0.0000000000000000000, 0.9063077870366509400, 0.4226182617406974400 ) ) ;
#7460 = EDGE_LOOP ( 'NONE', ( #8287, #4445, #7096, #79, #4741, #524, #9513, #2715, #8649, #9581 ) ) ;
#7461 = CARTESIAN_POINT ( 'NONE',  ( 2.375000000000000000, 4.649999999999998600, -15.58944443027283300 ) ) ;
#7462 = VERTEX_POINT ( 'NONE', #8937 ) ;
#7463 = EDGE_CURVE ( 'NONE', #6445, #1319, #6087, .T. ) ;
#7464 = VECTOR ( 'NONE', #2866, 1000.000000000000000 ) ;
#7465 = CARTESIAN_POINT ( 'NONE',  ( 6.749984965312607200, 3.963853004562696300, 5.852450878312304800 ) ) ;
#7466 = ADVANCED_FACE ( 'NONE', ( #4050 ), #6307, .F. ) ;
#7467 = DIRECTION ( 'NONE',  ( -2.556604186739367600E-028, -1.000000000000000000, 3.542745126994888700E-015 ) ) ;
#7468 = AXIS2_PLACEMENT_3D ( 'NONE', #6722, #680, #6687 ) ;
#7469 = DIRECTION ( 'NONE',  ( -1.000000000000000000, 0.0000000000000000000, 0.0000000000000000000 ) ) ;
#7470 = ORIENTED_EDGE ( 'NONE', *, *, #4958, .F. ) ;
#7471 = DIRECTION ( 'NONE',  ( 0.0000000000000000000, 0.0000000000000000000, -1.000000000000000000 ) ) ;
#7472 = EDGE_LOOP ( 'NONE', ( #5320, #6444, #985, #5239 ) ) ;
#7473 = EDGE_CURVE ( 'NONE', #6141, #848, #3091, .T. ) ;
#7474 = DIRECTION ( 'NONE',  ( 0.0000000000000000000, 1.000000000000000000, -0.0000000000000000000 ) ) ;
#7475 = EDGE_CURVE ( 'NONE', #7941, #6537, #7821, .T. ) ;
#7476 = ORIENTED_EDGE ( 'NONE', *, *, #1407, .F. ) ;
#7477 = ORIENTED_EDGE ( 'NONE', *, *, #9010, .T. ) ;
#7478 = SURFACE_STYLE_FILL_AREA ( #6728 ) ;
#7479 = DIRECTION ( 'NONE',  ( -1.000000000000000000, 0.0000000000000000000, -0.0000000000000000000 ) ) ;
#7480 = VECTOR ( 'NONE', #6888, 1000.000000000000000 ) ;
#7481 = CARTESIAN_POINT ( 'NONE',  ( 0.5500000000000014900, -3.279999999999996300, 6.450000000000000200 ) ) ;
#7482 = DIRECTION ( 'NONE',  ( 1.000000000000000000, 0.0000000000000000000, 0.0000000000000000000 ) ) ;
#7483 = DIRECTION ( 'NONE',  ( -0.0000000000000000000, 0.0000000000000000000, 1.000000000000000000 ) ) ;
#7484 = CARTESIAN_POINT ( 'NONE',  ( -0.6291033726784028800, -3.500000000000000000, -0.1250000000000000000 ) ) ;
#7485 = DIRECTION ( 'NONE',  ( -1.000000000000000000, -0.0000000000000000000, 8.075993836018656900E-017 ) ) ;
#7486 = EDGE_LOOP ( 'NONE', ( #9557, #6011, #2897, #7843 ) ) ;
#7487 = DIRECTION ( 'NONE',  ( -0.4896926261707814100, -2.877707391897905000E-016, 0.8718951381180901600 ) ) ;
#7488 = ORIENTED_EDGE ( 'NONE', *, *, #9337, .F. ) ;
#7489 = EDGE_CURVE ( 'NONE', #373, #2140, #7135, .T. ) ;
#7490 = ORIENTED_EDGE ( 'NONE', *, *, #1042, .T. ) ;
#7491 = FACE_BOUND ( 'NONE', #6392, .T. ) ;
#7492 = EDGE_CURVE ( 'NONE', #1230, #6734, #2275, .T. ) ;
#7493 = ADVANCED_FACE ( 'NONE', ( #2981 ), #5895, .T. ) ;
#7494 = LINE ( 'NONE', #6768, #9647 ) ;
#7495 = CARTESIAN_POINT ( 'NONE',  ( -7.000000000000006200, 2.924999999999984700, 5.875000000000000000 ) ) ;
#7496 = DIRECTION ( 'NONE',  ( 0.0000000000000000000, -1.000000000000000000, -1.606225440719265900E-016 ) ) ;
#7497 = LINE ( 'NONE', #2811, #2286 ) ;
#7498 = DIRECTION ( 'NONE',  ( 0.0000000000000000000, 1.000000000000000000, -0.0000000000000000000 ) ) ;
#7499 = VERTEX_POINT ( 'NONE', #1335 ) ;
#7500 = AXIS2_PLACEMENT_3D ( 'NONE', #2834, #8120, #3579 ) ;
#7501 = EDGE_LOOP ( 'NONE', ( #2990, #8304, #5049, #5984 ) ) ;
#7502 = VERTEX_POINT ( 'NONE', #3821 ) ;
#7503 = FACE_OUTER_BOUND ( 'NONE', #9003, .T. ) ;
#7504 = ORIENTED_EDGE ( 'NONE', *, *, #9148, .T. ) ;
#7505 = CARTESIAN_POINT ( 'NONE',  ( -6.874999999999998200, 3.499999999999985300, 1.950000000000000800 ) ) ;
#7506 = CIRCLE ( 'NONE', #3316, 2.000000000000000000 ) ;
#7507 = VECTOR ( 'NONE', #3639, 1000.000000000000000 ) ;
#7508 = SURFACE_SIDE_STYLE ('',( #7478 ) ) ;
#7509 = DIRECTION ( 'NONE',  ( 1.209379534333128700E-016, -0.9063077870366509400, -0.4226182617406974400 ) ) ;
#7510 = EDGE_CURVE ( 'NONE', #6621, #6570, #5348, .T. ) ;
#7511 = DIRECTION ( 'NONE',  ( -0.9986295347545739400, -0.05233595624294408400, 0.0000000000000000000 ) ) ;
#7512 = VERTEX_POINT ( 'NONE', #6028 ) ;
#7513 = FACE_OUTER_BOUND ( 'NONE', #562, .T. ) ;
#7514 = LINE ( 'NONE', #1591, #7630 ) ;
#7515 = VECTOR ( 'NONE', #8581, 1000.000000000000000 ) ;
#7516 = ORIENTED_EDGE ( 'NONE', *, *, #9671, .T. ) ;
#7517 = DIRECTION ( 'NONE',  ( -0.8987154152497163200, -0.4385323276481791200, 0.0000000000000000000 ) ) ;
#7518 = DIRECTION ( 'NONE',  ( 0.9396926207859095400, 0.3420201433256658300, -0.0000000000000000000 ) ) ;
#7519 = ADVANCED_FACE ( 'NONE', ( #1689 ), #2213, .F. ) ;
#7520 = VECTOR ( 'NONE', #6081, 1000.000000000000000 ) ;
#7521 = ORIENTED_EDGE ( 'NONE', *, *, #9278, .T. ) ;
#7522 = DIRECTION ( 'NONE',  ( -1.000000000000000000, -1.334402673828313600E-016, 0.0000000000000000000 ) ) ;
#7523 = UNCERTAINTY_MEASURE_WITH_UNIT (LENGTH_MEASURE( 1.000000000000000100E-005 ), #6803, 'distance_accuracy_value', 'NONE');
#7524 = VERTEX_POINT ( 'NONE', #3759 ) ;
#7525 = FACE_OUTER_BOUND ( 'NONE', #1948, .T. ) ;
#7526 = FACE_OUTER_BOUND ( 'NONE', #6521, .T. ) ;
#7527 = LINE ( 'NONE', #4881, #9555 ) ;
#7528 = EDGE_CURVE ( 'NONE', #1363, #3054, #9154, .T. ) ;
#7529 = VERTEX_POINT ( 'NONE', #6827 ) ;
#7530 = VECTOR ( 'NONE', #4921, 1000.000000000000000 ) ;
#7531 = CARTESIAN_POINT ( 'NONE',  ( 3.122794046853241600, -3.480000000000000000, 6.377205953146758900 ) ) ;
#7532 = CARTESIAN_POINT ( 'NONE',  ( -6.499999999999996400, 12.99999999999999800, -2.699999999999997500 ) ) ;
#7533 = VERTEX_POINT ( 'NONE', #60 ) ;
#7534 = VECTOR ( 'NONE', #5663, 1000.000000000000000 ) ;
#7535 = CARTESIAN_POINT ( 'NONE',  ( 1.177205953146760500, -3.480000000000000000, 6.222794046853240800 ) ) ;
#7536 = AXIS2_PLACEMENT_3D ( 'NONE', #4395, #7467, #2912 ) ;
#7537 = VECTOR ( 'NONE', #8585, 1000.000000000000000 ) ;
#7538 = CARTESIAN_POINT ( 'NONE',  ( -1.030211586339642600, -1.613083989060736000, 0.1250000000000000000 ) ) ;
#7539 = ORIENTED_EDGE ( 'NONE', *, *, #8417, .T. ) ;
#7540 = CARTESIAN_POINT ( 'NONE',  ( 3.750000000000000900, 0.0000000000000000000, 6.450000000000000200 ) ) ;
#7541 = EDGE_CURVE ( 'NONE', #4652, #7358, #5233, .T. ) ;
#7542 = EDGE_LOOP ( 'NONE', ( #9348, #5754, #689, #1427 ) ) ;
#7543 = CARTESIAN_POINT ( 'NONE',  ( -3.478505426185218000, 4.849999999999999600, 0.1250000000000000000 ) ) ;
#7544 = DIRECTION ( 'NONE',  ( -1.000000000000000000, 0.0000000000000000000, 0.0000000000000000000 ) ) ;
#7545 = CYLINDRICAL_SURFACE ( 'NONE', #2384, 0.5000000000000004400 ) ;
#7546 = ADVANCED_FACE ( 'NONE', ( #4285 ), #5957, .T. ) ;
#7547 = ORIENTED_EDGE ( 'NONE', *, *, #4698, .T. ) ;
#7548 = AXIS2_PLACEMENT_3D ( 'NONE', #1021, #250, #182 ) ;
#7549 = EDGE_LOOP ( 'NONE', ( #4183, #7619, #9815, #6376 ) ) ;
#7550 = LINE ( 'NONE', #2208, #5534 ) ;
#7551 = EDGE_CURVE ( 'NONE', #6112, #3192, #7705, .T. ) ;
#7552 = EDGE_CURVE ( 'NONE', #8405, #5417, #6791, .T. ) ;
#7553 = CARTESIAN_POINT ( 'NONE',  ( 1.650000000000000800, 0.0000000000000000000, 3.950000000000000200 ) ) ;
#7554 = ORIENTED_EDGE ( 'NONE', *, *, #6469, .T. ) ;
#7555 = DIRECTION ( 'NONE',  ( 0.0000000000000000000, 0.0000000000000000000, -1.000000000000000000 ) ) ;
#7556 = CARTESIAN_POINT ( 'NONE',  ( -7.000000000000005300, 2.899999999999984800, 6.700000000000000200 ) ) ;
#7557 = DIRECTION ( 'NONE',  ( 0.0000000000000000000, 1.000000000000000000, 0.0000000000000000000 ) ) ;
#7558 = AXIS2_PLACEMENT_3D ( 'NONE', #4113, #8591, #7810 ) ;
#7559 = PLANE ( 'NONE',  #5339 ) ;
#7560 = ORIENTED_EDGE ( 'NONE', *, *, #7111, .F. ) ;
#7561 = ORIENTED_EDGE ( 'NONE', *, *, #7157, .F. ) ;
#7562 = FILL_AREA_STYLE ('',( #6884 ) ) ;
#7563 = LINE ( 'NONE', #3320, #2241 ) ;
#7564 = CARTESIAN_POINT ( 'NONE',  ( 6.875000000000000900, 4.999999999999997300, 8.040000000000027600 ) ) ;
#7565 = EDGE_CURVE ( 'NONE', #5047, #4851, #5111, .T. ) ;
#7566 = ORIENTED_EDGE ( 'NONE', *, *, #3113, .T. ) ;
#7567 = ADVANCED_FACE ( 'NONE', ( #148 ), #6077, .T. ) ;
#7568 = ORIENTED_EDGE ( 'NONE', *, *, #694, .F. ) ;
#7569 = VERTEX_POINT ( 'NONE', #3787 ) ;
#7570 = CARTESIAN_POINT ( 'NONE',  ( 7.000000000000006200, 3.974999999999987200, 5.875000000000000000 ) ) ;
#7571 = ORIENTED_EDGE ( 'NONE', *, *, #1657, .F. ) ;
#7572 = DIRECTION ( 'NONE',  ( 0.0000000000000000000, 0.0000000000000000000, 1.000000000000000000 ) ) ;
#7573 = LINE ( 'NONE', #6646, #3777 ) ;
#7574 = AXIS2_PLACEMENT_3D ( 'NONE', #4103, #2515, #3255 ) ;
#7575 = ORIENTED_EDGE ( 'NONE', *, *, #2838, .F. ) ;
#7576 = CARTESIAN_POINT ( 'NONE',  ( -6.624999999999998200, 4.999999999999998200, 8.040000000000000900 ) ) ;
#7577 = VERTEX_POINT ( 'NONE', #3081 ) ;
#7578 = ORIENTED_EDGE ( 'NONE', *, *, #7700, .F. ) ;
#7579 = ORIENTED_EDGE ( 'NONE', *, *, #3991, .F. ) ;
#7580 = FACE_OUTER_BOUND ( 'NONE', #5991, .T. ) ;
#7581 = CARTESIAN_POINT ( 'NONE',  ( -4.699999999999998400, 0.0000000000000000000, -2.499999999999998700 ) ) ;
#7582 = PLANE ( 'NONE',  #5587 ) ;
#7583 = ORIENTED_EDGE ( 'NONE', *, *, #2849, .F. ) ;
#7584 = ORIENTED_EDGE ( 'NONE', *, *, #2729, .F. ) ;
#7585 = DIRECTION ( 'NONE',  ( -1.000000000000000000, 0.0000000000000000000, 0.0000000000000000000 ) ) ;
#7586 = AXIS2_PLACEMENT_3D ( 'NONE', #8503, #3188, #3290 ) ;
#7587 = VERTEX_POINT ( 'NONE', #6149 ) ;
#7588 = VECTOR ( 'NONE', #2229, 1000.000000000000000 ) ;
#7589 = ADVANCED_FACE ( 'NONE', ( #4166 ), #2759, .T. ) ;
#7590 = DIRECTION ( 'NONE',  ( 1.000000000000000000, 0.0000000000000000000, 0.0000000000000000000 ) ) ;
#7591 = CARTESIAN_POINT ( 'NONE',  ( -3.049999999999998000, -3.279999999999996300, 6.150000000000000400 ) ) ;
#7592 = DIRECTION ( 'NONE',  ( -0.0000000000000000000, -0.0000000000000000000, -1.000000000000000000 ) ) ;
#7593 = EDGE_CURVE ( 'NONE', #7462, #1230, #4037, .T. ) ;
#7594 = EDGE_LOOP ( 'NONE', ( #3305, #2081, #6516, #8589 ) ) ;
#7595 = ORIENTED_EDGE ( 'NONE', *, *, #4737, .T. ) ;
#7596 = CARTESIAN_POINT ( 'NONE',  ( 6.500000000000000900, 12.49999999999999800, -23.80497317454280500 ) ) ;
#7597 = VECTOR ( 'NONE', #5346, 1000.000000000000100 ) ;
#7598 = CARTESIAN_POINT ( 'NONE',  ( -6.624999999999998200, 4.999999999999998200, 8.016506350946132300 ) ) ;
#7599 = ORIENTED_EDGE ( 'NONE', *, *, #9331, .T. ) ;
#7600 = ORIENTED_EDGE ( 'NONE', *, *, #7869, .F. ) ;
#7601 = CARTESIAN_POINT ( 'NONE',  ( -6.874999999999998200, 13.00000000000000000, 8.040000000000000900 ) ) ;
#7602 = LINE ( 'NONE', #8765, #3090 ) ;
#7603 = EDGE_CURVE ( 'NONE', #5345, #3781, #6551, .T. ) ;
#7604 = FACE_OUTER_BOUND ( 'NONE', #5056, .T. ) ;
#7605 = EDGE_CURVE ( 'NONE', #2875, #3571, #1927, .T. ) ;
#7606 = EDGE_LOOP ( 'NONE', ( #7969, #6555, #9678, #4487 ) ) ;
#7607 = ORIENTED_EDGE ( 'NONE', *, *, #9062, .F. ) ;
#7608 = CARTESIAN_POINT ( 'NONE',  ( 6.625000000000001800, -3.799999999999999800, 0.8161559028942522200 ) ) ;
#7609 = ORIENTED_EDGE ( 'NONE', *, *, #4594, .T. ) ;
#7610 = ADVANCED_FACE ( 'NONE', ( #3314 ), #5379, .F. ) ;
#7611 = LINE ( 'NONE', #1964, #4292 ) ;
#7612 = ORIENTED_EDGE ( 'NONE', *, *, #6727, .T. ) ;
#7613 = DIRECTION ( 'NONE',  ( 0.0000000000000000000, 3.491481338843134100E-015, 1.000000000000000000 ) ) ;
#7614 = VECTOR ( 'NONE', #5, 1000.000000000000100 ) ;
#7615 = CARTESIAN_POINT ( 'NONE',  ( 6.625000000000000000, 12.75000000000000200, -2.699999999999999300 ) ) ;
#7616 = AXIS2_PLACEMENT_3D ( 'NONE', #2495, #7771, #1645 ) ;
#7617 = B_SPLINE_CURVE_WITH_KNOTS ( 'NONE', 3,
 ( #5156, #9673, #8228, #9002 ),
 .UNSPECIFIED., .F., .F.,
 ( 4, 4 ),
 ( 0.004196079071744572200, 0.004767176516170926900 ),
 .UNSPECIFIED. ) ;
#7618 = EDGE_CURVE ( 'NONE', #8812, #7720, #8549, .T. ) ;
#7619 = ORIENTED_EDGE ( 'NONE', *, *, #8584, .T. ) ;
#7620 = FACE_OUTER_BOUND ( 'NONE', #9045, .T. ) ;
#7621 = CARTESIAN_POINT ( 'NONE',  ( 0.0000000000000000000, -3.799999999999999800, 0.7838440971057466500 ) ) ;
#7622 = DIRECTION ( 'NONE',  ( -0.0000000000000000000, -3.491481338843133400E-015, -1.000000000000000000 ) ) ;
#7623 = DIRECTION ( 'NONE',  ( 0.0000000000000000000, 0.3420201433256658300, 0.9396926207859095400 ) ) ;
#7624 = ORIENTED_EDGE ( 'NONE', *, *, #3219, .F. ) ;
#7625 = CARTESIAN_POINT ( 'NONE',  ( 0.0000000000000000000, 0.0000000000000000000, -4.449999999999999300 ) ) ;
#7626 = ORIENTED_EDGE ( 'NONE', *, *, #4645, .F. ) ;
#7627 = ORIENTED_EDGE ( 'NONE', *, *, #9638, .T. ) ;
#7628 = ORIENTED_EDGE ( 'NONE', *, *, #816, .F. ) ;
#7629 = DIRECTION ( 'NONE',  ( 1.000000000000000000, 0.0000000000000000000, 0.0000000000000000000 ) ) ;
#7630 = VECTOR ( 'NONE', #756, 1000.000000000000000 ) ;
#7631 = EDGE_CURVE ( 'NONE', #6272, #3291, #262, .T. ) ;
#7632 = VECTOR ( 'NONE', #3233, 1000.000000000000000 ) ;
#7633 = VECTOR ( 'NONE', #6880, 1000.000000000000000 ) ;
#7634 = ADVANCED_FACE ( 'NONE', ( #9744 ), #5711, .T. ) ;
#7635 = DIRECTION ( 'NONE',  ( -1.000000000000000000, 0.0000000000000000000, 0.0000000000000000000 ) ) ;
#7636 = ORIENTED_EDGE ( 'NONE', *, *, #7551, .T. ) ;
#7637 = DIRECTION ( 'NONE',  ( 0.0000000000000000000, 0.0000000000000000000, 1.000000000000000000 ) ) ;
#7638 = VECTOR ( 'NONE', #6416, 1000.000000000000000 ) ;
#7639 = CIRCLE ( 'NONE', #4293, 0.4000000000000001900 ) ;
#7640 = AXIS2_PLACEMENT_3D ( 'NONE', #9149, #9368, #4104 ) ;
#7641 = DIRECTION ( 'NONE',  ( -1.000000000000000000, 0.0000000000000000000, -7.216449660063441800E-014 ) ) ;
#7642 = ORIENTED_EDGE ( 'NONE', *, *, #415, .F. ) ;
#7643 = VECTOR ( 'NONE', #6949, 1000.000000000000000 ) ;
#7644 = DIRECTION ( 'NONE',  ( -0.4896926261707817400, 0.0000000000000000000, -0.8718951381180898300 ) ) ;
#7645 = CARTESIAN_POINT ( 'NONE',  ( 3.677205953146759600, -3.480000000000000000, 6.377205953146758900 ) ) ;
#7646 = CARTESIAN_POINT ( 'NONE',  ( -0.9999999999999995600, 11.39897948556635400, -20.82203461105328300 ) ) ;
#7647 = LINE ( 'NONE', #3635, #1626 ) ;
#7648 = CARTESIAN_POINT ( 'NONE',  ( -6.374999999999999100, 12.75000000000000000, 8.040000000000000900 ) ) ;
#7649 = EDGE_CURVE ( 'NONE', #9185, #3174, #4527, .T. ) ;
#7650 = LINE ( 'NONE', #9449, #7420 ) ;
#7651 = ORIENTED_EDGE ( 'NONE', *, *, #4186, .T. ) ;
#7652 = CARTESIAN_POINT ( 'NONE',  ( -1.000000000000000000, 4.174999999999999800, -3.849999999999993900 ) ) ;
#7653 = CARTESIAN_POINT ( 'NONE',  ( -1.275528258147577300, -2.481329165221063600, -0.1250000000000000000 ) ) ;
#7654 = DIRECTION ( 'NONE',  ( -0.05233595624294441800, 0.9986295347545738300, -0.0000000000000000000 ) ) ;
#7655 = CARTESIAN_POINT ( 'NONE',  ( 3.123308929227474300, -3.481414627696880300, 6.376691070772525700 ) ) ;
#7656 = ORIENTED_EDGE ( 'NONE', *, *, #846, .F. ) ;
#7657 = DIRECTION ( 'NONE',  ( 0.0000000000000000000, -1.000000000000000000, 6.982962677686266700E-015 ) ) ;
#7658 = CARTESIAN_POINT ( 'NONE',  ( -7.000000000000005300, 1.899999999999999700, 8.299999999999993600 ) ) ;
#7659 = ORIENTED_EDGE ( 'NONE', *, *, #5221, .T. ) ;
#7660 = EDGE_CURVE ( 'NONE', #3603, #7338, #7023, .T. ) ;
#7661 = CARTESIAN_POINT ( 'NONE',  ( -6.999999999999996400, 12.49999999999999600, -2.699999999999997500 ) ) ;
#7662 = EDGE_LOOP ( 'NONE', ( #3704, #227, #3544, #2314 ) ) ;
#7663 = CARTESIAN_POINT ( 'NONE',  ( -3.049999999999998000, -7.721577310586390300, 6.450000000000000200 ) ) ;
#7664 = ORIENTED_EDGE ( 'NONE', *, *, #5969, .T. ) ;
#7665 = VERTEX_POINT ( 'NONE', #7376 ) ;
#7666 = EDGE_CURVE ( 'NONE', #5265, #9152, #8793, .T. ) ;
#7667 = ORIENTED_EDGE ( 'NONE', *, *, #4931, .F. ) ;
#7668 = EDGE_CURVE ( 'NONE', #9150, #8403, #9510, .T. ) ;
#7669 = DIRECTION ( 'NONE',  ( 1.000000000000000000, 0.0000000000000000000, 0.0000000000000000000 ) ) ;
#7670 =( LENGTH_UNIT ( ) NAMED_UNIT ( * ) SI_UNIT ( .MILLI., .METRE. ) );
#7671 = DIRECTION ( 'NONE',  ( 0.0000000000000000000, 0.0000000000000000000, 1.000000000000000000 ) ) ;
#7672 = CARTESIAN_POINT ( 'NONE',  ( -1.999999999999999100, 8.220000000000000600, -3.849999999999993900 ) ) ;
#7673 = ORIENTED_EDGE ( 'NONE', *, *, #9596, .F. ) ;
#7674 = CARTESIAN_POINT ( 'NONE',  ( 3.750000000000000900, -7.721577310586390300, 6.450000000000000200 ) ) ;
#7675 = CIRCLE ( 'NONE', #6303, 0.4499999999999999000 ) ;
#7676 = AXIS2_PLACEMENT_3D ( 'NONE', #8874, #1248, #4267 ) ;
#7677 = DIRECTION ( 'NONE',  ( 1.000000000000000000, 2.556604186739367600E-028, -8.926335808808728500E-043 ) ) ;
#7678 = ADVANCED_FACE ( 'NONE', ( #5461 ), #3450, .F. ) ;
#7679 = ORIENTED_EDGE ( 'NONE', *, *, #67, .T. ) ;
#7680 = DIRECTION ( 'NONE',  ( 0.0000000000000000000, 0.0000000000000000000, -1.000000000000000000 ) ) ;
#7681 = DIRECTION ( 'NONE',  ( -1.334402673828313600E-016, 1.000000000000000000, 0.0000000000000000000 ) ) ;
#7682 = VERTEX_POINT ( 'NONE', #9203 ) ;
#7683 = DIRECTION ( 'NONE',  ( 0.0000000000000000000, 0.0000000000000000000, 1.000000000000000000 ) ) ;
#7684 = VERTEX_POINT ( 'NONE', #7711 ) ;
#7685 = MECHANICAL_DESIGN_GEOMETRIC_PRESENTATION_REPRESENTATION (  '', ( #95 ), #3295 ) ;
#7686 = CARTESIAN_POINT ( 'NONE',  ( 2.000000000000000000, 8.220000000000000600, -2.699999999999999300 ) ) ;
#7687 = EDGE_CURVE ( 'NONE', #6729, #8556, #3194, .T. ) ;
#7688 = VECTOR ( 'NONE', #5978, 1000.000000000000000 ) ;
#7689 = UNCERTAINTY_MEASURE_WITH_UNIT (LENGTH_MEASURE( 1.000000000000000100E-005 ), #5854, 'distance_accuracy_value', 'NONE');
#7690 = CARTESIAN_POINT ( 'NONE',  ( 3.750000000000000900, -3.279999999999996300, 6.450000000000000200 ) ) ;
#7691 = ORIENTED_EDGE ( 'NONE', *, *, #6092, .F. ) ;
#7692 = EDGE_LOOP ( 'NONE', ( #3352, #1451, #7258, #5896 ) ) ;
#7693 = DIRECTION ( 'NONE',  ( 0.3236155771181821700, 0.8891264907159901500, 0.3236155771181821700 ) ) ;
#7694 = DIRECTION ( 'NONE',  ( 1.334402673828313600E-016, -1.000000000000000000, -2.551063935260010000E-016 ) ) ;
#7695 = ORIENTED_EDGE ( 'NONE', *, *, #3048, .F. ) ;
#7696 = VECTOR ( 'NONE', #6333, 1000.000000000000000 ) ;
#7697 = FACE_OUTER_BOUND ( 'NONE', #6387, .T. ) ;
#7698 = CARTESIAN_POINT ( 'NONE',  ( 6.375000000000000900, 12.49999999999999800, 8.040000000000000900 ) ) ;
#7699 = ORIENTED_EDGE ( 'NONE', *, *, #2824, .F. ) ;
#7700 = EDGE_CURVE ( 'NONE', #8403, #6292, #9379, .T. ) ;
#7701 = LINE ( 'NONE', #6545, #4401 ) ;
#7702 = DIRECTION ( 'NONE',  ( 0.0000000000000000000, 0.0000000000000000000, -1.000000000000000000 ) ) ;
#7703 = AXIS2_PLACEMENT_3D ( 'NONE', #9442, #1863, #8713 ) ;
#7704 = ORIENTED_EDGE ( 'NONE', *, *, #4272, .F. ) ;
#7705 = LINE ( 'NONE', #9034, #4745 ) ;
#7706 = FACE_OUTER_BOUND ( 'NONE', #1701, .T. ) ;
#7707 =( LENGTH_UNIT ( ) NAMED_UNIT ( * ) SI_UNIT ( .MILLI., .METRE. ) );
#7708 = EDGE_CURVE ( 'NONE', #6147, #6097, #1234, .T. ) ;
#7709 = EDGE_LOOP ( 'NONE', ( #3775, #2392, #3487, #3606 ) ) ;
#7710 = CARTESIAN_POINT ( 'NONE',  ( 0.8000000000000002700, -2.326820668033589900, 0.1250000000000000000 ) ) ;
#7711 = CARTESIAN_POINT ( 'NONE',  ( -3.049999999999998000, -3.279999999999996300, 6.450000000000000200 ) ) ;
#7712 = EDGE_LOOP ( 'NONE', ( #9051, #4967, #498, #5035 ) ) ;
#7713 = CIRCLE ( 'NONE', #6747, 0.3999999999999997400 ) ;
#7714 = LINE ( 'NONE', #1630, #3459 ) ;
#7715 = AXIS2_PLACEMENT_3D ( 'NONE', #9247, #4074, #1082 ) ;
#7716 = DIRECTION ( 'NONE',  ( 1.000000000000000000, 0.0000000000000000000, -0.0000000000000000000 ) ) ;
#7717 = LINE ( 'NONE', #6924, #389 ) ;
#7718 = CARTESIAN_POINT ( 'NONE',  ( 1.000000000000000400, 11.39897948556635400, 0.1250000000000001100 ) ) ;
#7719 = ORIENTED_EDGE ( 'NONE', *, *, #7777, .F. ) ;
#7720 = VERTEX_POINT ( 'NONE', #4014 ) ;
#7721 = ADVANCED_FACE ( 'NONE', ( #8308 ), #4773, .T. ) ;
#7722 = ORIENTED_EDGE ( 'NONE', *, *, #6164, .T. ) ;
#7723 = PLANE ( 'NONE',  #950 ) ;
#7724 = EDGE_CURVE ( 'NONE', #4601, #4601, #729, .T. ) ;
#7725 = ORIENTED_EDGE ( 'NONE', *, *, #2154, .T. ) ;
#7726 = FACE_BOUND ( 'NONE', #7460, .T. ) ;
#7727 = ORIENTED_EDGE ( 'NONE', *, *, #9062, .T. ) ;
#7728 = CARTESIAN_POINT ( 'NONE',  ( -6.374999999999999100, 12.75000000000000000, 8.040000000000000900 ) ) ;
#7729 = EDGE_LOOP ( 'NONE', ( #5849, #8272, #2561, #466 ) ) ;
#7730 = CARTESIAN_POINT ( 'NONE',  ( 6.375000000000000900, 12.75000000000000200, 8.300000000000000700 ) ) ;
#7731 = DIRECTION ( 'NONE',  ( 1.000000000000000000, 0.0000000000000000000, -0.0000000000000000000 ) ) ;
#7732 = ORIENTED_EDGE ( 'NONE', *, *, #6133, .F. ) ;
#7733 = CARTESIAN_POINT ( 'NONE',  ( -6.874999999999998200, 4.549999999999986500, 4.749999999999984900 ) ) ;
#7734 = DIRECTION ( 'NONE',  ( 0.0000000000000000000, 0.0000000000000000000, 1.000000000000000000 ) ) ;
#7735 = AXIS2_PLACEMENT_3D ( 'NONE', #3360, #4265, #8676 ) ;
#7736 = LINE ( 'NONE', #7207, #2537 ) ;
#7738 = ADVANCED_FACE ( 'NONE', ( #8073 ), #3986, .F. ) ;
#7737 = LINE ( 'NONE', #5546, #3718 ) ;
#7739 = ORIENTED_EDGE ( 'NONE', *, *, #2628, .F. ) ;
#7740 = EDGE_CURVE ( 'NONE', #8510, #583, #9036, .T. ) ;
#7741 = DIRECTION ( 'NONE',  ( 1.000000000000000000, 0.0000000000000000000, 0.0000000000000000000 ) ) ;
#7742 = VERTEX_POINT ( 'NONE', #1650 ) ;
#7743 = CARTESIAN_POINT ( 'NONE',  ( 0.0000000000000000000, 6.500000000000000000, -4.449999999999999300 ) ) ;
#7744 =( NAMED_UNIT ( * ) SI_UNIT ( $, .STERADIAN. ) SOLID_ANGLE_UNIT ( ) );
#7745 = ORIENTED_EDGE ( 'NONE', *, *, #4817, .F. ) ;
#7746 = FACE_OUTER_BOUND ( 'NONE', #7336, .T. ) ;
#7747 = CARTESIAN_POINT ( 'NONE',  ( -0.9999999999999995600, 9.500000000000000000, 4.485059523282288300 ) ) ;
#7748 = VECTOR ( 'NONE', #8265, 1000.000000000000000 ) ;
#7749 = VECTOR ( 'NONE', #2364, 1000.000000000000000 ) ;
#7750 = ORIENTED_EDGE ( 'NONE', *, *, #5644, .T. ) ;
#7751 = AXIS2_PLACEMENT_3D ( 'NONE', #9007, #687, #3732 ) ;
#7752 = LINE ( 'NONE', #6221, #2687 ) ;
#7753 = CARTESIAN_POINT ( 'NONE',  ( -6.624999999999998200, 0.0000000000000000000, -2.699999999999997500 ) ) ;
#7754 = ORIENTED_EDGE ( 'NONE', *, *, #8186, .F. ) ;
#7755 = FACE_OUTER_BOUND ( 'NONE', #3014, .T. ) ;
#7756 = LINE ( 'NONE', #5201, #1277 ) ;
#7757 = VERTEX_POINT ( 'NONE', #9327 ) ;
#7758 = VECTOR ( 'NONE', #5526, 1000.000000000000000 ) ;
#7759 = LINE ( 'NONE', #6815, #5768 ) ;
#7760 = AXIS2_PLACEMENT_3D ( 'NONE', #3022, #8215, #5175 ) ;
#7761 = VECTOR ( 'NONE', #2484, 1000.000000000000000 ) ;
#7762 = CARTESIAN_POINT ( 'NONE',  ( -6.624999999999998200, -3.799999999999999800, 1.007276981136500800 ) ) ;
#7763 = CARTESIAN_POINT ( 'NONE',  ( 1.000000000000000400, 6.500000000000000000, 0.1250000000000000000 ) ) ;
#7764 = ORIENTED_EDGE ( 'NONE', *, *, #6930, .F. ) ;
#7765 = DIRECTION ( 'NONE',  ( -0.0000000000000000000, -0.0000000000000000000, -1.000000000000000000 ) ) ;
#7766 = CARTESIAN_POINT ( 'NONE',  ( 6.875000000000000900, 4.999999999999987600, 5.199999999999983300 ) ) ;
#7767 = EDGE_CURVE ( 'NONE', #2616, #2614, #9629, .T. ) ;
#7768 = VERTEX_POINT ( 'NONE', #5435 ) ;
#7769 = CARTESIAN_POINT ( 'NONE',  ( -6.624999999999998200, 2.149999999999987000, 3.450000000000001500 ) ) ;
#7770 = ADVANCED_FACE ( 'NONE', ( #33 ), #5574, .T. ) ;
#7771 = DIRECTION ( 'NONE',  ( 0.0000000000000000000, 0.0000000000000000000, -1.000000000000000000 ) ) ;
#7772 = AXIS2_PLACEMENT_3D ( 'NONE', #2233, #8041, #1514 ) ;
#7773 = DIRECTION ( 'NONE',  ( 0.0000000000000000000, 0.0000000000000000000, 1.000000000000000000 ) ) ;
#7774 = PLANE ( 'NONE',  #5718 ) ;
#7775 = VERTEX_POINT ( 'NONE', #913 ) ;
#7776 =( LENGTH_UNIT ( ) NAMED_UNIT ( * ) SI_UNIT ( .MILLI., .METRE. ) );
#7777 = EDGE_CURVE ( 'NONE', #3200, #1363, #375, .T. ) ;
#7778 = EDGE_CURVE ( 'NONE', #7577, #847, #7016, .T. ) ;
#7779 = DIRECTION ( 'NONE',  ( 0.0000000000000000000, 0.0000000000000000000, 1.000000000000000000 ) ) ;
#7780 = ADVANCED_FACE ( 'NONE', ( #6782, #7263 ), #2149, .F. ) ;
#7781 = ORIENTED_EDGE ( 'NONE', *, *, #1865, .F. ) ;
#7782 = CARTESIAN_POINT ( 'NONE',  ( -3.749999999999998200, -3.279999999999996300, 3.650000000000001200 ) ) ;
#7783 = DIRECTION ( 'NONE',  ( 8.075993836018658100E-017, -0.0000000000000000000, 1.000000000000000000 ) ) ;
#7784 = VERTEX_POINT ( 'NONE', #7176 ) ;
#7785 = AXIS2_PLACEMENT_3D ( 'NONE', #4379, #5942, #6015 ) ;
#7786 = ORIENTED_EDGE ( 'NONE', *, *, #5202, .T. ) ;
#7787 = VERTEX_POINT ( 'NONE', #2570 ) ;
#7788 = ORIENTED_EDGE ( 'NONE', *, *, #1920, .T. ) ;
#7790 = EDGE_CURVE ( 'NONE', #1190, #1190, #611, .T. ) ;
#7789 = CYLINDRICAL_SURFACE ( 'NONE', #1051, 0.2999999999999999300 ) ;
#7791 = DIRECTION ( 'NONE',  ( 0.0000000000000000000, 0.0000000000000000000, 1.000000000000000000 ) ) ;
#7792 = EDGE_CURVE ( 'NONE', #1380, #479, #4992, .T. ) ;
#7793 = CARTESIAN_POINT ( 'NONE',  ( -7.000000000000005300, 1.899999999999997200, 7.563298562962308400 ) ) ;
#7794 = CARTESIAN_POINT ( 'NONE',  ( -7.000000000000005300, 2.224999999999985400, 3.375000000000000900 ) ) ;
#7795 = DIRECTION ( 'NONE',  ( -1.000000000000000000, -0.0000000000000000000, 8.075993836018656900E-017 ) ) ;
#7796 = PLANE ( 'NONE',  #6830 ) ;
#7797 = ORIENTED_EDGE ( 'NONE', *, *, #1237, .T. ) ;
#7798 = CARTESIAN_POINT ( 'NONE',  ( -0.9499999999999977400, 0.0000000000000000000, 3.950000000000001100 ) ) ;
#7799 = ORIENTED_EDGE ( 'NONE', *, *, #3861, .F. ) ;
#7800 = PRESENTATION_STYLE_ASSIGNMENT (( #2094 ) ) ;
#7801 = FACE_OUTER_BOUND ( 'NONE', #2656, .T. ) ;
#7802 = FACE_OUTER_BOUND ( 'NONE', #1011, .T. ) ;
#7803 = DIRECTION ( 'NONE',  ( -1.000000000000000000, -1.334402673828313600E-016, 0.0000000000000000000 ) ) ;
#7804 = AXIS2_PLACEMENT_3D ( 'NONE', #2987, #1574, #111 ) ;
#7805 = PLANE ( 'NONE',  #7441 ) ;
#7806 = DIRECTION ( 'NONE',  ( 1.000000000000000000, 0.0000000000000000000, 0.0000000000000000000 ) ) ;
#7807 =( BOUNDED_CURVE ( )  B_SPLINE_CURVE ( 3, ( #4480, #6780, #9782, #8821 ),
 .UNSPECIFIED., .F., .T. ) 
 B_SPLINE_CURVE_WITH_KNOTS ( ( 4, 4 ),
 ( 1.570796326794896800, 2.617993877991518400 ),
 .UNSPECIFIED. ) 
 CURVE ( )  GEOMETRIC_REPRESENTATION_ITEM ( )  RATIONAL_B_SPLINE_CURVE ( ( 1.000000000000000000, 0.9106836025229549900, 0.9106836025229549900, 1.000000000000000000 ) ) 
 REPRESENTATION_ITEM ( '' )  );
#7808 = CARTESIAN_POINT ( 'NONE',  ( 3.123308929227474300, -3.481414627696880300, 6.376691070772525700 ) ) ;
#7809 = ORIENTED_EDGE ( 'NONE', *, *, #1455, .T. ) ;
#7810 = DIRECTION ( 'NONE',  ( 0.0000000000000000000, -0.0000000000000000000, 1.000000000000000000 ) ) ;
#7811 = VERTEX_POINT ( 'NONE', #7909 ) ;
#7812 = DIRECTION ( 'NONE',  ( 0.0000000000000000000, 0.0000000000000000000, -1.000000000000000000 ) ) ;
#7813 = EDGE_CURVE ( 'NONE', #5873, #8737, #2631, .T. ) ;
#7814 = ORIENTED_EDGE ( 'NONE', *, *, #7473, .T. ) ;
#7815 = VECTOR ( 'NONE', #3895, 1000.000000000000000 ) ;
#7816 = CARTESIAN_POINT ( 'NONE',  ( 6.750002494633400300, 2.930632753911593300, 5.850482746439621600 ) ) ;
#7817 = ORIENTED_EDGE ( 'NONE', *, *, #3800, .T. ) ;
#7818 = ORIENTED_EDGE ( 'NONE', *, *, #3160, .T. ) ;
#7819 = VECTOR ( 'NONE', #838, 1000.000000000000000 ) ;
#7820 = ADVANCED_FACE ( 'NONE', ( #2973 ), #3083, .T. ) ;
#7821 = LINE ( 'NONE', #4361, #7945 ) ;
#7822 = DIRECTION ( 'NONE',  ( 1.000000000000000000, 0.0000000000000000000, -0.0000000000000000000 ) ) ;
#7823 = VECTOR ( 'NONE', #3915, 1000.000000000000000 ) ;
#7824 = EDGE_CURVE ( 'NONE', #852, #6420, #3911, .T. ) ;
#7825 = EDGE_LOOP ( 'NONE', ( #5243 ) ) ;
#7826 = VERTEX_POINT ( 'NONE', #1164 ) ;
#7827 = DIRECTION ( 'NONE',  ( -0.9986295347545739400, -0.05233595624294443100, 0.0000000000000000000 ) ) ;
#7828 = PLANE ( 'NONE',  #7212 ) ;
#7829 = VECTOR ( 'NONE', #723, 999.9999999999998900 ) ;
#7830 = ORIENTED_EDGE ( 'NONE', *, *, #2939, .T. ) ;
#7831 = DIRECTION ( 'NONE',  ( 1.000000000000000000, 0.0000000000000000000, 0.0000000000000000000 ) ) ;
#7832 = PLANE ( 'NONE',  #4887 ) ;
#7833 = FACE_OUTER_BOUND ( 'NONE', #5684, .T. ) ;
#7834 = DIRECTION ( 'NONE',  ( 0.0000000000000000000, -0.6427876096865348100, -0.7660444431189817900 ) ) ;
#7835 = ADVANCED_FACE ( 'NONE', ( #2871 ), #2534, .F. ) ;
#7836 = FACE_OUTER_BOUND ( 'NONE', #8639, .T. ) ;
#7837 = AXIS2_PLACEMENT_3D ( 'NONE', #1846, #4219, #7274 ) ;
#7838 = EDGE_LOOP ( 'NONE', ( #6748, #5125, #6487, #4294 ) ) ;
#7839 = CARTESIAN_POINT ( 'NONE',  ( 6.733986892264766800, 3.949999999999988200, 5.911211578271352400 ) ) ;
#7840 = EDGE_LOOP ( 'NONE', ( #9516, #2280, #2831, #5692 ) ) ;
#7841 = ORIENTED_EDGE ( 'NONE', *, *, #6684, .T. ) ;
#7842 = LINE ( 'NONE', #1866, #751 ) ;
#7843 = ORIENTED_EDGE ( 'NONE', *, *, #9110, .F. ) ;
#7844 = CARTESIAN_POINT ( 'NONE',  ( 3.750000000000002200, 0.0000000000000000000, 3.950000000000001100 ) ) ;
#7845 = CARTESIAN_POINT ( 'NONE',  ( 6.625000000000000900, 3.999999999999986200, 5.875000000000000000 ) ) ;
#7846 = LINE ( 'NONE', #5262, #5608 ) ;
#7847 = DIRECTION ( 'NONE',  ( 1.000000000000000000, 0.0000000000000000000, 0.0000000000000000000 ) ) ;
#7848 = EDGE_CURVE ( 'NONE', #5602, #373, #2266, .T. ) ;
#7849 = CARTESIAN_POINT ( 'NONE',  ( 3.750000000000002200, -3.279999999999996300, 3.650000000000001200 ) ) ;
#7850 = DIRECTION ( 'NONE',  ( -0.0000000000000000000, 1.000000000000000000, -0.0000000000000000000 ) ) ;
#7851 = CARTESIAN_POINT ( 'NONE',  ( -6.999626248341230400, 3.951404534824537700, 5.866738400574103500 ) ) ;
#7852 = ORIENTED_EDGE ( 'NONE', *, *, #4914, .F. ) ;
#7853 = AXIS2_PLACEMENT_3D ( 'NONE', #1991, #8060, #3421 ) ;
#7854 = LINE ( 'NONE', #6726, #7385 ) ;
#7855 = DIRECTION ( 'NONE',  ( 1.000000000000000000, 0.0000000000000000000, 0.0000000000000000000 ) ) ;
#7856 = DIRECTION ( 'NONE',  ( -0.0000000000000000000, 0.0000000000000000000, -1.000000000000000000 ) ) ;
#7857 = CARTESIAN_POINT ( 'NONE',  ( -6.624999999999998200, 3.499999999999985300, 8.040000000000000900 ) ) ;
#7858 = EDGE_LOOP ( 'NONE', ( #4016, #4940, #5099, #7250 ) ) ;
#7859 = EDGE_CURVE ( 'NONE', #7684, #4095, #8910, .T. ) ;
#7860 = PLANE ( 'NONE',  #2603 ) ;
#7861 = EDGE_CURVE ( 'NONE', #1609, #185, #4735, .T. ) ;
#7862 = VERTEX_POINT ( 'NONE', #8622 ) ;
#7863 = ORIENTED_EDGE ( 'NONE', *, *, #2429, .F. ) ;
#7864 = LINE ( 'NONE', #4019, #3836 ) ;
#7865 = CARTESIAN_POINT ( 'NONE',  ( -6.624999999999998200, 2.149999999999985300, 2.100000000000000500 ) ) ;
#7866 = AXIS2_PLACEMENT_3D ( 'NONE', #3237, #8696, #1908 ) ;
#7867 = DIRECTION ( 'NONE',  ( 0.0000000000000000000, -0.0000000000000000000, 1.000000000000000000 ) ) ;
#7868 = VERTEX_POINT ( 'NONE', #7940 ) ;
#7869 = EDGE_CURVE ( 'NONE', #9231, #1263, #4867, .T. ) ;
#7870 = VECTOR ( 'NONE', #470, 1000.000000000000000 ) ;
#7871 = FACE_OUTER_BOUND ( 'NONE', #2713, .T. ) ;
#7872 = B_SPLINE_CURVE_WITH_KNOTS ( 'NONE', 3,
 ( #3912, #1911, #7180, #7851, #3307, #4149, #8736, #428, #1166, #2639, #4185, #7884, #1133, #7944, #1775, #6422 ),
 .UNSPECIFIED., .F., .F.,
 ( 4, 3, 3, 3, 3, 4 ),
 ( 0.0000000000000000000, 8.392783346297028900E-006, 1.678638188108416000E-005, 2.516987991046510700E-005, 3.355772067439528700E-005, 3.907173398865957800E-005 ),
 .UNSPECIFIED. ) ;
#7873 = EDGE_CURVE ( 'NONE', #4298, #4057, #6068, .T. ) ;
#7874 = ADVANCED_FACE ( 'NONE', ( #2749 ), #2672, .T. ) ;
#7875 = ORIENTED_EDGE ( 'NONE', *, *, #4737, .F. ) ;
#7876 = DIRECTION ( 'NONE',  ( 0.0000000000000000000, 1.000000000000000000, 0.0000000000000000000 ) ) ;
#7877 = CARTESIAN_POINT ( 'NONE',  ( 7.000000000000003600, 0.0000000000000000000, -4.699999999999999300 ) ) ;
#7878 = CARTESIAN_POINT ( 'NONE',  ( 6.999965458102522600, 2.940645678726843600, 5.855301727733910300 ) ) ;
#7879 = DIRECTION ( 'NONE',  ( -1.334402673828313600E-016, 1.000000000000000000, 0.0000000000000000000 ) ) ;
#7880 = ORIENTED_EDGE ( 'NONE', *, *, #9010, .F. ) ;
#7881 = DIRECTION ( 'NONE',  ( 0.0000000000000000000, -0.0000000000000000000, 1.000000000000000000 ) ) ;
#7882 = DIRECTION ( 'NONE',  ( -1.000000000000000000, 0.0000000000000000000, 0.0000000000000000000 ) ) ;
#7883 = LINE ( 'NONE', #6034, #5894 ) ;
#7884 = CARTESIAN_POINT ( 'NONE',  ( -6.999998472688418800, 3.966748926053348600, 5.851235798936105700 ) ) ;
#7885 = ORIENTED_EDGE ( 'NONE', *, *, #9180, .F. ) ;
#7886 = CARTESIAN_POINT ( 'NONE',  ( 6.875000000000001800, 1.899999999999988800, 5.199999999999994800 ) ) ;
#7887 = ADVANCED_FACE ( 'NONE', ( #135 ), #1918, .T. ) ;
#7888 = DIRECTION ( 'NONE',  ( 0.0000000000000000000, 0.0000000000000000000, 1.000000000000000000 ) ) ;
#7889 = CARTESIAN_POINT ( 'NONE',  ( 6.750000000000005300, 2.349999999999987200, 4.749999999999992900 ) ) ;
#7890 = ORIENTED_EDGE ( 'NONE', *, *, #3042, .F. ) ;
#7891 = EDGE_CURVE ( 'NONE', #3201, #1359, #4514, .T. ) ;
#7892 = VECTOR ( 'NONE', #5499, 1000.000000000000000 ) ;
#7893 = ORIENTED_EDGE ( 'NONE', *, *, #7316, .T. ) ;
#7894 = CARTESIAN_POINT ( 'NONE',  ( 6.875000000000001800, -1.656610674714108100, 1.799999999999998700 ) ) ;
#7895 = AXIS2_PLACEMENT_3D ( 'NONE', #7123, #8873, #4338 ) ;
#7896 = DIRECTION ( 'NONE',  ( -1.000000000000000000, -2.519609932081238100E-028, -7.216449660063441800E-014 ) ) ;
#7897 = DIRECTION ( 'NONE',  ( -1.000000000000000000, 0.0000000000000000000, 0.0000000000000000000 ) ) ;
#7898 = CARTESIAN_POINT ( 'NONE',  ( -6.874999999999998200, 1.899999999999999000, 8.050000000000029100 ) ) ;
#7899 = DIRECTION ( 'NONE',  ( 0.0000000000000000000, 0.0000000000000000000, 1.000000000000000000 ) ) ;
#7900 = ORIENTED_EDGE ( 'NONE', *, *, #3822, .T. ) ;
#7901 = EDGE_CURVE ( 'NONE', #847, #1408, #1446, .T. ) ;
#7902 = VECTOR ( 'NONE', #2063, 999.9999999999998900 ) ;
#7903 = DIRECTION ( 'NONE',  ( -0.0000000000000000000, 1.000000000000000000, -0.0000000000000000000 ) ) ;
#7904 = VERTEX_POINT ( 'NONE', #3546 ) ;
#7905 = PLANE ( 'NONE',  #9441 ) ;
#7906 = CARTESIAN_POINT ( 'NONE',  ( 7.000000000000006200, 2.924999999999986500, 5.850000000000000500 ) ) ;
#7907 = ORIENTED_EDGE ( 'NONE', *, *, #3058, .T. ) ;
#7908 = PLANE ( 'NONE',  #7558 ) ;
#7909 = CARTESIAN_POINT ( 'NONE',  ( 6.625000000000000000, 3.999999999999987100, 5.850000000000000500 ) ) ;
#7910 = LINE ( 'NONE', #4895, #2601 ) ;
#7911 = CARTESIAN_POINT ( 'NONE',  ( 0.0000000000000000000, 6.500000000000000000, -4.050000000000005200 ) ) ;
#7912 = ORIENTED_EDGE ( 'NONE', *, *, #6498, .F. ) ;
#7913 = EDGE_CURVE ( 'NONE', #4130, #9344, #9736, .T. ) ;
#7914 = CARTESIAN_POINT ( 'NONE',  ( -2.374999999999999100, 3.469839113182270600, -15.58944443027283300 ) ) ;
#7915 = ORIENTED_EDGE ( 'NONE', *, *, #3914, .F. ) ;
#7916 = ORIENTED_EDGE ( 'NONE', *, *, #8115, .T. ) ;
#7917 = DIRECTION ( 'NONE',  ( 1.000000000000000000, 0.0000000000000000000, 7.216449660063443000E-014 ) ) ;
#7918 = PLANE ( 'NONE',  #2777 ) ;
#7919 = ORIENTED_EDGE ( 'NONE', *, *, #6871, .F. ) ;
#7920 = VECTOR ( 'NONE', #1170, 1000.000000000000000 ) ;
#7921 = ADVANCED_FACE ( 'NONE', ( #8185 ), #5808, .F. ) ;
#7922 = DIRECTION ( 'NONE',  ( 0.0000000000000000000, 1.000000000000000000, -0.0000000000000000000 ) ) ;
#7923 = MECHANICAL_DESIGN_GEOMETRIC_PRESENTATION_REPRESENTATION (  '', ( #1177 ), #3155 ) ;
#7924 = EDGE_LOOP ( 'NONE', ( #6260, #5267, #8327, #6192 ) ) ;
#7925 = AXIS2_PLACEMENT_3D ( 'NONE', #5465, #7681, #5498 ) ;
#7926 = FACE_OUTER_BOUND ( 'NONE', #3592, .T. ) ;
#7927 = EDGE_CURVE ( 'NONE', #1533, #4873, #6295, .T. ) ;
#7928 = CARTESIAN_POINT ( 'NONE',  ( -6.424999999999998000, 3.499999999999987100, 3.450000000000001500 ) ) ;
#7929 = DIRECTION ( 'NONE',  ( 1.000000000000000000, 0.0000000000000000000, 0.0000000000000000000 ) ) ;
#7930 = CARTESIAN_POINT ( 'NONE',  ( 3.750000000000002200, -7.721577310586390300, 3.950000000000001100 ) ) ;
#7931 = ADVANCED_FACE ( 'NONE', ( #7936 ), #521, .F. ) ;
#7932 = CARTESIAN_POINT ( 'NONE',  ( -5.800000000000000700, 0.0000000000000000000, 0.1250000000000001100 ) ) ;
#7933 = VERTEX_POINT ( 'NONE', #2038 ) ;
#7934 = VERTEX_POINT ( 'NONE', #8857 ) ;
#7935 = DIRECTION ( 'NONE',  ( 0.3236155771181821700, 0.8891264907159901500, 0.3236155771181821700 ) ) ;
#7936 = FACE_OUTER_BOUND ( 'NONE', #895, .T. ) ;
#7937 = CARTESIAN_POINT ( 'NONE',  ( 6.625000000000002700, -3.626785478522209300, 0.5119517609947514800 ) ) ;
#7938 = DIRECTION ( 'NONE',  ( -0.9986295347545739400, -0.05233595624294395300, 0.0000000000000000000 ) ) ;
#7939 = CARTESIAN_POINT ( 'NONE',  ( -6.624999999999998200, 0.0000000000000000000, 8.040000000000000900 ) ) ;
#7940 = CARTESIAN_POINT ( 'NONE',  ( 6.875000000000001800, 1.049999999999999800, -0.2000000000000014000 ) ) ;
#7941 = VERTEX_POINT ( 'NONE', #7354 ) ;
#7942 = EDGE_LOOP ( 'NONE', ( #2127, #9084, #6989, #3168 ) ) ;
#7943 = VECTOR ( 'NONE', #9603, 1000.000000000000000 ) ;
#7944 = CARTESIAN_POINT ( 'NONE',  ( -7.000000165539296000, 3.971282875103382600, 5.850208546080443400 ) ) ;
#7945 = VECTOR ( 'NONE', #8900, 1000.000000000000000 ) ;
#7946 = DIRECTION ( 'NONE',  ( -0.9986295347545739400, 0.05233595624294395300, 0.0000000000000000000 ) ) ;
#7947 = CIRCLE ( 'NONE', #5893, 0.7500000000000041100 ) ;
#7948 = PLANE ( 'NONE',  #4282 ) ;
#7949 = AXIS2_PLACEMENT_3D ( 'NONE', #6236, #5454, #6336 ) ;
#7950 = ORIENTED_EDGE ( 'NONE', *, *, #2354, .T. ) ;
#7951 = ORIENTED_EDGE ( 'NONE', *, *, #3339, .F. ) ;
#7952 = DIRECTION ( 'NONE',  ( -1.000000000000000000, -1.334402673828313600E-016, -3.404146536317937200E-032 ) ) ;
#7953 = CYLINDRICAL_SURFACE ( 'NONE', #6432, 0.4000000000000000800 ) ;
#7954 = VERTEX_POINT ( 'NONE', #2835 ) ;
#7955 = FACE_OUTER_BOUND ( 'NONE', #2343, .T. ) ;
#7956 = EDGE_CURVE ( 'NONE', #6420, #6323, #7701, .T. ) ;
#7957 =( NAMED_UNIT ( * ) SI_UNIT ( $, .STERADIAN. ) SOLID_ANGLE_UNIT ( ) );
#7958 = ORIENTED_EDGE ( 'NONE', *, *, #1599, .T. ) ;
#7959 = CARTESIAN_POINT ( 'NONE',  ( -2.375000000000000400, 4.649999999999998600, -4.199999999999999300 ) ) ;
#7960 = PLANE ( 'NONE',  #7322 ) ;
#7961 = ORIENTED_EDGE ( 'NONE', *, *, #4100, .T. ) ;
#7962 = CARTESIAN_POINT ( 'NONE',  ( -6.624999999999998200, 3.499999999999987100, 1.950000000000001700 ) ) ;
#7963 = PLANE ( 'NONE',  #3044 ) ;
#7964 = ORIENTED_EDGE ( 'NONE', *, *, #9216, .F. ) ;
#7965 = DIRECTION ( 'NONE',  ( -0.0000000000000000000, 0.0000000000000000000, -1.000000000000000000 ) ) ;
#7966 = CIRCLE ( 'NONE', #5670, 0.4000000000000000800 ) ;
#7967 = VECTOR ( 'NONE', #4207, 1000.000000000000000 ) ;
#7968 = DIRECTION ( 'NONE',  ( 0.0000000000000000000, 0.0000000000000000000, 1.000000000000000000 ) ) ;
#7969 = ORIENTED_EDGE ( 'NONE', *, *, #6552, .F. ) ;
#7970 = CARTESIAN_POINT ( 'NONE',  ( 3.750000000000000900, -7.721577310586390300, 6.150000000000000400 ) ) ;
#7971 = ADVANCED_FACE ( 'NONE', ( #499 ), #1228, .F. ) ;
#7972 = ORIENTED_EDGE ( 'NONE', *, *, #4725, .F. ) ;
#7973 = EDGE_CURVE ( 'NONE', #8305, #2848, #8670, .T. ) ;
#7974 = DIRECTION ( 'NONE',  ( -1.000000000000000000, 0.0000000000000000000, 0.0000000000000000000 ) ) ;
#7975 = ORIENTED_EDGE ( 'NONE', *, *, #2748, .T. ) ;
#7976 = VECTOR ( 'NONE', #3688, 1000.000000000000000 ) ;
#7977 = CARTESIAN_POINT ( 'NONE',  ( 6.999936951721276800, 2.942790100373728500, 5.857214647737721200 ) ) ;
#7978 = LINE ( 'NONE', #6448, #6581 ) ;
#7979 = EDGE_CURVE ( 'NONE', #7934, #6272, #6667, .T. ) ;
#7980 = DIRECTION ( 'NONE',  ( -1.000000000000000000, -1.334402673828313600E-016, 0.0000000000000000000 ) ) ;
#7981 = FACE_OUTER_BOUND ( 'NONE', #3281, .T. ) ;
#7982 = DIRECTION ( 'NONE',  ( 0.4896926261707817400, 0.0000000000000000000, -0.8718951381180898300 ) ) ;
#7983 = LINE ( 'NONE', #3838, #2076 ) ;
#7984 = EDGE_LOOP ( 'NONE', ( #4828, #4883, #4975, #1236 ) ) ;
#7985 = DIRECTION ( 'NONE',  ( 0.0000000000000000000, 0.0000000000000000000, -1.000000000000000000 ) ) ;
#7986 = ADVANCED_FACE ( 'NONE', ( #8784 ), #2735, .F. ) ;
#7987 = EDGE_LOOP ( 'NONE', ( #4340 ) ) ;
#7988 = DIRECTION ( 'NONE',  ( 0.0000000000000000000, 0.0000000000000000000, -1.000000000000000000 ) ) ;
#7989 = EDGE_LOOP ( 'NONE', ( #4724, #9462, #5543, #2365 ) ) ;
#7990 = LINE ( 'NONE', #4542, #9077 ) ;
#7991 = CIRCLE ( 'NONE', #2216, 2.000000000000000000 ) ;
#7992 = FACE_OUTER_BOUND ( 'NONE', #9488, .T. ) ;
#7993 = EDGE_CURVE ( 'NONE', #7682, #8912, #6430, .T. ) ;
#7994 = ORIENTED_EDGE ( 'NONE', *, *, #6092, .T. ) ;
#7995 = EDGE_CURVE ( 'NONE', #1721, #901, #2386, .T. ) ;
#7996 = VECTOR ( 'NONE', #3989, 1000.000000000000000 ) ;
#7997 = ORIENTED_EDGE ( 'NONE', *, *, #8520, .F. ) ;
#7998 = LINE ( 'NONE', #4941, #8600 ) ;
#7999 = CARTESIAN_POINT ( 'NONE',  ( -1.055190116215857900, -1.709633081912044700, 0.1250000000000000000 ) ) ;
#8000 = AXIS2_PLACEMENT_3D ( 'NONE', #6874, #3099, #8311 ) ;
#8001 = APPLICATION_PROTOCOL_DEFINITION ( 'draft international standard', 'automotive_design', 1998, #2721 ) ;
#8002 = DIRECTION ( 'NONE',  ( 1.000000000000000000, 1.334402673828313600E-016, -0.0000000000000000000 ) ) ;
#8003 = VERTEX_POINT ( 'NONE', #4408 ) ;
#8004 = CARTESIAN_POINT ( 'NONE',  ( 6.625000000000000900, 2.949999999999987300, 5.850000000000001400 ) ) ;
#8005 = PLANE ( 'NONE',  #8951 ) ;
#8006 = ORIENTED_EDGE ( 'NONE', *, *, #7956, .F. ) ;
#8007 = VECTOR ( 'NONE', #2809, 1000.000000000000000 ) ;
#8008 = EDGE_CURVE ( 'NONE', #8331, #7933, #4158, .T. ) ;
#8009 = CARTESIAN_POINT ( 'NONE',  ( -6.750000000000006200, 2.924999999999986500, 5.850000000000000500 ) ) ;
#8010 = DIRECTION ( 'NONE',  ( 1.000000000000000000, 0.0000000000000000000, 0.0000000000000000000 ) ) ;
#8011 = ORIENTED_EDGE ( 'NONE', *, *, #3590, .F. ) ;
#8012 = CARTESIAN_POINT ( 'NONE',  ( -6.874999999999998200, -1.656610674714111600, 1.799999999999998700 ) ) ;
#8013 = PLANE ( 'NONE',  #3498 ) ;
#8014 = DIRECTION ( 'NONE',  ( 0.0000000000000000000, -0.0000000000000000000, 1.000000000000000000 ) ) ;
#8015 = PLANE ( 'NONE',  #9305 ) ;
#8016 = ORIENTED_EDGE ( 'NONE', *, *, #9452, .T. ) ;
#8017 = AXIS2_PLACEMENT_3D ( 'NONE', #9103, #8359, #7590 ) ;
#8018 = VECTOR ( 'NONE', #8224, 1000.000000000000000 ) ;
#8019 = LINE ( 'NONE', #2313, #3519 ) ;
#8020 = DIRECTION ( 'NONE',  ( -1.000000000000000000, 0.0000000000000000000, 3.469446951953611000E-015 ) ) ;
#8021 = DIRECTION ( 'NONE',  ( 1.334402673828313600E-016, -1.000000000000000000, -2.551063935260010000E-016 ) ) ;
#8022 = EDGE_CURVE ( 'NONE', #7134, #8556, #3683, .T. ) ;
#8023 = DIRECTION ( 'NONE',  ( 1.334402673828313600E-016, -1.000000000000000000, -2.551063935260010000E-016 ) ) ;
#8024 = VERTEX_POINT ( 'NONE', #5142 ) ;
#8025 = AXIS2_PLACEMENT_3D ( 'NONE', #2468, #3209, #7779 ) ;
#8026 = DIRECTION ( 'NONE',  ( 1.334402673828313600E-016, -1.000000000000000000, -2.551063935260010000E-016 ) ) ;
#8027 = LINE ( 'NONE', #6166, #352 ) ;
#8028 = CARTESIAN_POINT ( 'NONE',  ( -6.874999999999998200, 1.049999999999997800, 6.550308009257218300 ) ) ;
#8029 = ORIENTED_EDGE ( 'NONE', *, *, #8642, .T. ) ;
#8030 = CARTESIAN_POINT ( 'NONE',  ( 1.750000000000004700, 4.174999999999999800, -4.199999999999999300 ) ) ;
#8031 = PLANE ( 'NONE',  #7254 ) ;
#8032 = ORIENTED_EDGE ( 'NONE', *, *, #3800, .F. ) ;
#8033 = ADVANCED_FACE ( 'NONE', ( #9501 ), #1441, .T. ) ;
#8034 = ORIENTED_EDGE ( 'NONE', *, *, #4272, .T. ) ;
#8035 = DIRECTION ( 'NONE',  ( 1.000000000000000000, 0.0000000000000000000, 0.0000000000000000000 ) ) ;
#8036 = EDGE_CURVE ( 'NONE', #877, #3235, #4028, .T. ) ;
#8037 = DIRECTION ( 'NONE',  ( -1.000000000000000000, -0.0000000000000000000, 0.0000000000000000000 ) ) ;
#8038 = LINE ( 'NONE', #2865, #4499 ) ;
#8039 = PLANE ( 'NONE',  #5721 ) ;
#8040 = AXIS2_PLACEMENT_3D ( 'NONE', #6177, #8518, #2434 ) ;
#8041 = DIRECTION ( 'NONE',  ( -2.143351522866849500E-032, 1.606225440719265900E-016, -1.000000000000000000 ) ) ;
#8042 = DIRECTION ( 'NONE',  ( -1.262034274850851900E-016, 1.000000000000000000, 0.0000000000000000000 ) ) ;
#8043 = ORIENTED_EDGE ( 'NONE', *, *, #4100, .F. ) ;
#8044 = CARTESIAN_POINT ( 'NONE',  ( -1.576691070772524800, -3.481414627696880300, 6.223308929227473900 ) ) ;
#8045 = ORIENTED_EDGE ( 'NONE', *, *, #7286, .F. ) ;
#8046 = CARTESIAN_POINT ( 'NONE',  ( 3.750000000000002200, -7.721577310586390300, 3.950000000000001100 ) ) ;
#8047 = ORIENTED_EDGE ( 'NONE', *, *, #5275, .T. ) ;
#8048 = FACE_OUTER_BOUND ( 'NONE', #2012, .T. ) ;
#8049 = DIRECTION ( 'NONE',  ( -1.000000000000000000, 0.0000000000000000000, 0.0000000000000000000 ) ) ;
#8051 = EDGE_CURVE ( 'NONE', #5900, #5575, #3440, .T. ) ;
#8050 = VECTOR ( 'NONE', #6719, 1000.000000000000000 ) ;
#8052 = EDGE_CURVE ( 'NONE', #7775, #6097, #7252, .T. ) ;
#8053 = PLANE ( 'NONE',  #2578 ) ;
#8054 = VECTOR ( 'NONE', #647, 1000.000000000000000 ) ;
#8055 = DIRECTION ( 'NONE',  ( 1.000000000000000000, 0.0000000000000000000, 0.0000000000000000000 ) ) ;
#8056 = DIRECTION ( 'NONE',  ( 0.0000000000000000000, 1.000000000000000000, 0.0000000000000000000 ) ) ;
#8057 = ORIENTED_EDGE ( 'NONE', *, *, #4123, .T. ) ;
#8058 = ORIENTED_EDGE ( 'NONE', *, *, #248, .T. ) ;
#8059 = VECTOR ( 'NONE', #5775, 1000.000000000000000 ) ;
#8060 = DIRECTION ( 'NONE',  ( 0.0000000000000000000, -1.000000000000000000, 0.0000000000000000000 ) ) ;
#8061 = AXIS2_PLACEMENT_3D ( 'NONE', #9579, #5096, #5001 ) ;
#8062 = EDGE_CURVE ( 'NONE', #8983, #7277, #5450, .T. ) ;
#8063 = AXIS2_PLACEMENT_3D ( 'NONE', #2732, #5015, #8918 ) ;
#8064 = ORIENTED_EDGE ( 'NONE', *, *, #4316, .F. ) ;
#8065 = DIRECTION ( 'NONE',  ( 1.000000000000000000, 1.334402673828313600E-016, -0.0000000000000000000 ) ) ;
#8066 = PLANE ( 'NONE',  #2948 ) ;
#8067 = LINE ( 'NONE', #6912, #9262 ) ;
#8068 = EDGE_CURVE ( 'NONE', #1788, #8315, #966, .T. ) ;
#8069 = EDGE_LOOP ( 'NONE', ( #8884, #4541, #5252, #2767, #2246, #2469, #7725, #6500, #260, #9118, #7997, #4378, #8247, #3435, #348, #8993, #6038, #1933, #7695, #6679, #9171 ) ) ;
#8070 = DIRECTION ( 'NONE',  ( 1.000000000000000000, -0.0000000000000000000, -0.0000000000000000000 ) ) ;
#8071 = CARTESIAN_POINT ( 'NONE',  ( 0.3999999999999998600, 8.220000000000000600, -3.849999999999993900 ) ) ;
#8072 =( NAMED_UNIT ( * ) PLANE_ANGLE_UNIT ( ) SI_UNIT ( $, .RADIAN. ) );
#8073 = FACE_OUTER_BOUND ( 'NONE', #7211, .T. ) ;
#8074 = CARTESIAN_POINT ( 'NONE',  ( 3.050000000000002000, 0.0000000000000000000, 3.950000000000001100 ) ) ;
#8075 = CARTESIAN_POINT ( 'NONE',  ( 3.750000000000000900, -7.721577310586390300, 6.150000000000000400 ) ) ;
#8076 = VERTEX_POINT ( 'NONE', #4510 ) ;
#8077 = EDGE_LOOP ( 'NONE', ( #5635, #8904, #362, #2746, #3469, #8740 ) ) ;
#8078 = AXIS2_PLACEMENT_3D ( 'NONE', #1854, #5580, #7855 ) ;
#8079 = LINE ( 'NONE', #3386, #9163 ) ;
#8080 = DIRECTION ( 'NONE',  ( 1.334402673828313600E-016, -1.000000000000000000, 0.0000000000000000000 ) ) ;
#8081 = VECTOR ( 'NONE', #6556, 1000.000000000000000 ) ;
#8082 = DIRECTION ( 'NONE',  ( 1.000000000000000000, 1.239088197126290800E-016, -1.239088197126290800E-016 ) ) ;
#8083 = DIRECTION ( 'NONE',  ( 1.000000000000000000, 0.0000000000000000000, 0.0000000000000000000 ) ) ;
#8084 = ORIENTED_EDGE ( 'NONE', *, *, #5135, .F. ) ;
#8085 = EDGE_CURVE ( 'NONE', #737, #5287, #9249, .T. ) ;
#8086 = ORIENTED_EDGE ( 'NONE', *, *, #5085, .F. ) ;
#8087 = ORIENTED_EDGE ( 'NONE', *, *, #694, .T. ) ;
#8088 = CIRCLE ( 'NONE', #6942, 0.3750000000000055500 ) ;
#8089 = EDGE_LOOP ( 'NONE', ( #1458, #5786, #314, #4034 ) ) ;
#8090 = ADVANCED_FACE ( 'NONE', ( #4985 ), #5576, .T. ) ;
#8091 = FACE_BOUND ( 'NONE', #8162, .T. ) ;
#8092 = SURFACE_STYLE_FILL_AREA ( #2284 ) ;
#8093 = CARTESIAN_POINT ( 'NONE',  ( -6.874999999999998200, 2.014985652702074900, 3.718849323052905400 ) ) ;
#8094 = CARTESIAN_POINT ( 'NONE',  ( 6.625000000000001800, 1.049999999999995400, 8.039999999999993800 ) ) ;
#8095 = DIRECTION ( 'NONE',  ( -0.0000000000000000000, -0.0000000000000000000, -1.000000000000000000 ) ) ;
#8096 = AXIS2_PLACEMENT_3D ( 'NONE', #1828, #3224, #7131 ) ;
#8097 = CARTESIAN_POINT ( 'NONE',  ( 6.749215880616259400, 3.952270472880744700, 5.864227124694401100 ) ) ;
#8098 = ORIENTED_EDGE ( 'NONE', *, *, #817, .T. ) ;
#8099 = VECTOR ( 'NONE', #1087, 1000.000000000000000 ) ;
#8100 = LINE ( 'NONE', #6115, #2422 ) ;
#8101 = EDGE_CURVE ( 'NONE', #4970, #8737, #1334, .T. ) ;
#8102 = CARTESIAN_POINT ( 'NONE',  ( 7.000000000000000900, 13.00000000000000000, -4.699999999999999300 ) ) ;
#8103 = CARTESIAN_POINT ( 'NONE',  ( 6.625000000000001800, -3.799999999999999800, 0.7838440971057467600 ) ) ;
#8104 = CARTESIAN_POINT ( 'NONE',  ( -6.624999999999998200, 2.149999999999985300, 3.300000000000000700 ) ) ;
#8105 = DIRECTION ( 'NONE',  ( 0.0000000000000000000, 0.0000000000000000000, -1.000000000000000000 ) ) ;
#8106 = CARTESIAN_POINT ( 'NONE',  ( 1.000000000000000400, 12.11159513863927900, 0.1250000000000001100 ) ) ;
#8107 = VERTEX_POINT ( 'NONE', #2162 ) ;
#8108 = DIRECTION ( 'NONE',  ( -1.000000000000000000, -0.0000000000000000000, 8.075993836018656900E-017 ) ) ;
#8109 = AXIS2_PLACEMENT_3D ( 'NONE', #1345, #1285, #7382 ) ;
#8110 = ORIENTED_EDGE ( 'NONE', *, *, #9026, .F. ) ;
#8111 = VECTOR ( 'NONE', #3283, 1000.000000000000000 ) ;
#8112 = VECTOR ( 'NONE', #5240, 1000.000000000000000 ) ;
#8113 = VERTEX_POINT ( 'NONE', #7452 ) ;
#8114 = FACE_OUTER_BOUND ( 'NONE', #7858, .T. ) ;
#8115 = EDGE_CURVE ( 'NONE', #6292, #1425, #2032, .T. ) ;
#8116 = DIRECTION ( 'NONE',  ( -1.000000000000000000, 0.0000000000000000000, -0.0000000000000000000 ) ) ;
#8117 = EDGE_CURVE ( 'NONE', #8457, #3910, #9491, .T. ) ;
#8118 = DIRECTION ( 'NONE',  ( -1.000000000000000000, 0.0000000000000000000, 0.0000000000000000000 ) ) ;
#8119 = ORIENTED_EDGE ( 'NONE', *, *, #7859, .T. ) ;
#8120 = DIRECTION ( 'NONE',  ( 0.0000000000000000000, 0.3420201433256658300, 0.9396926207859095400 ) ) ;
#8121 = VECTOR ( 'NONE', #8235, 1000.000000000000100 ) ;
#8122 = DIRECTION ( 'NONE',  ( -0.0000000000000000000, 1.000000000000000000, -0.0000000000000000000 ) ) ;
#8123 = CARTESIAN_POINT ( 'NONE',  ( -6.750000000000005300, 3.543599968041205800, 9.522064729663171100 ) ) ;
#8124 = LINE ( 'NONE', #9383, #3974 ) ;
#8125 = VECTOR ( 'NONE', #8138, 1000.000000000000000 ) ;
#8126 = ORIENTED_EDGE ( 'NONE', *, *, #3074, .F. ) ;
#8127 = AXIS2_PLACEMENT_3D ( 'NONE', #1826, #3432, #4969 ) ;
#8128 = VECTOR ( 'NONE', #2562, 1000.000000000000000 ) ;
#8129 = CARTESIAN_POINT ( 'NONE',  ( -6.374999999999998200, 29.80608689002257700, 8.040000000000000900 ) ) ;
#8130 = ORIENTED_EDGE ( 'NONE', *, *, #1225, .T. ) ;
#8131 = LINE ( 'NONE', #3869, #6131 ) ;
#8132 = CARTESIAN_POINT ( 'NONE',  ( 0.6227940468532424700, -3.480000000000000000, 6.377205953146758900 ) ) ;
#8133 = VECTOR ( 'NONE', #7980, 1000.000000000000000 ) ;
#8134 = EDGE_CURVE ( 'NONE', #2263, #2768, #2141, .T. ) ;
#8135 = EDGE_CURVE ( 'NONE', #479, #3088, #6170, .T. ) ;
#8136 = LINE ( 'NONE', #8647, #1288 ) ;
#8137 = EDGE_LOOP ( 'NONE', ( #4187, #1491, #266, #9500 ) ) ;
#8138 = DIRECTION ( 'NONE',  ( -1.000000000000000000, 0.0000000000000000000, 0.0000000000000000000 ) ) ;
#8139 = VERTEX_POINT ( 'NONE', #8921 ) ;
#8140 = CARTESIAN_POINT ( 'NONE',  ( 6.750000000000005300, 1.049999999999998900, 6.550308009257217500 ) ) ;
#8141 = DIRECTION ( 'NONE',  ( -1.000000000000000000, 0.0000000000000000000, 0.0000000000000000000 ) ) ;
#8142 = DIRECTION ( 'NONE',  ( 0.0000000000000000000, 0.0000000000000000000, 1.000000000000000000 ) ) ;
#8143 = AXIS2_PLACEMENT_3D ( 'NONE', #2, #5227, #9046 ) ;
#8144 = VECTOR ( 'NONE', #9232, 999.9999999999998900 ) ;
#8145 = ADVANCED_FACE ( 'NONE', ( #601 ), #2128, .F. ) ;
#8146 = VERTEX_POINT ( 'NONE', #636 ) ;
#8147 = EDGE_CURVE ( 'NONE', #4972, #7143, #3075, .T. ) ;
#8148 = AXIS2_PLACEMENT_3D ( 'NONE', #4485, #9789, #5246 ) ;
#8149 = ORIENTED_EDGE ( 'NONE', *, *, #4260, .F. ) ;
#8150 = DIRECTION ( 'NONE',  ( 1.000000000000000000, 0.0000000000000000000, 0.0000000000000000000 ) ) ;
#8151 = CARTESIAN_POINT ( 'NONE',  ( -6.624999999999998200, 3.999999999999987100, 5.875000000000000000 ) ) ;
#8152 = ORIENTED_EDGE ( 'NONE', *, *, #7687, .F. ) ;
#8153 = CARTESIAN_POINT ( 'NONE',  ( -1.577205953146756800, -3.480000000000000000, -2.499999999999998700 ) ) ;
#8154 = ORIENTED_EDGE ( 'NONE', *, *, #8806, .T. ) ;
#8155 = ORIENTED_EDGE ( 'NONE', *, *, #5005, .F. ) ;
#8156 = CARTESIAN_POINT ( 'NONE',  ( -3.749999999999998200, -7.721577310586390300, 6.450000000000000200 ) ) ;
#8157 = EDGE_CURVE ( 'NONE', #3200, #9132, #5338, .T. ) ;
#8158 = LINE ( 'NONE', #139, #6039 ) ;
#8159 = DIRECTION ( 'NONE',  ( 1.000000000000000000, 9.599961581310927900E-016, -0.0000000000000000000 ) ) ;
#8160 = EDGE_LOOP ( 'NONE', ( #6324, #1910, #1023, #4822 ) ) ;
#8161 = ADVANCED_FACE ( 'NONE', ( #4391 ), #16, .F. ) ;
#8162 = EDGE_LOOP ( 'NONE', ( #3977 ) ) ;
#8163 = DIRECTION ( 'NONE',  ( -1.000000000000000000, 0.0000000000000000000, 0.0000000000000000000 ) ) ;
#8164 = EDGE_LOOP ( 'NONE', ( #8948, #5149, #5582, #4659 ) ) ;
#8165 = AXIS2_PLACEMENT_3D ( 'NONE', #871, #8416, #6951 ) ;
#8166 = ORIENTED_EDGE ( 'NONE', *, *, #4961, .F. ) ;
#8167 = VECTOR ( 'NONE', #8105, 1000.000000000000000 ) ;
#8168 = CIRCLE ( 'NONE', #7703, 2.000000000000000000 ) ;
#8169 = DIRECTION ( 'NONE',  ( -1.334402673828313600E-016, 1.000000000000000000, 0.0000000000000000000 ) ) ;
#8170 = CARTESIAN_POINT ( 'NONE',  ( 3.750000000000000900, -7.721577310586390300, 6.150000000000000400 ) ) ;
#8171 = LINE ( 'NONE', #8966, #8050 ) ;
#8172 = DIRECTION ( 'NONE',  ( 0.0000000000000000000, 0.0000000000000000000, -1.000000000000000000 ) ) ;
#8173 = CARTESIAN_POINT ( 'NONE',  ( 6.424999999999999800, 3.999999999999987100, 5.850000000000000500 ) ) ;
#8174 = EDGE_CURVE ( 'NONE', #4236, #4390, #7243, .T. ) ;
#8175 = VERTEX_POINT ( 'NONE', #6812 ) ;
#8176 = ORIENTED_EDGE ( 'NONE', *, *, #9105, .F. ) ;
#8177 = ORIENTED_EDGE ( 'NONE', *, *, #459, .T. ) ;
#8178 = LINE ( 'NONE', #8381, #23 ) ;
#8179 = DIRECTION ( 'NONE',  ( 1.000000000000000000, 1.334402673828313600E-016, -0.0000000000000000000 ) ) ;
#8180 = DIRECTION ( 'NONE',  ( 0.0000000000000000000, -0.0000000000000000000, 1.000000000000000000 ) ) ;
#8181 = EDGE_LOOP ( 'NONE', ( #6047, #1497, #4983, #1412 ) ) ;
#8182 = VERTEX_POINT ( 'NONE', #2261 ) ;
#8183 = ORIENTED_EDGE ( 'NONE', *, *, #8115, .F. ) ;
#8184 = EDGE_CURVE ( 'NONE', #9800, #9666, #8178, .T. ) ;
#8185 = FACE_OUTER_BOUND ( 'NONE', #3115, .T. ) ;
#8186 = EDGE_CURVE ( 'NONE', #8770, #7038, #129, .T. ) ;
#8187 = ADVANCED_FACE ( 'NONE', ( #1095 ), #5332, .F. ) ;
#8188 = DIRECTION ( 'NONE',  ( 0.0000000000000000000, 1.000000000000000000, 0.0000000000000000000 ) ) ;
#8189 = DIRECTION ( 'NONE',  ( -0.0000000000000000000, 1.000000000000000000, -0.0000000000000000000 ) ) ;
#8190 = EDGE_LOOP ( 'NONE', ( #22, #296, #8261, #802 ) ) ;
#8191 = ORIENTED_EDGE ( 'NONE', *, *, #4877, .F. ) ;
#8192 = DIRECTION ( 'NONE',  ( 1.000000000000000000, 0.0000000000000000000, 0.0000000000000000000 ) ) ;
#8193 = PRESENTATION_LAYER_ASSIGNMENT (  '', '', ( #9346 ) ) ;
#8194 = LINE ( 'NONE', #6976, #4035 ) ;
#8195 = FACE_OUTER_BOUND ( 'NONE', #4734, .T. ) ;
#8196 = PLANE ( 'NONE',  #2964 ) ;
#8197 = FACE_OUTER_BOUND ( 'NONE', #7020, .T. ) ;
#8198 = VERTEX_POINT ( 'NONE', #5368 ) ;
#8199 = DIRECTION ( 'NONE',  ( 1.239088197126290800E-016, -1.000000000000000000, -1.607084399522058600E-032 ) ) ;
#8200 = EDGE_CURVE ( 'NONE', #1316, #2932, #7005, .T. ) ;
#8201 = EDGE_LOOP ( 'NONE', ( #2873, #7279, #8279, #4816 ) ) ;
#8202 = VERTEX_POINT ( 'NONE', #3131 ) ;
#8203 = LINE ( 'NONE', #5421, #4888 ) ;
#8204 = CONICAL_SURFACE ( 'NONE', #1652, 0.4000000000000001900, 0.7853981633974470600 ) ;
#8205 = SURFACE_SIDE_STYLE ('',( #8092 ) ) ;
#8206 = VERTEX_POINT ( 'NONE', #6111 ) ;
#8207 = ORIENTED_EDGE ( 'NONE', *, *, #7188, .F. ) ;
#8208 = DIRECTION ( 'NONE',  ( 1.000000000000000000, 0.0000000000000000000, 0.0000000000000000000 ) ) ;
#8209 = ORIENTED_EDGE ( 'NONE', *, *, #2660, .F. ) ;
#8210 = CARTESIAN_POINT ( 'NONE',  ( -6.749998117797482600, 2.930816155978144700, 5.850685964349007200 ) ) ;
#8211 = ADVANCED_FACE ( 'NONE', ( #6895 ), #7582, .F. ) ;
#8212 = VECTOR ( 'NONE', #5200, 1000.000000000000000 ) ;
#8213 = CARTESIAN_POINT ( 'NONE',  ( 3.750000000000000900, -7.721577310586390300, 6.450000000000000200 ) ) ;
#8214 = DIRECTION ( 'NONE',  ( 0.0000000000000000000, 0.0000000000000000000, -1.000000000000000000 ) ) ;
#8215 = DIRECTION ( 'NONE',  ( 0.0000000000000000000, 0.0000000000000000000, -1.000000000000000000 ) ) ;
#8216 = DIRECTION ( 'NONE',  ( -1.000000000000000000, -1.334402673828313600E-016, -0.0000000000000000000 ) ) ;
#8217 = VERTEX_POINT ( 'NONE', #7645 ) ;
#8218 = ORIENTED_EDGE ( 'NONE', *, *, #8085, .T. ) ;
#8219 = ORIENTED_EDGE ( 'NONE', *, *, #278, .T. ) ;
#8220 = DIRECTION ( 'NONE',  ( -0.3236155771181821700, -0.8891264907159901500, 0.3236155771181821700 ) ) ;
#8221 = FACE_OUTER_BOUND ( 'NONE', #1222, .T. ) ;
#8222 = DIRECTION ( 'NONE',  ( -1.000000000000000000, 0.0000000000000000000, 0.0000000000000000000 ) ) ;
#8223 = VECTOR ( 'NONE', #3763, 1000.000000000000000 ) ;
#8224 = DIRECTION ( 'NONE',  ( -8.758115402030106700E-047, -3.491481338843133400E-015, -1.000000000000000000 ) ) ;
#8225 = VECTOR ( 'NONE', #1014, 1000.000000000000000 ) ;
#8226 = MECHANICAL_DESIGN_GEOMETRIC_PRESENTATION_REPRESENTATION (  '', ( #3783 ), #2333 ) ;
#8227 = CARTESIAN_POINT ( 'NONE',  ( -6.951960676794287900, 3.949999999999988200, 6.033634734814048000 ) ) ;
#8228 = CARTESIAN_POINT ( 'NONE',  ( -0.9999999999999995600, 11.53495438777214900, -4.183227651291620200 ) ) ;
#8229 = ORIENTED_EDGE ( 'NONE', *, *, #1796, .T. ) ;
#8230 = EDGE_CURVE ( 'NONE', #5584, #7338, #2379, .T. ) ;
#8231 = CARTESIAN_POINT ( 'NONE',  ( 0.0000000000000000000, 6.500000000000000000, -15.58944443027283300 ) ) ;
#8232 = FACE_OUTER_BOUND ( 'NONE', #158, .T. ) ;
#8233 = VECTOR ( 'NONE', #839, 1000.000000000000000 ) ;
#8234 = CARTESIAN_POINT ( 'NONE',  ( 6.375000000000000900, 12.49999999999999800, 8.040000000000000900 ) ) ;
#8235 = DIRECTION ( 'NONE',  ( -0.05233595624294395300, -0.9986295347545739400, 0.0000000000000000000 ) ) ;
#8236 = VECTOR ( 'NONE', #7741, 1000.000000000000000 ) ;
#8237 = DIRECTION ( 'NONE',  ( -1.334402673828313600E-016, -1.000000000000000000, -2.551063935260010000E-016 ) ) ;
#8238 =( NAMED_UNIT ( * ) PLANE_ANGLE_UNIT ( ) SI_UNIT ( $, .RADIAN. ) );
#8239 = EDGE_LOOP ( 'NONE', ( #1092, #3240, #6709, #4422 ) ) ;
#8240 = LINE ( 'NONE', #6356, #4453 ) ;
#8241 = ADVANCED_FACE ( 'NONE', ( #7926 ), #3046, .F. ) ;
#8242 = ORIENTED_EDGE ( 'NONE', *, *, #2812, .F. ) ;
#8243 = VECTOR ( 'NONE', #6565, 1000.000000000000000 ) ;
#8244 = VECTOR ( 'NONE', #5560, 1000.000000000000000 ) ;
#8245 = EDGE_CURVE ( 'NONE', #429, #3950, #3556, .T. ) ;
#8246 = DIRECTION ( 'NONE',  ( 0.0000000000000000000, -1.000000000000000000, 3.491481338843134100E-015 ) ) ;
#8247 = ORIENTED_EDGE ( 'NONE', *, *, #5699, .T. ) ;
#8248 = DIRECTION ( 'NONE',  ( 0.0000000000000000000, 1.000000000000000000, 0.0000000000000000000 ) ) ;
#8249 = EDGE_CURVE ( 'NONE', #2040, #5746, #4147, .T. ) ;
#8250 = CARTESIAN_POINT ( 'NONE',  ( 6.625000000000000000, 0.0000000000000000000, -2.699999999999999300 ) ) ;
#8251 = CARTESIAN_POINT ( 'NONE',  ( 6.311942857830965500, 12.99377029272893600, 3.300000000000000700 ) ) ;
#8252 = UNCERTAINTY_MEASURE_WITH_UNIT (LENGTH_MEASURE( 1.000000000000000100E-005 ), #8976, 'distance_accuracy_value', 'NONE');
#8253 = EDGE_LOOP ( 'NONE', ( #1102, #3748, #4251, #3073 ) ) ;
#8254 = VECTOR ( 'NONE', #6711, 1000.000000000000000 ) ;
#8255 = CARTESIAN_POINT ( 'NONE',  ( 6.625000000000001800, 2.224999999999987200, 2.100000000000001000 ) ) ;
#8256 = AXIS2_PLACEMENT_3D ( 'NONE', #2461, #6247, #9253 ) ;
#8257 = ORIENTED_EDGE ( 'NONE', *, *, #2787, .F. ) ;
#8259 = CARTESIAN_POINT ( 'NONE',  ( -6.374999999999998200, 29.80608689002257700, 7.790000000000000000 ) ) ;
#8258 = DIRECTION ( 'NONE',  ( -1.000000000000000000, 0.0000000000000000000, 0.0000000000000000000 ) ) ;
#8260 = DIRECTION ( 'NONE',  ( 1.000000000000000000, 1.334402673828313600E-016, 0.0000000000000000000 ) ) ;
#8261 = ORIENTED_EDGE ( 'NONE', *, *, #7666, .F. ) ;
#8262 = DIRECTION ( 'NONE',  ( -1.000000000000000000, 0.0000000000000000000, 0.0000000000000000000 ) ) ;
#8263 = EDGE_CURVE ( 'NONE', #848, #1956, #1566, .T. ) ;
#8264 = ADVANCED_FACE ( 'NONE', ( #7126 ), #4545, .F. ) ;
#8265 = DIRECTION ( 'NONE',  ( 1.000000000000000000, 1.387778780781449300E-014, 0.0000000000000000000 ) ) ;
#8266 = ORIENTED_EDGE ( 'NONE', *, *, #1590, .F. ) ;
#8267 = AXIS2_PLACEMENT_3D ( 'NONE', #8234, #622, #7410 ) ;
#8268 = DIRECTION ( 'NONE',  ( -0.0000000000000000000, 1.000000000000000000, -0.0000000000000000000 ) ) ;
#8269 = ORIENTED_EDGE ( 'NONE', *, *, #7204, .F. ) ;
#8270 = VERTEX_POINT ( 'NONE', #8472 ) ;
#8271 = VECTOR ( 'NONE', #1825, 1000.000000000000000 ) ;
#8272 = ORIENTED_EDGE ( 'NONE', *, *, #9733, .T. ) ;
#8273 = DIRECTION ( 'NONE',  ( -0.0000000000000000000, 0.0000000000000000000, 1.000000000000000000 ) ) ;
#8274 = CARTESIAN_POINT ( 'NONE',  ( -0.6291033726784029900, -3.799999999999999800, 0.1250000000000000000 ) ) ;
#8275 = ORIENTED_EDGE ( 'NONE', *, *, #7463, .T. ) ;
#8276 = ORIENTED_EDGE ( 'NONE', *, *, #7927, .T. ) ;
#8277 = CARTESIAN_POINT ( 'NONE',  ( -6.374999999999999100, 13.00000000000000000, 8.049999999999997200 ) ) ;
#8278 = CARTESIAN_POINT ( 'NONE',  ( -0.9999999999999995600, 11.80659966456863300, -4.449999999999999300 ) ) ;
#8279 = ORIENTED_EDGE ( 'NONE', *, *, #9043, .F. ) ;
#8280 = CYLINDRICAL_SURFACE ( 'NONE', #774, 0.2999999999999999900 ) ;
#8281 = ORIENTED_EDGE ( 'NONE', *, *, #2053, .F. ) ;
#8282 = STYLED_ITEM ( 'NONE', ( #2710 ), #4428 ) ;
#8283 = LINE ( 'NONE', #8044, #3540 ) ;
#8284 = ADVANCED_FACE ( 'NONE', ( #2617 ), #1046, .T. ) ;
#8285 = DIRECTION ( 'NONE',  ( -1.000000000000000000, 1.334402673828313600E-016, 0.0000000000000000000 ) ) ;
#8286 = CARTESIAN_POINT ( 'NONE',  ( 1.022794046853241700, -3.480000000000000000, 3.877205953146759800 ) ) ;
#8287 = ORIENTED_EDGE ( 'NONE', *, *, #5034, .F. ) ;
#8288 = ORIENTED_EDGE ( 'NONE', *, *, #6241, .T. ) ;
#8289 = CARTESIAN_POINT ( 'NONE',  ( -7.000000000000005300, 2.149999999999985300, 3.450000000000000600 ) ) ;
#8290 = EDGE_CURVE ( 'NONE', #5954, #1533, #3671, .T. ) ;
#8291 = LINE ( 'NONE', #4588, #6528 ) ;
#8292 = DIRECTION ( 'NONE',  ( 1.000000000000000000, 0.0000000000000000000, 0.0000000000000000000 ) ) ;
#8293 = VECTOR ( 'NONE', #3142, 1000.000000000000100 ) ;
#8294 = CARTESIAN_POINT ( 'NONE',  ( 7.000000000000005300, 4.549999999999986500, 4.749999999999984900 ) ) ;
#8295 = ORIENTED_EDGE ( 'NONE', *, *, #7605, .F. ) ;
#8296 = ADVANCED_FACE ( 'NONE', ( #3425 ), #204, .T. ) ;
#8297 = VERTEX_POINT ( 'NONE', #8312 ) ;
#8298 = CARTESIAN_POINT ( 'NONE',  ( 5.800000000000000700, 0.2500000000000000000, -4.699999999999999300 ) ) ;
#8299 = ORIENTED_EDGE ( 'NONE', *, *, #8316, .F. ) ;
#8300 =( LENGTH_UNIT ( ) NAMED_UNIT ( * ) SI_UNIT ( .MILLI., .METRE. ) );
#8301 = VECTOR ( 'NONE', #4182, 1000.000000000000000 ) ;
#8302 = CARTESIAN_POINT ( 'NONE',  ( 3.750000000000000900, -3.279999999999996300, 6.450000000000000200 ) ) ;
#8303 = EDGE_CURVE ( 'NONE', #3070, #5392, #3899, .T. ) ;
#8304 = ORIENTED_EDGE ( 'NONE', *, *, #7014, .F. ) ;
#8305 = VERTEX_POINT ( 'NONE', #6234 ) ;
#8306 = LINE ( 'NONE', #2304, #7260 ) ;
#8307 = DIRECTION ( 'NONE',  ( 0.0000000000000000000, 1.000000000000000000, 0.0000000000000000000 ) ) ;
#8308 = FACE_OUTER_BOUND ( 'NONE', #8511, .T. ) ;
#8309 = AXIS2_PLACEMENT_3D ( 'NONE', #1184, #7162, #4165 ) ;
#8310 = ADVANCED_FACE ( 'NONE', ( #9366 ), #899, .F. ) ;
#8311 = DIRECTION ( 'NONE',  ( -1.000000000000000000, 0.0000000000000000000, 0.0000000000000000000 ) ) ;
#8312 = CARTESIAN_POINT ( 'NONE',  ( 6.875000000000001800, 2.149999999999987000, 3.375000000000000900 ) ) ;
#8313 = CARTESIAN_POINT ( 'NONE',  ( -6.874999999999998200, -3.799999999999999800, 1.799999999999998700 ) ) ;
#8314 = DIRECTION ( 'NONE',  ( -0.0000000000000000000, -0.0000000000000000000, -1.000000000000000000 ) ) ;
#8315 = VERTEX_POINT ( 'NONE', #8616 ) ;
#8316 = EDGE_CURVE ( 'NONE', #1548, #1788, #9013, .T. ) ;
#8317 = ORIENTED_EDGE ( 'NONE', *, *, #341, .T. ) ;
#8318 = LINE ( 'NONE', #6064, #1232 ) ;
#8319 = LINE ( 'NONE', #4821, #4291 ) ;
#8320 = CIRCLE ( 'NONE', #5553, 0.3999999999999998600 ) ;
#8321 = EDGE_CURVE ( 'NONE', #3824, #6237, #4626, .T. ) ;
#8322 = LINE ( 'NONE', #8603, #4641 ) ;
#8323 = FACE_OUTER_BOUND ( 'NONE', #8190, .T. ) ;
#8324 = CARTESIAN_POINT ( 'NONE',  ( 0.8999999999999999100, 0.8715010882118843200, 0.1250000000000000000 ) ) ;
#8325 = DIRECTION ( 'NONE',  ( 4.727448570154208000E-031, -3.542745126994888700E-015, -1.000000000000000000 ) ) ;
#8326 = AXIS2_PLACEMENT_3D ( 'NONE', #9405, #7831, #4066 ) ;
#8327 = ORIENTED_EDGE ( 'NONE', *, *, #6535, .T. ) ;
#8328 = ORIENTED_EDGE ( 'NONE', *, *, #3454, .T. ) ;
#8329 = AXIS2_PLACEMENT_3D ( 'NONE', #8646, #1185, #1928 ) ;
#8330 = VECTOR ( 'NONE', #6936, 1000.000000000000000 ) ;
#8331 = VERTEX_POINT ( 'NONE', #8576 ) ;
#8332 = FACE_OUTER_BOUND ( 'NONE', #7, .T. ) ;
#8333 = CONICAL_SURFACE ( 'NONE', #5570, 0.3999999999999997400, 0.7853981633974476100 ) ;
#8334 = DIRECTION ( 'NONE',  ( -0.0000000000000000000, 1.000000000000000000, -0.0000000000000000000 ) ) ;
#8335 = CARTESIAN_POINT ( 'NONE',  ( -6.624999999999998200, -3.799999999999999800, 0.5927230188634983200 ) ) ;
#8336 = EDGE_CURVE ( 'NONE', #9298, #2591, #1436, .T. ) ;
#8337 = CARTESIAN_POINT ( 'NONE',  ( -6.999999999999996400, 0.0000000000000000000, -4.699999999999999300 ) ) ;
#8338 = DIRECTION ( 'NONE',  ( 0.0000000000000000000, -1.000000000000000000, 0.0000000000000000000 ) ) ;
#8339 = ADVANCED_FACE ( 'NONE', ( #2859 ), #3260, .F. ) ;
#8340 = ORIENTED_EDGE ( 'NONE', *, *, #6681, .T. ) ;
#8341 = LINE ( 'NONE', #1872, #6337 ) ;
#8342 = SURFACE_STYLE_FILL_AREA ( #6198 ) ;
#8343 = DIRECTION ( 'NONE',  ( 1.334402673828313600E-016, 1.000000000000000000, 2.551063935260010000E-016 ) ) ;
#8344 = ORIENTED_EDGE ( 'NONE', *, *, #8659, .T. ) ;
#8345 = AXIS2_PLACEMENT_3D ( 'NONE', #3500, #8141, #2119 ) ;
#8346 = DIRECTION ( 'NONE',  ( 0.0000000000000000000, -0.0000000000000000000, 1.000000000000000000 ) ) ;
#8347 = DIRECTION ( 'NONE',  ( -1.000000000000000000, 0.0000000000000000000, 0.0000000000000000000 ) ) ;
#8348 = EDGE_LOOP ( 'NONE', ( #5216, #6966, #5613, #5840 ) ) ;
#8349 = DIRECTION ( 'NONE',  ( -0.0000000000000000000, -0.0000000000000000000, -1.000000000000000000 ) ) ;
#8350 = DIRECTION ( 'NONE',  ( 0.0000000000000000000, 0.0000000000000000000, 1.000000000000000000 ) ) ;
#8351 = ORIENTED_EDGE ( 'NONE', *, *, #2158, .F. ) ;
#8352 = VECTOR ( 'NONE', #1757, 1000.000000000000000 ) ;
#8353 = CIRCLE ( 'NONE', #4798, 5.700000000000000200 ) ;
#8354 = DIRECTION ( 'NONE',  ( 1.000000000000000000, 0.0000000000000000000, 0.0000000000000000000 ) ) ;
#8355 = EDGE_CURVE ( 'NONE', #2778, #1756, #8899, .T. ) ;
#8356 = CIRCLE ( 'NONE', #685, 0.02499999999999984900 ) ;
#8357 = ORIENTED_EDGE ( 'NONE', *, *, #9795, .F. ) ;
#8358 = LINE ( 'NONE', #2505, #1976 ) ;
#8359 = DIRECTION ( 'NONE',  ( 0.0000000000000000000, 0.0000000000000000000, -1.000000000000000000 ) ) ;
#8360 = VERTEX_POINT ( 'NONE', #3186 ) ;
#8361 = LINE ( 'NONE', #1245, #6354 ) ;
#8362 = DIRECTION ( 'NONE',  ( 0.05233595624294408400, -0.9986295347545739400, 0.0000000000000000000 ) ) ;
#8363 = VECTOR ( 'NONE', #4141, 1000.000000000000000 ) ;
#8364 = DIRECTION ( 'NONE',  ( -1.000000000000000000, 2.556604186739367600E-028, -8.926335808808728500E-043 ) ) ;
#8365 = LINE ( 'NONE', #688, #8125 ) ;
#8366 = VERTEX_POINT ( 'NONE', #4030 ) ;
#8367 = EDGE_CURVE ( 'NONE', #2415, #120, #3796, .T. ) ;
#8368 = ORIENTED_EDGE ( 'NONE', *, *, #5577, .F. ) ;
#8369 = FACE_OUTER_BOUND ( 'NONE', #3670, .T. ) ;
#8370 = VECTOR ( 'NONE', #6972, 1000.000000000000000 ) ;
#8371 = CARTESIAN_POINT ( 'NONE',  ( -6.874999999999998200, 1.899999999999997200, 7.563298562962308400 ) ) ;
#8372 = CARTESIAN_POINT ( 'NONE',  ( -7.000000000000005300, 1.899999999999988800, 5.199999999999994800 ) ) ;
#8373 = ORIENTED_EDGE ( 'NONE', *, *, #8068, .F. ) ;
#8374 = AXIS2_PLACEMENT_3D ( 'NONE', #1239, #5783, #6524 ) ;
#8375 = CARTESIAN_POINT ( 'NONE',  ( 6.375000000000000900, 12.75000000000000000, 8.040000000000000900 ) ) ;
#8376 = VERTEX_POINT ( 'NONE', #7094 ) ;
#8377 = CARTESIAN_POINT ( 'NONE',  ( -6.874999999999998200, 2.149999999999985300, 3.450000000000000600 ) ) ;
#8378 = EDGE_CURVE ( 'NONE', #6537, #9666, #1789, .T. ) ;
#8379 = PLANE ( 'NONE',  #4021 ) ;
#8380 = DIRECTION ( 'NONE',  ( 1.000000000000000000, 1.262034274850851900E-016, -0.0000000000000000000 ) ) ;
#8381 = CARTESIAN_POINT ( 'NONE',  ( -6.874999999999998200, 0.0000000000000000000, 2.100000000000001000 ) ) ;
#8382 = EDGE_LOOP ( 'NONE', ( #1897, #41, #2391, #4852, #2184 ) ) ;
#8383 = DIRECTION ( 'NONE',  ( -1.000000000000000000, 0.0000000000000000000, -0.0000000000000000000 ) ) ;
#8384 = CARTESIAN_POINT ( 'NONE',  ( 6.424999999999999800, 2.899999999999986600, 6.700000000000000200 ) ) ;
#8385 = ORIENTED_EDGE ( 'NONE', *, *, #9594, .T. ) ;
#8386 = B_SPLINE_CURVE_WITH_KNOTS ( 'NONE', 3,
 ( #5705, #1905, #6485, #1940, #3337, #2633, #2705, #7977, #7878, #8753, #4216, #9521, #4980, #455, #8656, #7906 ),
 .UNSPECIFIED., .F., .F.,
 ( 4, 3, 3, 3, 3, 4 ),
 ( 0.0000000000000000000, 8.392783346297579500E-006, 1.678638188108526100E-005, 2.516987991046713000E-005, 3.355772067439747500E-005, 3.907173398866168500E-005 ),
 .UNSPECIFIED. ) ;
#8387 = CARTESIAN_POINT ( 'NONE',  ( 1.250000000000001600, -3.279999999999996300, 6.450000000000000200 ) ) ;
#8388 = ADVANCED_FACE ( 'NONE', ( #5937 ), #7832, .F. ) ;
#8389 = DIRECTION ( 'NONE',  ( -1.000000000000000000, -0.0000000000000000000, 8.075993836018656900E-017 ) ) ;
#8390 = EDGE_CURVE ( 'NONE', #5988, #684, #9727, .T. ) ;
#8391 = ORIENTED_EDGE ( 'NONE', *, *, #24, .T. ) ;
#8392 = DIRECTION ( 'NONE',  ( 0.0000000000000000000, -0.0000000000000000000, -1.000000000000000000 ) ) ;
#8393 = CARTESIAN_POINT ( 'NONE',  ( -5.800000000000000700, 0.2500000000000000000, -4.699999999999999300 ) ) ;
#8394 = EDGE_CURVE ( 'NONE', #4206, #3164, #5694, .T. ) ;
#8395 = ORIENTED_EDGE ( 'NONE', *, *, #9821, .T. ) ;
#8396 = CARTESIAN_POINT ( 'NONE',  ( 6.375000000000001800, 2.236907039215394500, 2.100000000000001000 ) ) ;
#8397 = ORIENTED_EDGE ( 'NONE', *, *, #691, .F. ) ;
#8398 = CARTESIAN_POINT ( 'NONE',  ( -1.999999999999999100, 8.220000000000000600, -4.199999999999999300 ) ) ;
#8399 = CARTESIAN_POINT ( 'NONE',  ( -6.874999999999998200, 2.149999999999985300, 8.040000000000000900 ) ) ;
#8400 = FACE_OUTER_BOUND ( 'NONE', #4498, .T. ) ;
#8401 = AXIS2_PLACEMENT_3D ( 'NONE', #3462, #4996, #1995 ) ;
#8402 = ORIENTED_EDGE ( 'NONE', *, *, #3422, .F. ) ;
#8403 = VERTEX_POINT ( 'NONE', #343 ) ;
#8404 = ORIENTED_EDGE ( 'NONE', *, *, #6836, .F. ) ;
#8405 = VERTEX_POINT ( 'NONE', #2553 ) ;
#8406 = VECTOR ( 'NONE', #2677, 1000.000000000000000 ) ;
#8407 = EDGE_CURVE ( 'NONE', #3418, #6570, #5927, .T. ) ;
#8408 = FACE_OUTER_BOUND ( 'NONE', #841, .T. ) ;
#8409 = DIRECTION ( 'NONE',  ( -0.8718951381180892700, 0.0000000000000000000, -0.4896926261707828500 ) ) ;
#8410 = EDGE_LOOP ( 'NONE', ( #7636, #7142, #2464, #5433 ) ) ;
#8411 = DIRECTION ( 'NONE',  ( 0.0000000000000000000, 0.0000000000000000000, -1.000000000000000000 ) ) ;
#8412 = AXIS2_PLACEMENT_3D ( 'NONE', #8766, #8095, #4226 ) ;
#8413 = VECTOR ( 'NONE', #8539, 1000.000000000000000 ) ;
#8414 = DIRECTION ( 'NONE',  ( 0.4896926261707814100, -2.877707391897905000E-016, 0.8718951381180901600 ) ) ;
#8415 = CARTESIAN_POINT ( 'NONE',  ( -7.000000000000005300, -9.340818716798201800E-016, 1.799999999999998700 ) ) ;
#8416 = DIRECTION ( 'NONE',  ( 0.0000000000000000000, 0.0000000000000000000, -1.000000000000000000 ) ) ;
#8417 = EDGE_CURVE ( 'NONE', #5934, #7742, #8888, .T. ) ;
#8418 = ORIENTED_EDGE ( 'NONE', *, *, #396, .T. ) ;
#8419 = ORIENTED_EDGE ( 'NONE', *, *, #5317, .T. ) ;
#8420 = CARTESIAN_POINT ( 'NONE',  ( 6.424999999999999800, 3.499999999999987100, 1.950000000000000800 ) ) ;
#8421 = ORIENTED_EDGE ( 'NONE', *, *, #7565, .F. ) ;
#8422 = VECTOR ( 'NONE', #8122, 1000.000000000000000 ) ;
#8423 = STYLED_ITEM ( 'NONE', ( #3017 ), #6381 ) ;
#8424 = DIRECTION ( 'NONE',  ( 2.556604186739367600E-028, -1.000000000000000000, 3.542745126994888700E-015 ) ) ;
#8425 = CARTESIAN_POINT ( 'NONE',  ( 6.424999999999999800, 3.499999999999987100, 3.450000000000000600 ) ) ;
#8426 = CARTESIAN_POINT ( 'NONE',  ( -6.624999999999998200, 3.499999999999985300, 1.950000000000000800 ) ) ;
#8427 = EDGE_LOOP ( 'NONE', ( #8658 ) ) ;
#8428 = EDGE_LOOP ( 'NONE', ( #3853, #8032, #8789, #7958 ) ) ;
#8429 = ADVANCED_FACE ( 'NONE', ( #2608 ), #1926, .F. ) ;
#8430 = EDGE_CURVE ( 'NONE', #7112, #6883, #5567, .T. ) ;
#8431 = LINE ( 'NONE', #2542, #8081 ) ;
#8432 = DIRECTION ( 'NONE',  ( -0.0000000000000000000, 0.0000000000000000000, -1.000000000000000000 ) ) ;
#8433 = EDGE_CURVE ( 'NONE', #3403, #8107, #6887, .T. ) ;
#8434 = VECTOR ( 'NONE', #6957, 1000.000000000000000 ) ;
#8435 = ORIENTED_EDGE ( 'NONE', *, *, #5437, .F. ) ;
#8436 = ORIENTED_EDGE ( 'NONE', *, *, #8135, .T. ) ;
#8437 = AXIS2_PLACEMENT_3D ( 'NONE', #7939, #8756, #4312 ) ;
#8438 = VECTOR ( 'NONE', #7555, 1000.000000000000000 ) ;
#8439 = ORIENTED_EDGE ( 'NONE', *, *, #7873, .F. ) ;
#8440 = CARTESIAN_POINT ( 'NONE',  ( -6.874999999999998200, -2.501847198195503300, -0.01261557407330376000 ) ) ;
#8441 = CARTESIAN_POINT ( 'NONE',  ( -6.749956620210698900, 3.961571629247956100, 5.853728012961529000 ) ) ;
#8442 = DIRECTION ( 'NONE',  ( -1.000000000000000000, 0.0000000000000000000, -0.0000000000000000000 ) ) ;
#8443 = CIRCLE ( 'NONE', #5843, 0.3750000000000055500 ) ;
#8444 = CARTESIAN_POINT ( 'NONE',  ( -1.275528258147577300, -2.481329165221063600, 0.1250000000000000000 ) ) ;
#8445 = CARTESIAN_POINT ( 'NONE',  ( 2.575000000000000200, 4.650000000000000400, -15.58944443027283300 ) ) ;
#8446 = EDGE_CURVE ( 'NONE', #5408, #9330, #10, .T. ) ;
#8447 = CARTESIAN_POINT ( 'NONE',  ( -6.500000000000005300, 1.899999999999998100, 7.800000000000029100 ) ) ;
#8448 = ORIENTED_EDGE ( 'NONE', *, *, #2535, .T. ) ;
#8449 = ORIENTED_EDGE ( 'NONE', *, *, #6786, .F. ) ;
#8450 = COLOUR_RGB ( '',0.7921568627450980000, 0.8196078431372548800, 0.9333333333333333500 ) ;
#8451 = VECTOR ( 'NONE', #932, 1000.000000000000000 ) ;
#8452 = DIRECTION ( 'NONE',  ( -0.0000000000000000000, -0.4226182617406975000, -0.9063077870366509400 ) ) ;
#8453 = PLANE ( 'NONE',  #8768 ) ;
#8454 = AXIS2_PLACEMENT_3D ( 'NONE', #3466, #2027, #8142 ) ;
#8455 = CARTESIAN_POINT ( 'NONE',  ( -6.387810486188191000, 3.949999999999986400, 6.527576843457304700 ) ) ;
#8456 = ORIENTED_EDGE ( 'NONE', *, *, #4364, .T. ) ;
#8457 = VERTEX_POINT ( 'NONE', #8746 ) ;
#8458 = LINE ( 'NONE', #2730, #6466 ) ;
#8459 = LINE ( 'NONE', #1376, #9668 ) ;
#8460 = LINE ( 'NONE', #7615, #6468 ) ;
#8461 = CARTESIAN_POINT ( 'NONE',  ( -2.450000000000000200, 6.200000000000000200, -2.699999999999999300 ) ) ;
#8462 = DIRECTION ( 'NONE',  ( -1.334402673828313600E-016, 1.000000000000000000, 0.0000000000000000000 ) ) ;
#8463 = VERTEX_POINT ( 'NONE', #7262 ) ;
#8464 = VECTOR ( 'NONE', #2618, 1000.000000000000000 ) ;
#8465 = LINE ( 'NONE', #8868, #433 ) ;
#8466 = AXIS2_PLACEMENT_3D ( 'NONE', #2163, #2262, #7453 ) ;
#8467 = LINE ( 'NONE', #8478, #8236 ) ;
#8468 = ORIENTED_EDGE ( 'NONE', *, *, #2429, .T. ) ;
#8469 = VECTOR ( 'NONE', #1814, 1000.000000000000100 ) ;
#8470 = CARTESIAN_POINT ( 'NONE',  ( 0.0000000000000000000, 6.500000000000000000, -0.1250000000000000000 ) ) ;
#8471 = DIRECTION ( 'NONE',  ( -1.000000000000000000, -1.334402673828313600E-016, 0.0000000000000000000 ) ) ;
#8472 = CARTESIAN_POINT ( 'NONE',  ( -6.499999999999997300, 12.99999999999999800, -4.699999999999999300 ) ) ;
#8473 = DIRECTION ( 'NONE',  ( 0.0000000000000000000, 0.3420201433256658300, -0.9396926207859095400 ) ) ;
#8474 = ORIENTED_EDGE ( 'NONE', *, *, #7246, .F. ) ;
#8475 = FACE_OUTER_BOUND ( 'NONE', #5303, .T. ) ;
#8476 = DIRECTION ( 'NONE',  ( -1.000000000000000000, 0.0000000000000000000, -0.0000000000000000000 ) ) ;
#8477 = LINE ( 'NONE', #7164, #4343 ) ;
#8478 = CARTESIAN_POINT ( 'NONE',  ( -7.000000000000005300, 1.899999999999998100, 7.800000000000029100 ) ) ;
#8479 = LINE ( 'NONE', #8848, #5763 ) ;
#8480 = ADVANCED_FACE ( 'NONE', ( #241 ), #4202, .T. ) ;
#8481 = ORIENTED_EDGE ( 'NONE', *, *, #7314, .F. ) ;
#8482 = DIRECTION ( 'NONE',  ( -0.0000000000000000000, -0.0000000000000000000, 1.000000000000000000 ) ) ;
#8483 = CARTESIAN_POINT ( 'NONE',  ( 6.999993872172044700, 3.964084897811677200, 5.852335284611399400 ) ) ;
#8484 = AXIS2_PLACEMENT_3D ( 'NONE', #6750, #5920, #9030 ) ;
#8485 = CARTESIAN_POINT ( 'NONE',  ( -7.000000000000006200, 3.999999999999987100, 5.850000000000000500 ) ) ;
#8486 = ORIENTED_EDGE ( 'NONE', *, *, #7374, .F. ) ;
#8487 = CARTESIAN_POINT ( 'NONE',  ( 6.500000000000024000, 1.899999999999999000, 8.050000000000029100 ) ) ;
#8488 = VECTOR ( 'NONE', #4410, 1000.000000000000000 ) ;
#8489 = EDGE_CURVE ( 'NONE', #1319, #8829, #4726, .T. ) ;
#8490 = ORIENTED_EDGE ( 'NONE', *, *, #6739, .T. ) ;
#8491 = EDGE_CURVE ( 'NONE', #1838, #1002, #6408, .T. ) ;
#8492 = CARTESIAN_POINT ( 'NONE',  ( -6.374999999999999100, 4.999999999999999100, 8.300000000000027400 ) ) ;
#8493 = ADVANCED_FACE ( 'NONE', ( #8048 ), #7963, .F. ) ;
#8494 = CARTESIAN_POINT ( 'NONE',  ( -6.799999999999998900, -3.480000000000000000, 3.877205953146760200 ) ) ;
#8495 = VERTEX_POINT ( 'NONE', #4235 ) ;
#8496 = DIRECTION ( 'NONE',  ( -0.0000000000000000000, 0.0000000000000000000, 1.000000000000000000 ) ) ;
#8497 = AXIS2_PLACEMENT_3D ( 'NONE', #9158, #5398, #733 ) ;
#8498 = ORIENTED_EDGE ( 'NONE', *, *, #1529, .F. ) ;
#8499 = EDGE_CURVE ( 'NONE', #2590, #2590, #1330, .T. ) ;
#8500 = ORIENTED_EDGE ( 'NONE', *, *, #5034, .T. ) ;
#8501 = ADVANCED_FACE ( 'NONE', ( #3889 ), #7130, .T. ) ;
#8502 = PLANE ( 'NONE',  #210 ) ;
#8503 = CARTESIAN_POINT ( 'NONE',  ( 0.0000000000000000000, 6.500000000000000000, 17.08448840921516900 ) ) ;
#8504 = EDGE_LOOP ( 'NONE', ( #9659, #6724, #8402, #6211 ) ) ;
#8505 = CARTESIAN_POINT ( 'NONE',  ( 6.875000000000000900, 4.999999999999997300, 7.800000000000018500 ) ) ;
#8506 = ORIENTED_EDGE ( 'NONE', *, *, #973, .T. ) ;
#8507 = CIRCLE ( 'NONE', #4639, 0.7500000000000041100 ) ;
#8508 = AXIS2_PLACEMENT_3D ( 'NONE', #6079, #7613, #4579 ) ;
#8509 = CARTESIAN_POINT ( 'NONE',  ( 2.449999999999999300, 6.199999999999999300, -4.199999999999999300 ) ) ;
#8510 = VERTEX_POINT ( 'NONE', #9475 ) ;
#8511 = EDGE_LOOP ( 'NONE', ( #6315, #4919, #4612, #6252, #5020 ) ) ;
#8512 = DIRECTION ( 'NONE',  ( -0.0000000000000000000, -0.0000000000000000000, -1.000000000000000000 ) ) ;
#8513 = ORIENTED_EDGE ( 'NONE', *, *, #4942, .T. ) ;
#8514 = CARTESIAN_POINT ( 'NONE',  ( -6.424999999999998000, 3.499999999999987100, 1.950000000000001700 ) ) ;
#8515 = CARTESIAN_POINT ( 'NONE',  ( -6.374999999999999100, 13.00000000000000000, -2.699999999999999300 ) ) ;
#8516 = CARTESIAN_POINT ( 'NONE',  ( 3.750000000000000900, -3.279999999999996300, 6.450000000000000200 ) ) ;
#8517 = FACE_OUTER_BOUND ( 'NONE', #8504, .T. ) ;
#8518 = DIRECTION ( 'NONE',  ( 0.0000000000000000000, 0.0000000000000000000, -1.000000000000000000 ) ) ;
#8519 = EDGE_LOOP ( 'NONE', ( #7380, #9, #6777, #7278 ) ) ;
#8520 = EDGE_CURVE ( 'NONE', #1956, #9611, #3786, .T. ) ;
#8521 = CIRCLE ( 'NONE', #1992, 5.700000000000000200 ) ;
#8522 = CARTESIAN_POINT ( 'NONE',  ( -6.625000000000000900, 2.949999999999987300, 5.850000000000001400 ) ) ;
#8523 = CARTESIAN_POINT ( 'NONE',  ( -3.049999999999998000, -3.279999999999996300, 6.450000000000000200 ) ) ;
#8524 = ORIENTED_EDGE ( 'NONE', *, *, #8184, .T. ) ;
#8525 = CARTESIAN_POINT ( 'NONE',  ( -7.000000832491059200, 2.930634552190391600, 5.850483056373459300 ) ) ;
#8526 = VERTEX_POINT ( 'NONE', #5697 ) ;
#8527 = DIRECTION ( 'NONE',  ( -0.4896926261707817400, -6.134742863175384300E-016, 0.8718951381180899400 ) ) ;
#8528 = VECTOR ( 'NONE', #7377, 1000.000000000000000 ) ;
#8529 = AXIS2_PLACEMENT_3D ( 'NONE', #4224, #4151, #1988 ) ;
#8530 = ADVANCED_FACE ( 'NONE', ( #4381 ), #5666, .T. ) ;
#8531 = CIRCLE ( 'NONE', #137, 2.000000000000000000 ) ;
#8532 = DIRECTION ( 'NONE',  ( -0.0000000000000000000, 1.000000000000000000, 0.0000000000000000000 ) ) ;
#8533 = ORIENTED_EDGE ( 'NONE', *, *, #9339, .F. ) ;
#8534 = EDGE_LOOP ( 'NONE', ( #4413, #5936, #5396, #6706 ) ) ;
#8535 = ORIENTED_EDGE ( 'NONE', *, *, #67, .F. ) ;
#8536 = EDGE_CURVE ( 'NONE', #6345, #3970, #9138, .T. ) ;
#8537 = VECTOR ( 'NONE', #7812, 1000.000000000000000 ) ;
#8538 = DIRECTION ( 'NONE',  ( 0.0000000000000000000, -1.000000000000000000, 0.0000000000000000000 ) ) ;
#8539 = DIRECTION ( 'NONE',  ( 0.0000000000000000000, 0.0000000000000000000, 1.000000000000000000 ) ) ;
#8540 = DIRECTION ( 'NONE',  ( 1.000000000000000000, 0.0000000000000000000, 0.0000000000000000000 ) ) ;
#8541 = DIRECTION ( 'NONE',  ( -0.0000000000000000000, -0.0000000000000000000, -1.000000000000000000 ) ) ;
#8542 = ADVANCED_FACE ( 'NONE', ( #3548 ), #2064, .F. ) ;
#8543 = CARTESIAN_POINT ( 'NONE',  ( -3.749999999999998200, -7.721577310586390300, 6.150000000000000400 ) ) ;
#8544 = AXIS2_PLACEMENT_3D ( 'NONE', #2826, #264, #1073 ) ;
#8545 = EDGE_LOOP ( 'NONE', ( #3274, #2737, #8126, #1762 ) ) ;
#8546 = ORIENTED_EDGE ( 'NONE', *, *, #37, .F. ) ;
#8547 = LINE ( 'NONE', #6243, #6436 ) ;
#8548 = ORIENTED_EDGE ( 'NONE', *, *, #721, .T. ) ;
#8549 = LINE ( 'NONE', #3723, #2156 ) ;
#8550 = CARTESIAN_POINT ( 'NONE',  ( 0.0000000000000000000, -3.500000000000000000, 0.8161559028942522200 ) ) ;
#8551 = MANIFOLD_SOLID_BREP ( 'Fillet7', #6975 ) ;
#8552 = DIRECTION ( 'NONE',  ( 2.556604186739367600E-028, 1.000000000000000000, -3.542745126994888700E-015 ) ) ;
#8553 = EDGE_CURVE ( 'NONE', #5933, #5345, #4020, .T. ) ;
#8554 = CARTESIAN_POINT ( 'NONE',  ( 1.000000000000000400, 11.39897948556635600, -4.050000000000005200 ) ) ;
#8555 = CARTESIAN_POINT ( 'NONE',  ( -6.424999999999997200, 3.999999999999987100, 6.700000000000002000 ) ) ;
#8556 = VERTEX_POINT ( 'NONE', #2828 ) ;
#8557 = VERTEX_POINT ( 'NONE', #1314 ) ;
#8558 = LINE ( 'NONE', #337, #4533 ) ;
#8559 = VECTOR ( 'NONE', #1821, 1000.000000000000000 ) ;
#8560 = VECTOR ( 'NONE', #5790, 1000.000000000000100 ) ;
#8561 = FACE_OUTER_BOUND ( 'NONE', #1517, .T. ) ;
#8562 = VECTOR ( 'NONE', #1297, 1000.000000000000000 ) ;
#8563 = CARTESIAN_POINT ( 'NONE',  ( -6.999993872172045600, 2.935915102188299200, 5.852335284611399400 ) ) ;
#8564 = ORIENTED_EDGE ( 'NONE', *, *, #7055, .T. ) ;
#8565 = ORIENTED_EDGE ( 'NONE', *, *, #3358, .F. ) ;
#8566 = ORIENTED_EDGE ( 'NONE', *, *, #9329, .F. ) ;
#8567 = CARTESIAN_POINT ( 'NONE',  ( -6.624999999999998200, 29.80608689002257700, -2.699999999999997500 ) ) ;
#8568 = VECTOR ( 'NONE', #3045, 1000.000000000000000 ) ;
#8569 = ORIENTED_EDGE ( 'NONE', *, *, #2250, .F. ) ;
#8570 = FACE_OUTER_BOUND ( 'NONE', #4273, .T. ) ;
#8571 = FACE_OUTER_BOUND ( 'NONE', #682, .T. ) ;
#8572 = CARTESIAN_POINT ( 'NONE',  ( -1.649999999999998600, -3.279999999999996300, 6.150000000000000400 ) ) ;
#8573 = AXIS2_PLACEMENT_3D ( 'NONE', #3270, #7108, #3374 ) ;
#8574 = CARTESIAN_POINT ( 'NONE',  ( 6.625000000000000000, 2.899999999999986100, 6.700000000000001100 ) ) ;
#8575 = DIRECTION ( 'NONE',  ( 0.0000000000000000000, 1.000000000000000000, 0.0000000000000000000 ) ) ;
#8576 = CARTESIAN_POINT ( 'NONE',  ( 6.625000000000000900, 3.499999999999987100, 3.450000000000000600 ) ) ;
#8577 = ORIENTED_EDGE ( 'NONE', *, *, #3676, .F. ) ;
#8578 = CARTESIAN_POINT ( 'NONE',  ( 0.9144203275669488000, -3.592705098312484400, 0.1250000000000000000 ) ) ;
#8579 = LINE ( 'NONE', #4868, #8710 ) ;
#8580 = CYLINDRICAL_SURFACE ( 'NONE', #5704, 0.1999999999999996500 ) ;
#8581 = DIRECTION ( 'NONE',  ( 0.0000000000000000000, 0.0000000000000000000, 1.000000000000000000 ) ) ;
#8582 = EDGE_CURVE ( 'NONE', #6027, #2185, #2022, .T. ) ;
#8583 = EDGE_LOOP ( 'NONE', ( #7799, #6176, #4106, #1457 ) ) ;
#8584 = EDGE_CURVE ( 'NONE', #6340, #2347, #358, .T. ) ;
#8585 = DIRECTION ( 'NONE',  ( 0.0000000000000000000, 0.0000000000000000000, 1.000000000000000000 ) ) ;
#8586 = ADVANCED_FACE ( 'NONE', ( #6772, #1084 ), #3296, .F. ) ;
#8587 = VERTEX_POINT ( 'NONE', #7344 ) ;
#8588 = CARTESIAN_POINT ( 'NONE',  ( -1.022794046853239700, -3.480000000000000000, 6.377205953146758900 ) ) ;
#8589 = ORIENTED_EDGE ( 'NONE', *, *, #3377, .F. ) ;
#8590 = FACE_OUTER_BOUND ( 'NONE', #9188, .T. ) ;
#8591 = DIRECTION ( 'NONE',  ( 0.0000000000000000000, 1.000000000000000000, 0.0000000000000000000 ) ) ;
#8592 = ORIENTED_EDGE ( 'NONE', *, *, #7901, .T. ) ;
#8593 = AXIS2_PLACEMENT_3D ( 'NONE', #8387, #3842, #4671 ) ;
#8594 = VECTOR ( 'NONE', #1483, 1000.000000000000000 ) ;
#8595 = ADVANCED_FACE ( 'NONE', ( #2738 ), #4339, .T. ) ;
#8596 = ORIENTED_EDGE ( 'NONE', *, *, #4112, .F. ) ;
#8597 = CIRCLE ( 'NONE', #553, 5.700000000000000200 ) ;
#8598 = DIRECTION ( 'NONE',  ( -1.000000000000000000, 0.0000000000000000000, 0.0000000000000000000 ) ) ;
#8599 = CARTESIAN_POINT ( 'NONE',  ( 6.749449544987847100, 2.946179886716421900, 5.861717967072808100 ) ) ;
#8600 = VECTOR ( 'NONE', #480, 1000.000000000000000 ) ;
#8601 = VECTOR ( 'NONE', #4459, 1000.000000000000000 ) ;
#8602 = EDGE_CURVE ( 'NONE', #5746, #2122, #9613, .T. ) ;
#8603 = CARTESIAN_POINT ( 'NONE',  ( 6.374999999999999100, 4.999999999999999100, 8.300000000000027400 ) ) ;
#8604 = VERTEX_POINT ( 'NONE', #473 ) ;
#8605 = VECTOR ( 'NONE', #5535, 1000.000000000000000 ) ;
#8606 = ORIENTED_EDGE ( 'NONE', *, *, #5294, .T. ) ;
#8607 = VECTOR ( 'NONE', #522, 1000.000000000000000 ) ;
#8608 = CARTESIAN_POINT ( 'NONE',  ( -1.075000000000000000, 0.9022884140034498300, 0.1250000000000001100 ) ) ;
#8609 = AXIS2_PLACEMENT_3D ( 'NONE', #2623, #7899, #7228 ) ;
#8610 = LINE ( 'NONE', #6765, #327 ) ;
#8611 = CARTESIAN_POINT ( 'NONE',  ( 2.575000000000000200, 4.650000000000000400, 0.1250000000000000000 ) ) ;
#8612 = DIRECTION ( 'NONE',  ( 0.0000000000000000000, -1.000000000000000000, 0.0000000000000000000 ) ) ;
#8613 = DIRECTION ( 'NONE',  ( 0.0000000000000000000, 0.0000000000000000000, 1.000000000000000000 ) ) ;
#8614 = VECTOR ( 'NONE', #446, 1000.000000000000100 ) ;
#8615 = DIRECTION ( 'NONE',  ( 0.0000000000000000000, -9.637352644315596700E-016, 1.000000000000000000 ) ) ;
#8616 = CARTESIAN_POINT ( 'NONE',  ( -0.9499999999999986200, 0.0000000000000000000, 6.450000000000000200 ) ) ;
#8617 = EDGE_CURVE ( 'NONE', #6645, #8770, #4618, .T. ) ;
#8618 = ORIENTED_EDGE ( 'NONE', *, *, #7009, .T. ) ;
#8619 = LINE ( 'NONE', #5650, #98 ) ;
#8620 = EDGE_LOOP ( 'NONE', ( #2264, #7575, #3242, #875 ) ) ;
#8621 = CARTESIAN_POINT ( 'NONE',  ( 3.750000000000000900, -3.279999999999996300, 6.150000000000000400 ) ) ;
#8622 = CARTESIAN_POINT ( 'NONE',  ( 6.875000000000001800, -1.656610674714112100, 1.799999999999998700 ) ) ;
#8623 = DIRECTION ( 'NONE',  ( -8.075993836018658100E-017, 0.0000000000000000000, -1.000000000000000000 ) ) ;
#8624 = ORIENTED_EDGE ( 'NONE', *, *, #3832, .T. ) ;
#8625 = DIRECTION ( 'NONE',  ( 0.0000000000000000000, 0.0000000000000000000, -1.000000000000000000 ) ) ;
#8626 = EDGE_CURVE ( 'NONE', #420, #4161, #6650, .T. ) ;
#8627 = VERTEX_POINT ( 'NONE', #2758 ) ;
#8628 = EDGE_CURVE ( 'NONE', #858, #8315, #8651, .T. ) ;
#8629 = PLANE ( 'NONE',  #4669 ) ;
#8630 = ORIENTED_EDGE ( 'NONE', *, *, #4946, .T. ) ;
#8631 = CARTESIAN_POINT ( 'NONE',  ( 0.6227940468532424700, -3.480000000000000000, 6.222794046853240800 ) ) ;
#8632 = CARTESIAN_POINT ( 'NONE',  ( -0.9499999999999986200, -7.721577310586390300, 6.450000000000000200 ) ) ;
#8633 = CIRCLE ( 'NONE', #4966, 0.4999999999999995600 ) ;
#8634 = ADVANCED_FACE ( 'NONE', ( #2132 ), #8031, .F. ) ;
#8635 = VERTEX_POINT ( 'NONE', #7321 ) ;
#8636 = CARTESIAN_POINT ( 'NONE',  ( 6.875000000000001800, 1.049999999999999800, 6.550308009257218300 ) ) ;
#8637 = PRESENTATION_LAYER_ASSIGNMENT (  '', '', ( #14 ) ) ;
#8638 = ORIENTED_EDGE ( 'NONE', *, *, #8316, .T. ) ;
#8639 = EDGE_LOOP ( 'NONE', ( #7830, #382, #9608, #3843 ) ) ;
#8640 = PLANE ( 'NONE',  #7895 ) ;
#8641 = LINE ( 'NONE', #110, #2482 ) ;
#8642 = EDGE_CURVE ( 'NONE', #6991, #2447, #713, .T. ) ;
#8643 = ORIENTED_EDGE ( 'NONE', *, *, #4451, .F. ) ;
#8644 = DIRECTION ( 'NONE',  ( 0.0000000000000000000, 1.000000000000000000, 8.673617379884035500E-016 ) ) ;
#8645 = CARTESIAN_POINT ( 'NONE',  ( 0.0000000000000000000, -3.626785478522209300, 0.5119517609947514800 ) ) ;
#8646 = CARTESIAN_POINT ( 'NONE',  ( 6.500000000000005300, 1.899999999999998100, 7.800000000000029100 ) ) ;
#8647 = CARTESIAN_POINT ( 'NONE',  ( -6.874999999999998200, 1.349695404316982600, 6.907471084035964100 ) ) ;
#8648 = ADVANCED_FACE ( 'NONE', ( #122 ), #2397, .F. ) ;
#8649 = ORIENTED_EDGE ( 'NONE', *, *, #7824, .T. ) ;
#8650 = EDGE_LOOP ( 'NONE', ( #722 ) ) ;
#8651 = LINE ( 'NONE', #5764, #6162 ) ;
#8652 = B_SPLINE_CURVE_WITH_KNOTS ( 'NONE', 3,
 ( #907, #9225, #4675, #3166, #8483, #3943, #2112, #2172, #4488, #711, #3589, #4389, #9031, #9697, #2963, #3654 ),
 .UNSPECIFIED., .F., .F.,
 ( 4, 3, 3, 3, 3, 4 ),
 ( 0.0000000000000000000, 8.393951437960613600E-006, 1.678798147087483800E-005, 2.518042205449127000E-005, 3.356619145068177500E-005, 3.907151856569770600E-005 ),
 .UNSPECIFIED. ) ;
#8653 = LINE ( 'NONE', #911, #8293 ) ;
#8654 = DIRECTION ( 'NONE',  ( 1.000000000000000000, 1.334402673828313600E-016, 2.736911063134408300E-048 ) ) ;
#8655 = CARTESIAN_POINT ( 'NONE',  ( 6.375000000000001800, 2.236907039215394500, 2.100000000000001000 ) ) ;
#8656 = CARTESIAN_POINT ( 'NONE',  ( 7.000000000000174100, 2.926852890583813100, 5.849999999999872600 ) ) ;
#8657 = DIRECTION ( 'NONE',  ( 0.0000000000000000000, -0.0000000000000000000, 1.000000000000000000 ) ) ;
#8658 = ORIENTED_EDGE ( 'NONE', *, *, #5782, .F. ) ;
#8659 = EDGE_CURVE ( 'NONE', #1142, #3767, #8291, .T. ) ;
#8660 = EDGE_LOOP ( 'NONE', ( #1787, #4109, #3268, #5157 ) ) ;
#8661 = VECTOR ( 'NONE', #1411, 1000.000000000000000 ) ;
#8662 = DIRECTION ( 'NONE',  ( 0.0000000000000000000, 0.0000000000000000000, 1.000000000000000000 ) ) ;
#8663 = CARTESIAN_POINT ( 'NONE',  ( 3.750000000000000900, -7.721577310586390300, 6.450000000000000200 ) ) ;
#8664 = CARTESIAN_POINT ( 'NONE',  ( 6.749992066813588200, 2.933272268794181700, 5.851408273293448500 ) ) ;
#8665 = DIRECTION ( 'NONE',  ( 0.0000000000000000000, 0.0000000000000000000, 1.000000000000000000 ) ) ;
#8666 = EDGE_LOOP ( 'NONE', ( #9127, #2507, #5564, #307 ) ) ;
#8667 = PLANE ( 'NONE',  #2652 ) ;
#8668 = ORIENTED_EDGE ( 'NONE', *, *, #5248, .F. ) ;
#8669 = VERTEX_POINT ( 'NONE', #1550 ) ;
#8670 = LINE ( 'NONE', #1327, #8422 ) ;
#8671 = EDGE_CURVE ( 'NONE', #9732, #1533, #2490, .T. ) ;
#8672 = EDGE_LOOP ( 'NONE', ( #4249, #449, #1326, #9192 ) ) ;
#8673 = EDGE_LOOP ( 'NONE', ( #9357, #2079, #2704, #9707 ) ) ;
#8674 = CARTESIAN_POINT ( 'NONE',  ( -7.000000000000005300, 4.999999999999986700, 4.749999999999983100 ) ) ;
#8675 = VERTEX_POINT ( 'NONE', #2271 ) ;
#8676 = DIRECTION ( 'NONE',  ( 0.0000000000000000000, 0.0000000000000000000, 1.000000000000000000 ) ) ;
#8677 = CARTESIAN_POINT ( 'NONE',  ( 1.250000000000001600, -3.279999999999996300, 6.450000000000000200 ) ) ;
#8678 = DIRECTION ( 'NONE',  ( 1.000000000000000000, 0.0000000000000000000, -0.0000000000000000000 ) ) ;
#8679 = LINE ( 'NONE', #195, #6674 ) ;
#8680 = DIRECTION ( 'NONE',  ( -0.0000000000000000000, -0.0000000000000000000, -1.000000000000000000 ) ) ;
#8681 = LINE ( 'NONE', #8523, #2643 ) ;
#8682 = MANIFOLD_SOLID_BREP ( 'Mirror2', #364 ) ;
#8683 = ORIENTED_EDGE ( 'NONE', *, *, #7551, .F. ) ;
#8684 = DIRECTION ( 'NONE',  ( -1.000000000000000000, 0.0000000000000000000, -0.0000000000000000000 ) ) ;
#8685 = ORIENTED_EDGE ( 'NONE', *, *, #9452, .F. ) ;
#8686 = ADVANCED_FACE ( 'NONE', ( #5696 ), #28, .T. ) ;
#8687 = VERTEX_POINT ( 'NONE', #2369 ) ;
#8688 = VECTOR ( 'NONE', #7482, 1000.000000000000000 ) ;
#8689 = VERTEX_POINT ( 'NONE', #3032 ) ;
#8690 = CARTESIAN_POINT ( 'NONE',  ( -3.049999999999998000, -3.279999999999996300, 3.950000000000001100 ) ) ;
#8691 = DIRECTION ( 'NONE',  ( -1.000000000000000000, 0.0000000000000000000, 0.0000000000000000000 ) ) ;
#8692 = COLOUR_RGB ( '',0.7921568627450980000, 0.8196078431372548800, 0.9333333333333333500 ) ;
#8693 = DIRECTION ( 'NONE',  ( 0.0000000000000000000, 0.0000000000000000000, -1.000000000000000000 ) ) ;
#8694 = EDGE_CURVE ( 'NONE', #2243, #3201, #229, .T. ) ;
#8695 = PLANE ( 'NONE',  #9482 ) ;
#8696 = DIRECTION ( 'NONE',  ( 0.0000000000000000000, 0.0000000000000000000, -1.000000000000000000 ) ) ;
#8697 = DIRECTION ( 'NONE',  ( 1.000000000000000000, 0.0000000000000000000, 0.0000000000000000000 ) ) ;
#8698 = VERTEX_POINT ( 'NONE', #5407 ) ;
#8699 = EDGE_LOOP ( 'NONE', ( #5985, #9197, #2900, #4193 ) ) ;
#8700 = AXIS2_PLACEMENT_3D ( 'NONE', #6789, #2344, #8292 ) ;
#8701 = CIRCLE ( 'NONE', #3078, 5.700000000000000200 ) ;
#8702 = CIRCLE ( 'NONE', #8063, 0.4999999999999995600 ) ;
#8703 = CARTESIAN_POINT ( 'NONE',  ( -6.742652905300590600, -0.001497648141261299400, 8.040000000000000900 ) ) ;
#8704 = ADVANCED_FACE ( 'NONE', ( #9720 ), #5801, .F. ) ;
#8705 = LINE ( 'NONE', #8950, #2658 ) ;
#8706 = DIRECTION ( 'NONE',  ( 0.0000000000000000000, 0.0000000000000000000, 1.000000000000000000 ) ) ;
#8707 = EDGE_CURVE ( 'NONE', #8139, #7941, #3177, .T. ) ;
#8708 = ORIENTED_EDGE ( 'NONE', *, *, #571, .F. ) ;
#8709 = ORIENTED_EDGE ( 'NONE', *, *, #8774, .F. ) ;
#8710 = VECTOR ( 'NONE', #6311, 1000.000000000000000 ) ;
#8711 = LINE ( 'NONE', #9828, #8223 ) ;
#8712 = FACE_OUTER_BOUND ( 'NONE', #6213, .T. ) ;
#8713 = DIRECTION ( 'NONE',  ( 0.0000000000000000000, 1.000000000000000000, 0.0000000000000000000 ) ) ;
#8714 = ORIENTED_EDGE ( 'NONE', *, *, #707, .T. ) ;
#8715 = CARTESIAN_POINT ( 'NONE',  ( -6.374999999999980500, 4.999999999999999100, 8.050000000000027400 ) ) ;
#8716 = AXIS2_PLACEMENT_3D ( 'NONE', #4377, #9689, #2161 ) ;
#8717 = CARTESIAN_POINT ( 'NONE',  ( -1.074999999999996400, 0.9022884140034498300, 17.08448840921516900 ) ) ;
#8718 = CARTESIAN_POINT ( 'NONE',  ( -6.747474487139165000, 3.949999999999987300, 5.875000000000000000 ) ) ;
#8719 = CARTESIAN_POINT ( 'NONE',  ( 6.875000000000000900, 4.549999999999988300, 5.199999999999985100 ) ) ;
#8720 = ORIENTED_EDGE ( 'NONE', *, *, #3822, .F. ) ;
#8721 = EDGE_CURVE ( 'NONE', #2398, #5177, #1664, .T. ) ;
#8722 = FACE_OUTER_BOUND ( 'NONE', #457, .T. ) ;
#8723 = VECTOR ( 'NONE', #7498, 1000.000000000000000 ) ;
#8724 = EDGE_CURVE ( 'NONE', #9561, #2525, #1912, .T. ) ;
#8725 = VECTOR ( 'NONE', #2426, 1000.000000000000000 ) ;
#8726 = EDGE_LOOP ( 'NONE', ( #9399 ) ) ;
#8727 = VECTOR ( 'NONE', #3753, 1000.000000000000000 ) ;
#8728 = DIRECTION ( 'NONE',  ( 0.9986295347545739400, -0.05233595624294382100, 0.0000000000000000000 ) ) ;
#8729 = DIRECTION ( 'NONE',  ( 0.0000000000000000000, -1.000000000000000000, 0.0000000000000000000 ) ) ;
#8730 = DIRECTION ( 'NONE',  ( -1.000000000000000000, 0.0000000000000000000, 1.296989514749014200E-016 ) ) ;
#8731 = EDGE_LOOP ( 'NONE', ( #7893, #3627, #4784, #3834 ) ) ;
#8732 = FILL_AREA_STYLE ('',( #1293 ) ) ;
#8733 = LINE ( 'NONE', #5631, #5647 ) ;
#8734 = CARTESIAN_POINT ( 'NONE',  ( -1.649999999999997900, -7.721577310586390300, 3.950000000000001100 ) ) ;
#8735 = CYLINDRICAL_SURFACE ( 'NONE', #662, 2.000000000000000000 ) ;
#8736 = CARTESIAN_POINT ( 'NONE',  ( -6.999882224707912200, 3.955466192834287100, 5.859397744407698600 ) ) ;
#8737 = VERTEX_POINT ( 'NONE', #6952 ) ;
#8738 = CARTESIAN_POINT ( 'NONE',  ( -6.750000000000006200, 3.974999999999988100, 5.850000000000001400 ) ) ;
#8739 = CARTESIAN_POINT ( 'NONE',  ( 6.625000000000000000, 0.0000000000000000000, -2.699999999999999300 ) ) ;
#8740 = ORIENTED_EDGE ( 'NONE', *, *, #5628, .T. ) ;
#8741 = ADVANCED_FACE ( 'NONE', ( #8517 ), #6520, .F. ) ;
#8742 = ORIENTED_EDGE ( 'NONE', *, *, #721, .F. ) ;
#8743 = AXIS2_PLACEMENT_3D ( 'NONE', #5660, #5629, #4101 ) ;
#8744 = DIRECTION ( 'NONE',  ( 0.0000000000000000000, 1.000000000000000000, 0.0000000000000000000 ) ) ;
#8745 = CARTESIAN_POINT ( 'NONE',  ( -6.749449544987847100, 3.953820113283554000, 5.861717967072808100 ) ) ;
#8746 = CARTESIAN_POINT ( 'NONE',  ( 1.000000000000000400, 12.11159513863927900, -4.449999999999999300 ) ) ;
#8747 = ADVANCED_FACE ( 'NONE', ( #3430 ), #4555, .T. ) ;
#8748 = DIRECTION ( 'NONE',  ( -1.000000000000000000, 0.0000000000000000000, 0.0000000000000000000 ) ) ;
#8749 = EDGE_CURVE ( 'NONE', #8810, #7512, #959, .T. ) ;
#8750 = VERTEX_POINT ( 'NONE', #6636 ) ;
#8751 = CARTESIAN_POINT ( 'NONE',  ( -6.750000610143271900, 2.928917565803818200, 5.850231802944007200 ) ) ;
#8752 = AXIS2_PLACEMENT_3D ( 'NONE', #4171, #3399, #9478 ) ;
#8753 = CARTESIAN_POINT ( 'NONE',  ( 6.999980568156368900, 2.938277907812102600, 5.853817526913816800 ) ) ;
#8754 = ORIENTED_EDGE ( 'NONE', *, *, #1351, .T. ) ;
#8755 = DIRECTION ( 'NONE',  ( 0.0000000000000000000, -1.000000000000000000, 3.491481338843134100E-015 ) ) ;
#8756 = DIRECTION ( 'NONE',  ( -1.000000000000000000, -0.0000000000000000000, 0.0000000000000000000 ) ) ;
#8757 = CARTESIAN_POINT ( 'NONE',  ( 3.750000000000000900, -3.279999999999996300, 6.450000000000000200 ) ) ;
#8758 = VERTEX_POINT ( 'NONE', #3139 ) ;
#8759 = LINE ( 'NONE', #6998, #7222 ) ;
#8760 = VERTEX_POINT ( 'NONE', #8012 ) ;
#8761 = EDGE_CURVE ( 'NONE', #1955, #8816, #2480, .T. ) ;
#8762 = ORIENTED_EDGE ( 'NONE', *, *, #1673, .T. ) ;
#8763 = CARTESIAN_POINT ( 'NONE',  ( -6.999985522606218400, 2.938431925969807100, 5.853730032808163000 ) ) ;
#8764 = VERTEX_POINT ( 'NONE', #7167 ) ;
#8765 = CARTESIAN_POINT ( 'NONE',  ( -6.624999999999999100, 12.49999999999999300, 8.040000000000000900 ) ) ;
#8766 = CARTESIAN_POINT ( 'NONE',  ( 1.279868970028286400, -1.599999999999999900, -0.1250000000000000000 ) ) ;
#8767 = LINE ( 'NONE', #9778, #2251 ) ;
#8768 = AXIS2_PLACEMENT_3D ( 'NONE', #4012, #4042, #5646 ) ;
#8769 = ORIENTED_EDGE ( 'NONE', *, *, #1271, .T. ) ;
#8770 = VERTEX_POINT ( 'NONE', #8818 ) ;
#8771 =( LENGTH_UNIT ( ) NAMED_UNIT ( * ) SI_UNIT ( .MILLI., .METRE. ) );
#8772 = CARTESIAN_POINT ( 'NONE',  ( -6.624999999999999100, 12.49999999999999300, 8.040000000000000900 ) ) ;
#8773 = DIRECTION ( 'NONE',  ( -0.0000000000000000000, -0.0000000000000000000, 1.000000000000000000 ) ) ;
#8774 = EDGE_CURVE ( 'NONE', #9800, #2337, #7245, .T. ) ;
#8775 = LINE ( 'NONE', #2499, #824 ) ;
#8776 = CARTESIAN_POINT ( 'NONE',  ( -0.05000000000000023900, 6.199999999999999300, -3.849999999999993900 ) ) ;
#8777 = DIRECTION ( 'NONE',  ( 1.000000000000000000, -0.0000000000000000000, -0.0000000000000000000 ) ) ;
#8778 = PLANE ( 'NONE',  #5288 ) ;
#8779 = CARTESIAN_POINT ( 'NONE',  ( 2.000000000000000000, 8.220000000000000600, -3.849999999999993900 ) ) ;
#8780 = VERTEX_POINT ( 'NONE', #1584 ) ;
#8781 = ORIENTED_EDGE ( 'NONE', *, *, #9628, .T. ) ;
#8782 = ORIENTED_EDGE ( 'NONE', *, *, #216, .T. ) ;
#8783 = DIRECTION ( 'NONE',  ( 0.9996101150403545700, 0.02792163872356207700, -0.0000000000000000000 ) ) ;
#8784 = FACE_OUTER_BOUND ( 'NONE', #6630, .T. ) ;
#8785 = DIRECTION ( 'NONE',  ( -1.334402673828313600E-016, 1.000000000000000000, 0.0000000000000000000 ) ) ;
#8786 = CARTESIAN_POINT ( 'NONE',  ( -6.799999999999998900, 0.0000000000000000000, 0.0000000000000000000 ) ) ;
#8787 = CARTESIAN_POINT ( 'NONE',  ( 1.000000000000000400, 11.80659966456863300, -4.449999999999999300 ) ) ;
#8788 = DIRECTION ( 'NONE',  ( 0.0000000000000000000, 0.6427876096865348100, 0.7660444431189817900 ) ) ;
#8789 = ORIENTED_EDGE ( 'NONE', *, *, #6960, .T. ) ;
#8790 = ORIENTED_EDGE ( 'NONE', *, *, #400, .T. ) ;
#8791 = LINE ( 'NONE', #175, #6790 ) ;
#8792 = DIRECTION ( 'NONE',  ( 0.0000000000000000000, 1.000000000000000000, 0.0000000000000000000 ) ) ;
#8793 = LINE ( 'NONE', #8555, #3565 ) ;
#8794 = ADVANCED_FACE ( 'NONE', ( #1214 ), #5183, .F. ) ;
#8795 = LINE ( 'NONE', #254, #4747 ) ;
#8796 = CARTESIAN_POINT ( 'NONE',  ( -6.999399171986040900, 2.949793019012109800, 5.871295940004581700 ) ) ;
#8797 = PLANE ( 'NONE',  #5053 ) ;
#8798 = AXIS2_PLACEMENT_3D ( 'NONE', #8522, #1651, #2401 ) ;
#8799 = ORIENTED_EDGE ( 'NONE', *, *, #8446, .T. ) ;
#8800 = EDGE_LOOP ( 'NONE', ( #7349, #9725, #6065, #1767, #436, #152, #1870 ) ) ;
#8801 = DIRECTION ( 'NONE',  ( 0.0000000000000000000, 0.0000000000000000000, 1.000000000000000000 ) ) ;
#8802 = LINE ( 'NONE', #6941, #9634 ) ;
#8803 = VERTEX_POINT ( 'NONE', #9694 ) ;
#8804 = FACE_OUTER_BOUND ( 'NONE', #565, .T. ) ;
#8805 = VECTOR ( 'NONE', #3619, 1000.000000000000000 ) ;
#8806 = EDGE_CURVE ( 'NONE', #7384, #8925, #5686, .T. ) ;
#8807 = DIRECTION ( 'NONE',  ( -0.4385323276481791200, -0.8987154152497163200, 0.0000000000000000000 ) ) ;
#8808 = PLANE ( 'NONE',  #9236 ) ;
#8809 = CARTESIAN_POINT ( 'NONE',  ( -0.9499999999999986200, -3.279999999999996300, 6.450000000000000200 ) ) ;
#8810 = VERTEX_POINT ( 'NONE', #9664 ) ;
#8811 = DIRECTION ( 'NONE',  ( -1.000000000000000000, -1.334402673828313600E-016, 0.0000000000000000000 ) ) ;
#8812 = VERTEX_POINT ( 'NONE', #582 ) ;
#8813 = LINE ( 'NONE', #5961, #3108 ) ;
#8814 = PLANE ( 'NONE',  #9814 ) ;
#8815 = LINE ( 'NONE', #4634, #8568 ) ;
#8816 = VERTEX_POINT ( 'NONE', #2933 ) ;
#8817 = FACE_OUTER_BOUND ( 'NONE', #9246, .T. ) ;
#8818 = CARTESIAN_POINT ( 'NONE',  ( 1.650000000000000800, 0.0000000000000000000, 3.950000000000000200 ) ) ;
#8819 = EDGE_CURVE ( 'NONE', #6102, #9609, #6994, .T. ) ;
#8820 = ORIENTED_EDGE ( 'NONE', *, *, #7631, .T. ) ;
#8821 = CARTESIAN_POINT ( 'NONE',  ( 6.625000000000001800, 2.280286487743898400, 8.016506350946142900 ) ) ;
#8822 = CYLINDRICAL_SURFACE ( 'NONE', #833, 0.2999999999999999300 ) ;
#8823 = EDGE_CURVE ( 'NONE', #228, #8360, #3662, .T. ) ;
#8824 = SURFACE_SIDE_STYLE ('',( #3939 ) ) ;
#8825 = PRODUCT_DEFINITION_CONTEXT ( 'detailed design', #6797, 'design' ) ;
#8826 = CARTESIAN_POINT ( 'NONE',  ( 1.279868970028286400, -1.599999999999999900, 0.1250000000000000000 ) ) ;
#8827 = CARTESIAN_POINT ( 'NONE',  ( -6.500000000000005300, 4.549999999999988300, 5.199999999999985100 ) ) ;
#8828 = DIRECTION ( 'NONE',  ( 1.000000000000000000, 1.334402673828313600E-016, -0.0000000000000000000 ) ) ;
#8829 = VERTEX_POINT ( 'NONE', #6685 ) ;
#8830 = ORIENTED_EDGE ( 'NONE', *, *, #7009, .F. ) ;
#8831 = DIRECTION ( 'NONE',  ( 6.944458934088596600E-032, -5.204170427930424200E-016, 1.000000000000000000 ) ) ;
#8832 = LINE ( 'NONE', #3864, #772 ) ;
#8833 = FACE_OUTER_BOUND ( 'NONE', #7606, .T. ) ;
#8834 = EDGE_CURVE ( 'NONE', #7122, #8780, #4013, .T. ) ;
#8835 = CARTESIAN_POINT ( 'NONE',  ( -6.624999999999998200, 2.149999999999985300, 1.950000000000000600 ) ) ;
#8836 = ORIENTED_EDGE ( 'NONE', *, *, #7348, .F. ) ;
#8837 = EDGE_CURVE ( 'NONE', #1287, #290, #9730, .T. ) ;
#8838 = CYLINDRICAL_SURFACE ( 'NONE', #6185, 2.000000000000000000 ) ;
#8839 = VERTEX_POINT ( 'NONE', #6653 ) ;
#8840 = VECTOR ( 'NONE', #7332, 1000.000000000000000 ) ;
#8841 = FACE_OUTER_BOUND ( 'NONE', #502, .T. ) ;
#8842 = AXIS2_PLACEMENT_3D ( 'NONE', #4604, #768, #5397 ) ;
#8843 = DIRECTION ( 'NONE',  ( -0.0000000000000000000, 1.000000000000000000, -0.0000000000000000000 ) ) ;
#8844 = DIRECTION ( 'NONE',  ( 0.0000000000000000000, -1.000000000000000000, 0.0000000000000000000 ) ) ;
#8845 = CARTESIAN_POINT ( 'NONE',  ( 1.650000000000000800, 0.0000000000000000000, 3.950000000000000200 ) ) ;
#8846 = ORIENTED_EDGE ( 'NONE', *, *, #2235, .T. ) ;
#8847 = PLANE ( 'NONE',  #349 ) ;
#8848 = CARTESIAN_POINT ( 'NONE',  ( 6.750000000000006200, 3.949999999999987300, 5.850000000000001400 ) ) ;
#8849 = AXIS2_PLACEMENT_3D ( 'NONE', #7484, #673, #8961 ) ;
#8850 = ADVANCED_FACE ( 'NONE', ( #7697 ), #8280, .T. ) ;
#8851 = DIRECTION ( 'NONE',  ( 1.334402673828313600E-016, -1.000000000000000000, 0.0000000000000000000 ) ) ;
#8852 = EDGE_LOOP ( 'NONE', ( #4511, #2207, #752, #7150 ) ) ;
#8853 = LINE ( 'NONE', #578, #5058 ) ;
#8854 = EDGE_CURVE ( 'NONE', #9169, #4613, #6280, .T. ) ;
#8855 = CIRCLE ( 'NONE', #154, 0.2500000000000002200 ) ;
#8856 = CARTESIAN_POINT ( 'NONE',  ( 0.5500000000000014900, 0.0000000000000000000, 6.150000000000000400 ) ) ;
#8857 = CARTESIAN_POINT ( 'NONE',  ( -6.624999999999998200, 1.049999999999997800, 1.799999999999998700 ) ) ;
#8858 = CARTESIAN_POINT ( 'NONE',  ( -6.374999999999998200, 12.75000000000000200, -2.699999999999997500 ) ) ;
#8859 = ORIENTED_EDGE ( 'NONE', *, *, #1331, .T. ) ;
#8860 = AXIS2_PLACEMENT_3D ( 'NONE', #1309, #2091, #5037 ) ;
#8861 = ORIENTED_EDGE ( 'NONE', *, *, #6453, .T. ) ;
#8862 = DIRECTION ( 'NONE',  ( 0.0000000000000000000, -1.000000000000000000, 0.0000000000000000000 ) ) ;
#8863 = MANIFOLD_SOLID_BREP ( 'Sketch-Pattern1[8]', #3925 ) ;
#8864 = EDGE_CURVE ( 'NONE', #3831, #8198, #5208, .T. ) ;
#8865 = EDGE_LOOP ( 'NONE', ( #777, #2636, #2425, #8340 ) ) ;
#8866 = DIRECTION ( 'NONE',  ( 1.000000000000000000, 0.0000000000000000000, 0.0000000000000000000 ) ) ;
#8867 = EDGE_LOOP ( 'NONE', ( #3640, #3063, #5655, #5430 ) ) ;
#8868 = CARTESIAN_POINT ( 'NONE',  ( 7.000000000000005300, 4.999999999999986700, 4.749999999999983100 ) ) ;
#8869 = ORIENTED_EDGE ( 'NONE', *, *, #6860, .T. ) ;
#8870 = LINE ( 'NONE', #5129, #806 ) ;
#8871 = CARTESIAN_POINT ( 'NONE',  ( 1.000000000000000400, 9.500000000000000000, 4.485059523282288300 ) ) ;
#8872 = EDGE_LOOP ( 'NONE', ( #2751 ) ) ;
#8873 = DIRECTION ( 'NONE',  ( 1.334402673828313600E-016, -1.000000000000000000, -2.551063935260010000E-016 ) ) ;
#8874 = CARTESIAN_POINT ( 'NONE',  ( -6.424999999999998000, 2.149999999999987000, 1.950000000000001700 ) ) ;
#8875 = DIRECTION ( 'NONE',  ( -1.000000000000000000, 0.0000000000000000000, 0.0000000000000000000 ) ) ;
#8876 = CARTESIAN_POINT ( 'NONE',  ( 6.424999999999999800, 3.999999999999987100, 5.850000000000000500 ) ) ;
#8877 = ORIENTED_EDGE ( 'NONE', *, *, #8749, .F. ) ;
#8878 = EDGE_CURVE ( 'NONE', #2337, #6537, #2609, .T. ) ;
#8879 = ORIENTED_EDGE ( 'NONE', *, *, #7174, .T. ) ;
#8880 = CARTESIAN_POINT ( 'NONE',  ( 6.625000000000000900, 3.974999999999987200, 5.850000000000000500 ) ) ;
#8881 = AXIS2_PLACEMENT_3D ( 'NONE', #8227, #9728, #9633 ) ;
#8882 = CARTESIAN_POINT ( 'NONE',  ( -6.874999999999998200, 0.0000000000000000000, 3.300000000000000700 ) ) ;
#8883 = DIRECTION ( 'NONE',  ( 1.000000000000000000, -1.334402673828313600E-016, -0.0000000000000000000 ) ) ;
#8884 = ORIENTED_EDGE ( 'NONE', *, *, #2983, .F. ) ;
#8885 = DIRECTION ( 'NONE',  ( -0.0000000000000000000, 0.0000000000000000000, -1.000000000000000000 ) ) ;
#8886 = CARTESIAN_POINT ( 'NONE',  ( -6.624999999999998200, 3.499999999999985300, 3.450000000000000600 ) ) ;
#8887 = ORIENTED_EDGE ( 'NONE', *, *, #4420, .T. ) ;
#8888 = LINE ( 'NONE', #311, #822 ) ;
#8889 = LINE ( 'NONE', #7914, #1554 ) ;
#8890 = DIRECTION ( 'NONE',  ( 0.3236155771181821700, 0.8891264907159901500, 0.3236155771181821700 ) ) ;
#8892 = EDGE_CURVE ( 'NONE', #6390, #6390, #2852, .T. ) ;
#8891 = VECTOR ( 'NONE', #288, 1000.000000000000000 ) ;
#8893 = ADVANCED_FACE ( 'NONE', ( #3788 ), #493, .T. ) ;
#8894 =( NAMED_UNIT ( * ) PLANE_ANGLE_UNIT ( ) SI_UNIT ( $, .RADIAN. ) );
#8895 = ORIENTED_EDGE ( 'NONE', *, *, #1713, .F. ) ;
#8896 = ORIENTED_EDGE ( 'NONE', *, *, #8520, .T. ) ;
#8897 = CARTESIAN_POINT ( 'NONE',  ( 6.875000000000000000, 13.00000000000000000, 8.040000000000000900 ) ) ;
#8898 = EDGE_LOOP ( 'NONE', ( #8481, #4990, #4651, #1914 ) ) ;
#8899 = LINE ( 'NONE', #7763, #834 ) ;
#8900 = DIRECTION ( 'NONE',  ( 0.0000000000000000000, 0.0000000000000000000, -1.000000000000000000 ) ) ;
#8901 = AXIS2_PLACEMENT_3D ( 'NONE', #8516, #1482, #151 ) ;
#8902 = DIRECTION ( 'NONE',  ( 1.262034274850851900E-016, 1.000000000000000000, -0.0000000000000000000 ) ) ;
#8903 = VERTEX_POINT ( 'NONE', #679 ) ;
#8904 = ORIENTED_EDGE ( 'NONE', *, *, #5935, .T. ) ;
#8905 = CARTESIAN_POINT ( 'NONE',  ( 7.000000000000000900, 13.00000000000000000, -23.80497317454280500 ) ) ;
#8906 = DIRECTION ( 'NONE',  ( -0.0000000000000000000, -0.0000000000000000000, -1.000000000000000000 ) ) ;
#8907 = EDGE_CURVE ( 'NONE', #4161, #3528, #8171, .T. ) ;
#8908 = ORIENTED_EDGE ( 'NONE', *, *, #8694, .F. ) ;
#8909 =( NAMED_UNIT ( * ) SI_UNIT ( $, .STERADIAN. ) SOLID_ANGLE_UNIT ( ) );
#8910 = LINE ( 'NONE', #424, #8537 ) ;
#8911 = DIRECTION ( 'NONE',  ( 0.0000000000000000000, 0.0000000000000000000, -1.000000000000000000 ) ) ;
#8912 = VERTEX_POINT ( 'NONE', #2204 ) ;
#8913 = ORIENTED_EDGE ( 'NONE', *, *, #4189, .T. ) ;
#8914 = LINE ( 'NONE', #3664, #3573 ) ;
#8915 = CARTESIAN_POINT ( 'NONE',  ( -3.677205953146756900, -3.480000000000000000, 6.377205953146758900 ) ) ;
#8916 = CIRCLE ( 'NONE', #760, 0.4999999999999995600 ) ;
#8917 = ADVANCED_FACE ( 'NONE', ( #5093 ), #4849, .F. ) ;
#8918 = DIRECTION ( 'NONE',  ( 1.000000000000000000, 0.0000000000000000000, 0.0000000000000000000 ) ) ;
#8919 = LINE ( 'NONE', #5021, #8562 ) ;
#8920 = DIRECTION ( 'NONE',  ( 0.0000000000000000000, 0.0000000000000000000, 1.000000000000000000 ) ) ;
#8921 = CARTESIAN_POINT ( 'NONE',  ( -6.874999999999998200, 2.236907039215393100, 3.300000000000000700 ) ) ;
#8922 = CARTESIAN_POINT ( 'NONE',  ( 6.062285474142321100, 12.98068630366820000, 8.040000000000000900 ) ) ;
#8923 = ORIENTED_EDGE ( 'NONE', *, *, #2888, .T. ) ;
#8924 = EDGE_CURVE ( 'NONE', #9132, #6394, #5568, .T. ) ;
#8925 = VERTEX_POINT ( 'NONE', #3945 ) ;
#8926 = CARTESIAN_POINT ( 'NONE',  ( -6.424999999999997200, 2.899999999999986600, 5.850000000000002300 ) ) ;
#8927 = ORIENTED_EDGE ( 'NONE', *, *, #2414, .T. ) ;
#8928 = LINE ( 'NONE', #9019, #1001 ) ;
#8929 = VERTEX_POINT ( 'NONE', #3908 ) ;
#8930 = FACE_OUTER_BOUND ( 'NONE', #9741, .T. ) ;
#8932 = CARTESIAN_POINT ( 'NONE',  ( -7.000000000000005300, -1.656610674714108100, 1.799999999999998700 ) ) ;
#8931 = CARTESIAN_POINT ( 'NONE',  ( -6.624999999999998200, 0.0000000000000000000, 2.100000000000001000 ) ) ;
#8933 = DIRECTION ( 'NONE',  ( 0.05233595624294408400, -0.9986295347545739400, 0.0000000000000000000 ) ) ;
#8934 = CARTESIAN_POINT ( 'NONE',  ( -3.749999999999998200, -3.279999999999996300, 6.450000000000000200 ) ) ;
#8935 = PLANE ( 'NONE',  #6476 ) ;
#8936 = AXIS2_PLACEMENT_3D ( 'NONE', #918, #6217, #5349 ) ;
#8937 = CARTESIAN_POINT ( 'NONE',  ( -0.8999999999999999100, 0.8715010882118843200, 0.1250000000000000000 ) ) ;
#8938 = ORIENTED_EDGE ( 'NONE', *, *, #9711, .F. ) ;
#8939 = LINE ( 'NONE', #3212, #2891 ) ;
#8940 = LINE ( 'NONE', #1387, #632 ) ;
#8941 = DIRECTION ( 'NONE',  ( -1.334402673828313600E-016, 1.000000000000000000, 0.0000000000000000000 ) ) ;
#8942 = VECTOR ( 'NONE', #599, 1000.000000000000000 ) ;
#8943 = EDGE_CURVE ( 'NONE', #2544, #631, #8775, .T. ) ;
#8944 = ORIENTED_EDGE ( 'NONE', *, *, #8249, .T. ) ;
#8945 = DIRECTION ( 'NONE',  ( 0.0000000000000000000, 1.000000000000000000, 0.0000000000000000000 ) ) ;
#8946 = DIRECTION ( 'NONE',  ( 0.9396926207859095400, 0.3420201433256658300, -0.0000000000000000000 ) ) ;
#8947 = ADVANCED_FACE ( 'NONE', ( #9721 ), #9028, .T. ) ;
#8948 = ORIENTED_EDGE ( 'NONE', *, *, #4645, .T. ) ;
#8949 = EDGE_LOOP ( 'NONE', ( #1754, #4631, #7595, #6573, #6267, #8513 ) ) ;
#8950 = CARTESIAN_POINT ( 'NONE',  ( 6.875000000000000000, 13.00000000000000000, -0.2000000000000005100 ) ) ;
#8951 = AXIS2_PLACEMENT_3D ( 'NONE', #447, #5636, #3471 ) ;
#8952 = VECTOR ( 'NONE', #9623, 1000.000000000000000 ) ;
#8953 = VECTOR ( 'NONE', #7572, 1000.000000000000000 ) ;
#8954 = ORIENTED_EDGE ( 'NONE', *, *, #4136, .T. ) ;
#8955 = EDGE_CURVE ( 'NONE', #2881, #1256, #9140, .T. ) ;
#8956 = DIRECTION ( 'NONE',  ( 0.0000000000000000000, 0.0000000000000000000, 1.000000000000000000 ) ) ;
#8957 = EDGE_CURVE ( 'NONE', #6779, #2932, #6531, .T. ) ;
#8958 = EDGE_LOOP ( 'NONE', ( #4252, #3937, #1631, #1050 ) ) ;
#8959 = PLANE ( 'NONE',  #9729 ) ;
#8960 = DIRECTION ( 'NONE',  ( 0.4896926261707817400, -2.877707391897904500E-016, 0.8718951381180898300 ) ) ;
#8961 = DIRECTION ( 'NONE',  ( 1.000000000000000000, 0.0000000000000000000, 0.0000000000000000000 ) ) ;
#8962 = CIRCLE ( 'NONE', #3696, 0.1250000000000053300 ) ;
#8963 = LINE ( 'NONE', #1094, #3618 ) ;
#8964 = LINE ( 'NONE', #9430, #4926 ) ;
#8965 = VERTEX_POINT ( 'NONE', #7531 ) ;
#8966 = CARTESIAN_POINT ( 'NONE',  ( 3.750000000000000900, 0.0000000000000000000, 6.150000000000000400 ) ) ;
#8967 = EDGE_LOOP ( 'NONE', ( #6655, #831, #9763, #9747 ) ) ;
#8968 = CARTESIAN_POINT ( 'NONE',  ( 0.5500000000000014900, -3.279999999999996300, 6.150000000000000400 ) ) ;
#8969 = CARTESIAN_POINT ( 'NONE',  ( 0.0000000000000000000, 6.500000000000000000, 0.1250000000000000000 ) ) ;
#8970 = CARTESIAN_POINT ( 'NONE',  ( -2.375000000000000000, 3.469839113182271000, -4.199999999999999300 ) ) ;
#8971 = VECTOR ( 'NONE', #7544, 1000.000000000000000 ) ;
#8972 = EDGE_CURVE ( 'NONE', #7811, #6641, #6061, .T. ) ;
#8973 = CIRCLE ( 'NONE', #5946, 0.2500000000000002200 ) ;
#8974 = ADVANCED_FACE ( 'NONE', ( #3550 ), #2997, .F. ) ;
#8975 = PLANE ( 'NONE',  #7536 ) ;
#8976 =( LENGTH_UNIT ( ) NAMED_UNIT ( * ) SI_UNIT ( .MILLI., .METRE. ) );
#8977 = ORIENTED_EDGE ( 'NONE', *, *, #9148, .F. ) ;
#8978 = FACE_OUTER_BOUND ( 'NONE', #7339, .T. ) ;
#8979 = DIRECTION ( 'NONE',  ( -0.3236155771181821700, 0.8891264907159901500, 0.3236155771181821700 ) ) ;
#8980 = DIRECTION ( 'NONE',  ( 1.000000000000000000, 1.334402673828313600E-016, -0.0000000000000000000 ) ) ;
#8981 = AXIS2_PLACEMENT_3D ( 'NONE', #3473, #8783, #4237 ) ;
#8982 = DIRECTION ( 'NONE',  ( 0.0000000000000000000, 0.0000000000000000000, -1.000000000000000000 ) ) ;
#8983 = VERTEX_POINT ( 'NONE', #947 ) ;
#8984 = EDGE_LOOP ( 'NONE', ( #9200, #8954, #6800, #463 ) ) ;
#8985 = CARTESIAN_POINT ( 'NONE',  ( -6.748503073220849300, 2.949537067461052200, 5.869467383939940500 ) ) ;
#8986 = CARTESIAN_POINT ( 'NONE',  ( 7.000000000000005300, 1.899999999999999700, 8.299999999999993600 ) ) ;
#8987 = ORIENTED_EDGE ( 'NONE', *, *, #3541, .F. ) ;
#8988 = CARTESIAN_POINT ( 'NONE',  ( -3.049999999999998000, -7.721577310586390300, 3.650000000000001200 ) ) ;
#8989 = VERTEX_POINT ( 'NONE', #2827 ) ;
#8990 = VERTEX_POINT ( 'NONE', #3984 ) ;
#8991 = ADVANCED_FACE ( 'NONE', ( #6890 ), #7559, .F. ) ;
#8992 = DIRECTION ( 'NONE',  ( 1.334402673828313600E-016, -1.000000000000000000, -2.551063935260010000E-016 ) ) ;
#8993 = ORIENTED_EDGE ( 'NONE', *, *, #8407, .F. ) ;
#8994 = CARTESIAN_POINT ( 'NONE',  ( -0.6291033726784029900, -3.799999999999999800, -0.1250000000000000000 ) ) ;
#8995 = CARTESIAN_POINT ( 'NONE',  ( -6.874999999999998200, 9.781912933980331300E-016, 1.949999999999999500 ) ) ;
#8996 = ORIENTED_EDGE ( 'NONE', *, *, #6483, .F. ) ;
#8997 = CARTESIAN_POINT ( 'NONE',  ( 6.500000000000024000, 1.899999999999999000, 8.050000000000029100 ) ) ;
#8998 = EDGE_CURVE ( 'NONE', #3054, #3521, #715, .T. ) ;
#8999 = LINE ( 'NONE', #827, #5922 ) ;
#9000 = CARTESIAN_POINT ( 'NONE',  ( -6.874999999999998200, 13.00000000000000000, -2.699999999999999300 ) ) ;
#9001 = ORIENTED_EDGE ( 'NONE', *, *, #3140, .F. ) ;
#9002 = CARTESIAN_POINT ( 'NONE',  ( -0.9999999999999995600, 11.39897948556635600, -4.050000000000005200 ) ) ;
#9003 = EDGE_LOOP ( 'NONE', ( #9473, #180, #4523, #3389 ) ) ;
#9004 = AXIS2_PLACEMENT_3D ( 'NONE', #4805, #3301, #7773 ) ;
#9005 = DIRECTION ( 'NONE',  ( 0.0000000000000000000, -1.000000000000000000, 0.0000000000000000000 ) ) ;
#9006 = VECTOR ( 'NONE', #4067, 1000.000000000000000 ) ;
#9007 = CARTESIAN_POINT ( 'NONE',  ( 6.375000000000001800, 2.236907039215394500, 3.300000000000000700 ) ) ;
#9008 = APPLICATION_PROTOCOL_DEFINITION ( 'draft international standard', 'automotive_design', 1998, #6797 ) ;
#9009 = EDGE_CURVE ( 'NONE', #1786, #2768, #8653, .T. ) ;
#9010 = EDGE_CURVE ( 'NONE', #5859, #7826, #4728, .T. ) ;
#9011 = ORIENTED_EDGE ( 'NONE', *, *, #6836, .T. ) ;
#9012 = ORIENTED_EDGE ( 'NONE', *, *, #7813, .F. ) ;
#9013 = LINE ( 'NONE', #9094, #2966 ) ;
#9014 = VECTOR ( 'NONE', #8992, 1000.000000000000000 ) ;
#9015 = CARTESIAN_POINT ( 'NONE',  ( -2.375000000000000000, 4.649999999999996800, -15.58944443027283300 ) ) ;
#9016 = DIRECTION ( 'NONE',  ( -1.000000000000000000, -1.334402673828313600E-016, 0.0000000000000000000 ) ) ;
#9017 = AXIS2_PLACEMENT_3D ( 'NONE', #2075, #7273, #5743 ) ;
#9018 = ADVANCED_FACE ( 'NONE', ( #6652 ), #1783, .T. ) ;
#9019 = CARTESIAN_POINT ( 'NONE',  ( 5.800000000000000700, 0.2500000000000000000, 0.1250000000000001100 ) ) ;
#9020 = CARTESIAN_POINT ( 'NONE',  ( 7.000000000000003600, 0.0000000000000000000, -2.699999999999999300 ) ) ;
#9021 = DIRECTION ( 'NONE',  ( 0.0000000000000000000, -1.000000000000000000, 0.0000000000000000000 ) ) ;
#9022 = CARTESIAN_POINT ( 'NONE',  ( 5.800000000000000700, 0.0000000000000000000, 0.1250000000000001100 ) ) ;
#9023 = ORIENTED_EDGE ( 'NONE', *, *, #3982, .T. ) ;
#9024 = CARTESIAN_POINT ( 'NONE',  ( 0.4999999999999998900, 0.8219721733686431400, 0.1250000000000000000 ) ) ;
#9025 = EDGE_LOOP ( 'NONE', ( #7659, #7477, #3572, #259 ) ) ;
#9026 = EDGE_CURVE ( 'NONE', #7587, #3970, #9361, .T. ) ;
#9027 = EDGE_CURVE ( 'NONE', #8635, #9032, #4620, .T. ) ;
#9028 = PLANE ( 'NONE',  #2300 ) ;
#9029 = DIRECTION ( 'NONE',  ( -0.0000000000000000000, 1.000000000000000000, -3.517411656358502700E-015 ) ) ;
#9030 = DIRECTION ( 'NONE',  ( -1.000000000000000000, -1.334402673828313600E-016, 0.0000000000000000000 ) ) ;
#9031 = CARTESIAN_POINT ( 'NONE',  ( 6.999492987248455500, 3.950613935450936900, 5.869493652977542600 ) ) ;
#9032 = VERTEX_POINT ( 'NONE', #4483 ) ;
#9033 = ORIENTED_EDGE ( 'NONE', *, *, #5657, .F. ) ;
#9034 = CARTESIAN_POINT ( 'NONE',  ( 6.625000000000000000, 3.499999999999987100, 1.950000000000000800 ) ) ;
#9035 = LINE ( 'NONE', #5374, #3919 ) ;
#9036 = LINE ( 'NONE', #9229, #2509 ) ;
#9037 = AXIS2_PLACEMENT_3D ( 'NONE', #3302, #4910, #4081 ) ;
#9038 = FACE_OUTER_BOUND ( 'NONE', #4929, .T. ) ;
#9039 = CARTESIAN_POINT ( 'NONE',  ( 1.650000000000000800, -3.279999999999996300, 3.950000000000000200 ) ) ;
#9040 = DIRECTION ( 'NONE',  ( 1.000000000000000000, 0.0000000000000000000, 0.0000000000000000000 ) ) ;
#9041 = ORIENTED_EDGE ( 'NONE', *, *, #1532, .T. ) ;
#9042 = CARTESIAN_POINT ( 'NONE',  ( 6.375000000000000000, 29.80608689002257700, 7.789999999999998300 ) ) ;
#9043 = EDGE_CURVE ( 'NONE', #8113, #2544, #5929, .T. ) ;
#9044 = ORIENTED_EDGE ( 'NONE', *, *, #5449, .F. ) ;
#9045 = EDGE_LOOP ( 'NONE', ( #3879, #1705, #2230, #8923 ) ) ;
#9046 = DIRECTION ( 'NONE',  ( -1.000000000000000000, 0.0000000000000000000, 0.0000000000000000000 ) ) ;
#9047 = FACE_OUTER_BOUND ( 'NONE', #3213, .T. ) ;
#9048 = ADVANCED_FACE ( 'NONE', ( #7580 ), #8453, .F. ) ;
#9049 = VECTOR ( 'NONE', #4159, 1000.000000000000000 ) ;
#9050 = VECTOR ( 'NONE', #2880, 1000.000000000000000 ) ;
#9051 = ORIENTED_EDGE ( 'NONE', *, *, #5531, .F. ) ;
#9052 = VERTEX_POINT ( 'NONE', #6821 ) ;
#9053 = ORIENTED_EDGE ( 'NONE', *, *, #2403, .F. ) ;
#9054 = VECTOR ( 'NONE', #34, 1000.000000000000000 ) ;
#9055 = CARTESIAN_POINT ( 'NONE',  ( -6.424999999999998000, 2.149999999999987000, 3.450000000000001500 ) ) ;
#9056 = VECTOR ( 'NONE', #5907, 1000.000000000000000 ) ;
#9057 = EDGE_LOOP ( 'NONE', ( #9515 ) ) ;
#9058 = CARTESIAN_POINT ( 'NONE',  ( 0.6291033726784029900, -3.799999999999999800, 0.1250000000000000000 ) ) ;
#9059 = CARTESIAN_POINT ( 'NONE',  ( 6.375000000000000000, 12.49999999999999800, 8.040000000000000900 ) ) ;
#9060 = VECTOR ( 'NONE', #8748, 1000.000000000000000 ) ;
#9061 = PLANE ( 'NONE',  #9322 ) ;
#9062 = EDGE_CURVE ( 'NONE', #2596, #8202, #2740, .T. ) ;
#9063 = ORIENTED_EDGE ( 'NONE', *, *, #8245, .T. ) ;
#9064 = CARTESIAN_POINT ( 'NONE',  ( -6.874999999999998200, -1.656610674714108100, -0.2000000000000014000 ) ) ;
#9065 = LINE ( 'NONE', #6579, #8952 ) ;
#9066 = CARTESIAN_POINT ( 'NONE',  ( -6.374999999999998200, 12.49999999999999800, -2.699999999999997500 ) ) ;
#9067 = FACE_BOUND ( 'NONE', #6144, .T. ) ;
#9068 = DIRECTION ( 'NONE',  ( 0.0000000000000000000, -1.000000000000000000, 0.0000000000000000000 ) ) ;
#9069 = MECHANICAL_DESIGN_GEOMETRIC_PRESENTATION_REPRESENTATION (  '', ( #3461 ), #239 ) ;
#9070 = ORIENTED_EDGE ( 'NONE', *, *, #4690, .T. ) ;
#9071 = FACE_OUTER_BOUND ( 'NONE', #9436, .T. ) ;
#9072 = ADVANCED_FACE ( 'NONE', ( #1556 ), #7908, .T. ) ;
#9073 = ORIENTED_EDGE ( 'NONE', *, *, #5908, .F. ) ;
#9074 = VERTEX_POINT ( 'NONE', #7083 ) ;
#9075 = EDGE_CURVE ( 'NONE', #1174, #8770, #7120, .T. ) ;
#9076 = FILL_AREA_STYLE_COLOUR ( '', #727 ) ;
#9077 = VECTOR ( 'NONE', #2292, 1000.000000000000000 ) ;
#9078 = VECTOR ( 'NONE', #3981, 1000.000000000000000 ) ;
#9079 = CARTESIAN_POINT ( 'NONE',  ( 6.625000000000001800, 1.050000000000000500, -2.699999999999999300 ) ) ;
#9080 = CARTESIAN_POINT ( 'NONE',  ( 0.0000000000000000000, 8.220000000000000600, -2.699999999999999300 ) ) ;
#9081 = EDGE_LOOP ( 'NONE', ( #9352, #4595, #7433, #7727 ) ) ;
#9082 = VECTOR ( 'NONE', #5114, 1000.000000000000000 ) ;
#9083 = AXIS2_PLACEMENT_3D ( 'NONE', #4872, #4114, #2599 ) ;
#9084 = ORIENTED_EDGE ( 'NONE', *, *, #4690, .F. ) ;
#9085 = LINE ( 'NONE', #3531, #3030 ) ;
#9086 = VECTOR ( 'NONE', #4076, 1000.000000000000000 ) ;
#9087 = EDGE_CURVE ( 'NONE', #8929, #420, #3064, .T. ) ;
#9088 = CARTESIAN_POINT ( 'NONE',  ( 0.6291033726784028800, -3.500000000000000000, -0.1250000000000000000 ) ) ;
#9089 = ORIENTED_EDGE ( 'NONE', *, *, #9398, .F. ) ;
#9090 = EDGE_CURVE ( 'NONE', #7529, #2512, #8531, .T. ) ;
#9091 = FACE_OUTER_BOUND ( 'NONE', #5805, .T. ) ;
#9092 = PLANE ( 'NONE',  #4833 ) ;
#9093 = CARTESIAN_POINT ( 'NONE',  ( -7.000000000000005300, 2.899999999999986600, 5.875000000000000000 ) ) ;
#9094 = CARTESIAN_POINT ( 'NONE',  ( -0.9499999999999986200, 0.0000000000000000000, 6.150000000000000400 ) ) ;
#9095 = CARTESIAN_POINT ( 'NONE',  ( -3.049999999999998000, -3.279999999999996300, 6.150000000000000400 ) ) ;
#9096 = DIRECTION ( 'NONE',  ( 0.0000000000000000000, -3.469446951953611000E-015, -1.000000000000000000 ) ) ;
#9097 = ORIENTED_EDGE ( 'NONE', *, *, #8834, .T. ) ;
#9098 = FACE_OUTER_BOUND ( 'NONE', #7003, .T. ) ;
#9099 = CARTESIAN_POINT ( 'NONE',  ( 3.750000000000000900, -3.279999999999996300, 6.150000000000000400 ) ) ;
#9100 = AXIS2_PLACEMENT_3D ( 'NONE', #5678, #9424, #7209 ) ;
#9101 = ADVANCED_FACE ( 'NONE', ( #2024 ), #7139, .F. ) ;
#9102 = ORIENTED_EDGE ( 'NONE', *, *, #6209, .T. ) ;
#9103 = CARTESIAN_POINT ( 'NONE',  ( -2.450000000000000200, 6.200000000000000200, -3.849999999999993900 ) ) ;
#9104 = CARTESIAN_POINT ( 'NONE',  ( -0.9499999999999977400, -3.279999999999996300, 3.950000000000001100 ) ) ;
#9105 = EDGE_CURVE ( 'NONE', #2607, #9537, #4384, .T. ) ;
#9106 = CARTESIAN_POINT ( 'NONE',  ( 1.000000000000000400, 4.174999999999999800, -3.849999999999994300 ) ) ;
#9107 = CARTESIAN_POINT ( 'NONE',  ( -7.000000000000005300, 2.236907039215393100, 3.300000000000000700 ) ) ;
#9108 = ORIENTED_EDGE ( 'NONE', *, *, #1299, .F. ) ;
#9109 = DIRECTION ( 'NONE',  ( 0.0000000000000000000, 1.000000000000000000, 0.0000000000000000000 ) ) ;
#9110 = EDGE_CURVE ( 'NONE', #2699, #7757, #2373, .T. ) ;
#9111 = VERTEX_POINT ( 'NONE', #6451 ) ;
#9112 = PLANE ( 'NONE',  #9622 ) ;
#9113 = VERTEX_POINT ( 'NONE', #4871 ) ;
#9114 = DIRECTION ( 'NONE',  ( 0.0000000000000000000, -0.0000000000000000000, 1.000000000000000000 ) ) ;
#9115 = AXIS2_PLACEMENT_3D ( 'NONE', #8611, #566, #6794 ) ;
#9116 = CARTESIAN_POINT ( 'NONE',  ( 6.375000000000001800, 2.236907039215394500, 3.300000000000000700 ) ) ;
#9117 = ORIENTED_EDGE ( 'NONE', *, *, #9196, .F. ) ;
#9118 = ORIENTED_EDGE ( 'NONE', *, *, #2943, .F. ) ;
#9119 = CARTESIAN_POINT ( 'NONE',  ( 6.375000000000000000, 4.999999999999999100, 8.050000000000027400 ) ) ;
#9120 = FACE_OUTER_BOUND ( 'NONE', #8872, .T. ) ;
#9121 = EDGE_CURVE ( 'NONE', #3727, #2589, #6163, .T. ) ;
#9122 = ORIENTED_EDGE ( 'NONE', *, *, #882, .F. ) ;
#9123 = DIRECTION ( 'NONE',  ( 0.9396926207859095400, 0.3420201433256658300, -0.0000000000000000000 ) ) ;
#9124 = ORIENTED_EDGE ( 'NONE', *, *, #4974, .F. ) ;
#9125 = DIRECTION ( 'NONE',  ( 1.000000000000000000, 0.0000000000000000000, 0.0000000000000000000 ) ) ;
#9126 = DIRECTION ( 'NONE',  ( 1.000000000000000000, 0.0000000000000000000, 0.0000000000000000000 ) ) ;
#9127 = ORIENTED_EDGE ( 'NONE', *, *, #1590, .T. ) ;
#9128 = DIRECTION ( 'NONE',  ( -7.285838599102583500E-014, 0.0000000000000000000, -1.000000000000000000 ) ) ;
#9129 = AXIS2_PLACEMENT_3D ( 'NONE', #5039, #506, #2092 ) ;
#9130 = AXIS2_PLACEMENT_3D ( 'NONE', #3518, #6550, #4284 ) ;
#9131 = FACE_OUTER_BOUND ( 'NONE', #2789, .T. ) ;
#9132 = VERTEX_POINT ( 'NONE', #9384 ) ;
#9133 = DIRECTION ( 'NONE',  ( 0.0000000000000000000, -1.000000000000000000, 0.0000000000000000000 ) ) ;
#9134 = ORIENTED_EDGE ( 'NONE', *, *, #341, .F. ) ;
#9135 = CARTESIAN_POINT ( 'NONE',  ( 0.0000000000000000000, 0.0000000000000000000, -4.699999999999999300 ) ) ;
#9136 = ORIENTED_EDGE ( 'NONE', *, *, #4481, .T. ) ;
#9137 = EDGE_CURVE ( 'NONE', #2778, #8698, #5328, .T. ) ;
#9138 = LINE ( 'NONE', #7291, #590 ) ;
#9139 = CARTESIAN_POINT ( 'NONE',  ( 6.625000000000002700, -3.500000000000000000, 0.7838440971057466500 ) ) ;
#9140 = CIRCLE ( 'NONE', #8256, 5.700000000000000200 ) ;
#9141 = DIRECTION ( 'NONE',  ( 0.0000000000000000000, -0.0000000000000000000, 1.000000000000000000 ) ) ;
#9142 = AXIS2_PLACEMENT_3D ( 'NONE', #6505, #477, #371 ) ;
#9143 = PLANE ( 'NONE',  #7221 ) ;
#9144 = EDGE_LOOP ( 'NONE', ( #4006, #910, #1620, #7667 ) ) ;
#9145 = VECTOR ( 'NONE', #3021, 1000.000000000000100 ) ;
#9146 = ADVANCED_FACE ( 'NONE', ( #7802 ), #7774, .F. ) ;
#9147 = EDGE_CURVE ( 'NONE', #1296, #3554, #4266, .T. ) ;
#9148 = EDGE_CURVE ( 'NONE', #8270, #1296, #4137, .T. ) ;
#9149 = CARTESIAN_POINT ( 'NONE',  ( -0.8000000000000002700, -2.326820668033589900, 0.1250000000000000000 ) ) ;
#9150 = VERTEX_POINT ( 'NONE', #1876 ) ;
#9151 = ORIENTED_EDGE ( 'NONE', *, *, #2133, .T. ) ;
#9152 = VERTEX_POINT ( 'NONE', #2037 ) ;
#9153 = CARTESIAN_POINT ( 'NONE',  ( -6.374999999999999100, 1.899999999999999700, 8.300000000000038000 ) ) ;
#9154 = LINE ( 'NONE', #784, #1573 ) ;
#9155 = DIRECTION ( 'NONE',  ( 0.0000000000000000000, 0.0000000000000000000, 1.000000000000000000 ) ) ;
#9156 = AXIS2_PLACEMENT_3D ( 'NONE', #1132, #6419, #1061 ) ;
#9157 = PLANE ( 'NONE',  #8842 ) ;
#9158 = CARTESIAN_POINT ( 'NONE',  ( 6.625000000000000900, 2.949999999999987300, 5.850000000000001400 ) ) ;
#9159 = CARTESIAN_POINT ( 'NONE',  ( 6.875000000000001800, 2.224999999999987200, 2.100000000000001000 ) ) ;
#9160 = ORIENTED_EDGE ( 'NONE', *, *, #8617, .T. ) ;
#9161 = AXIS2_PLACEMENT_3D ( 'NONE', #3903, #1837, #4039 ) ;
#9162 = ORIENTED_EDGE ( 'NONE', *, *, #2550, .F. ) ;
#9163 = VECTOR ( 'NONE', #4780, 1000.000000000000000 ) ;
#9164 = EDGE_CURVE ( 'NONE', #3586, #3910, #277, .T. ) ;
#9165 = DIRECTION ( 'NONE',  ( 0.0000000000000000000, 0.0000000000000000000, 1.000000000000000000 ) ) ;
#9166 = VECTOR ( 'NONE', #1919, 1000.000000000000000 ) ;
#9167 = VECTOR ( 'NONE', #9234, 1000.000000000000100 ) ;
#9168 = DIRECTION ( 'NONE',  ( 1.000000000000000000, 0.0000000000000000000, 0.0000000000000000000 ) ) ;
#9169 = VERTEX_POINT ( 'NONE', #5017 ) ;
#9170 = ORIENTED_EDGE ( 'NONE', *, *, #894, .F. ) ;
#9171 = ORIENTED_EDGE ( 'NONE', *, *, #5086, .F. ) ;
#9172 = AXIS2_PLACEMENT_3D ( 'NONE', #2701, #451, #1470 ) ;
#9173 = ADVANCED_FACE ( 'NONE', ( #12, #8408, #4505 ), #5078, .F. ) ;
#9174 = FACE_BOUND ( 'NONE', #1417, .T. ) ;
#9175 = ORIENTED_EDGE ( 'NONE', *, *, #2378, .F. ) ;
#9176 = VECTOR ( 'NONE', #8728, 1000.000000000000100 ) ;
#9177 = VECTOR ( 'NONE', #6224, 1000.000000000000000 ) ;
#9178 = MANIFOLD_SOLID_BREP ( 'Sketch-Pattern1[4]', #6189 ) ;
#9179 = DIRECTION ( 'NONE',  ( 0.0000000000000000000, 0.0000000000000000000, 1.000000000000000000 ) ) ;
#9180 = EDGE_CURVE ( 'NONE', #2263, #3695, #8283, .T. ) ;
#9181 = VERTEX_POINT ( 'NONE', #7239 ) ;
#9182 = LINE ( 'NONE', #4374, #9056 ) ;
#9183 = LINE ( 'NONE', #1869, #5980 ) ;
#9184 = PLANE ( 'NONE',  #6512 ) ;
#9185 = VERTEX_POINT ( 'NONE', #6544 ) ;
#9186 = AXIS2_PLACEMENT_3D ( 'NONE', #5069, #5833, #1315 ) ;
#9187 = VECTOR ( 'NONE', #8179, 1000.000000000000000 ) ;
#9188 = EDGE_LOOP ( 'NONE', ( #2255, #5272, #6840, #2014 ) ) ;
#9189 = DIRECTION ( 'NONE',  ( -1.000000000000000000, 0.0000000000000000000, 0.0000000000000000000 ) ) ;
#9190 = ORIENTED_EDGE ( 'NONE', *, *, #2325, .T. ) ;
#9191 = CARTESIAN_POINT ( 'NONE',  ( 3.050000000000000700, 0.0000000000000000000, 6.150000000000000400 ) ) ;
#9192 = ORIENTED_EDGE ( 'NONE', *, *, #5924, .T. ) ;
#9193 = LINE ( 'NONE', #293, #6467 ) ;
#9194 = VECTOR ( 'NONE', #2668, 1000.000000000000000 ) ;
#9195 = DIRECTION ( 'NONE',  ( 0.0000000000000000000, 1.000000000000000000, -0.0000000000000000000 ) ) ;
#9196 = EDGE_CURVE ( 'NONE', #7742, #4674, #5814, .T. ) ;
#9197 = ORIENTED_EDGE ( 'NONE', *, *, #7098, .F. ) ;
#9198 = VECTOR ( 'NONE', #4551, 1000.000000000000000 ) ;
#9199 = ADVANCED_FACE ( 'NONE', ( #6995 ), #6283, .F. ) ;
#9200 = ORIENTED_EDGE ( 'NONE', *, *, #7778, .F. ) ;
#9201 = CARTESIAN_POINT ( 'NONE',  ( -6.624999999999998200, 2.924999999999986500, 5.850000000000000500 ) ) ;
#9202 = VECTOR ( 'NONE', #8755, 1000.000000000000000 ) ;
#9203 = CARTESIAN_POINT ( 'NONE',  ( 1.055190116215857700, -1.709633081912044900, 0.1250000000000000000 ) ) ;
#9204 = VECTOR ( 'NONE', #1614, 1000.000000000000000 ) ;
#9205 = CIRCLE ( 'NONE', #6896, 0.02499999999999984900 ) ;
#9206 = EDGE_CURVE ( 'NONE', #5873, #6665, #5210, .T. ) ;
#9207 = CARTESIAN_POINT ( 'NONE',  ( 7.000000000000005300, 1.899999999999998100, 7.800000000000029100 ) ) ;
#9208 = ORIENTED_EDGE ( 'NONE', *, *, #7708, .F. ) ;
#9209 = CARTESIAN_POINT ( 'NONE',  ( -7.000000000000005300, 2.899999999999984800, 6.700000000000000200 ) ) ;
#9210 = CIRCLE ( 'NONE', #8143, 0.5000000000000002200 ) ;
#9211 = LINE ( 'NONE', #1186, #8614 ) ;
#9212 = DIRECTION ( 'NONE',  ( 0.0000000000000000000, 0.0000000000000000000, -1.000000000000000000 ) ) ;
#9213 = VERTEX_POINT ( 'NONE', #4278 ) ;
#9214 = AXIS2_PLACEMENT_3D ( 'NONE', #1485, #6881, #5310 ) ;
#9215 = ORIENTED_EDGE ( 'NONE', *, *, #8582, .T. ) ;
#9216 = EDGE_CURVE ( 'NONE', #7682, #1653, #5319, .T. ) ;
#9217 = PLANE ( 'NONE',  #9393 ) ;
#9218 = DIRECTION ( 'NONE',  ( -0.3236155771181821700, 0.8891264907159901500, 0.3236155771181821700 ) ) ;
#9219 = ORIENTED_EDGE ( 'NONE', *, *, #4650, .F. ) ;
#9220 = CARTESIAN_POINT ( 'NONE',  ( 6.375000000000000000, 0.0000000000000000000, 7.789999999999998300 ) ) ;
#9221 = ORIENTED_EDGE ( 'NONE', *, *, #1225, .F. ) ;
#9222 = AXIS2_PLACEMENT_3D ( 'NONE', #9655, #5941, #6741 ) ;
#9223 = DIRECTION ( 'NONE',  ( -1.000000000000000000, 0.0000000000000000000, -0.0000000000000000000 ) ) ;
#9224 = ORIENTED_EDGE ( 'NONE', *, *, #3859, .F. ) ;
#9225 = CARTESIAN_POINT ( 'NONE',  ( 7.000000000000006200, 3.972202016187335700, 5.850000000000000500 ) ) ;
#9226 = CARTESIAN_POINT ( 'NONE',  ( 6.625000000000000000, 2.149999999999987000, 1.950000000000000800 ) ) ;
#9227 = VERTEX_POINT ( 'NONE', #1999 ) ;
#9228 = DIRECTION ( 'NONE',  ( 2.556604186739367600E-028, -1.000000000000000000, 3.542745126994888700E-015 ) ) ;
#9229 = CARTESIAN_POINT ( 'NONE',  ( 6.625000000000000000, 13.00000000000000000, 8.040000000000000900 ) ) ;
#9230 = EDGE_CURVE ( 'NONE', #963, #5287, #4257, .T. ) ;
#9231 = VERTEX_POINT ( 'NONE', #1227 ) ;
#9232 = DIRECTION ( 'NONE',  ( -0.05233595624294408400, 0.9986295347545739400, 0.0000000000000000000 ) ) ;
#9233 = ORIENTED_EDGE ( 'NONE', *, *, #9554, .F. ) ;
#9234 = DIRECTION ( 'NONE',  ( -0.3236155771181821700, 0.8891264907159901500, 0.3236155771181821700 ) ) ;
#9235 = LINE ( 'NONE', #6401, #2471 ) ;
#9236 = AXIS2_PLACEMENT_3D ( 'NONE', #2850, #6530, #2059 ) ;
#9237 = ADVANCED_FACE ( 'NONE', ( #706 ), #7330, .F. ) ;
#9238 = ORIENTED_EDGE ( 'NONE', *, *, #2731, .F. ) ;
#9239 = ORIENTED_EDGE ( 'NONE', *, *, #3721, .T. ) ;
#9240 = ORIENTED_EDGE ( 'NONE', *, *, #1601, .T. ) ;
#9241 = ORIENTED_EDGE ( 'NONE', *, *, #3404, .F. ) ;
#9242 = FACE_BOUND ( 'NONE', #7825, .T. ) ;
#9243 = CARTESIAN_POINT ( 'NONE',  ( 6.625000000000001800, 2.280286487743898400, 8.016506350946142900 ) ) ;
#9244 = DIRECTION ( 'NONE',  ( 1.000000000000000000, 0.0000000000000000000, -0.0000000000000000000 ) ) ;
#9245 = VERTEX_POINT ( 'NONE', #9487 ) ;
#9246 = EDGE_LOOP ( 'NONE', ( #403 ) ) ;
#9247 = CARTESIAN_POINT ( 'NONE',  ( -7.000000000000005300, 2.149999999999985300, 3.300000000000000700 ) ) ;
#9248 = ORIENTED_EDGE ( 'NONE', *, *, #2930, .T. ) ;
#9249 = LINE ( 'NONE', #1476, #7351 ) ;
#9250 = CARTESIAN_POINT ( 'NONE',  ( 6.875000000000001800, 1.049999999999995400, 8.039999999999993800 ) ) ;
#9251 = CARTESIAN_POINT ( 'NONE',  ( 6.999165738677400700, 2.949999999999987300, 5.875000000000000000 ) ) ;
#9252 = CARTESIAN_POINT ( 'NONE',  ( 3.050000000000002000, -3.279999999999996300, 3.950000000000001100 ) ) ;
#9253 = DIRECTION ( 'NONE',  ( 1.000000000000000000, 0.0000000000000000000, 0.0000000000000000000 ) ) ;
#9254 = ORIENTED_EDGE ( 'NONE', *, *, #276, .T. ) ;
#9255 = ORIENTED_EDGE ( 'NONE', *, *, #8430, .T. ) ;
#9256 = VECTOR ( 'NONE', #1357, 1000.000000000000000 ) ;
#9257 = DIRECTION ( 'NONE',  ( 1.000000000000000000, -2.562091245585124100E-028, -1.590279180505285000E-016 ) ) ;
#9258 = DIRECTION ( 'NONE',  ( -0.0000000000000000000, 0.0000000000000000000, 1.000000000000000000 ) ) ;
#9259 = CARTESIAN_POINT ( 'NONE',  ( 0.9500000000000007300, 0.0000000000000000000, 3.650000000000000800 ) ) ;
#9260 = EDGE_LOOP ( 'NONE', ( #6993 ) ) ;
#9261 = ORIENTED_EDGE ( 'NONE', *, *, #8367, .F. ) ;
#9262 = VECTOR ( 'NONE', #8389, 1000.000000000000000 ) ;
#9263 = EDGE_CURVE ( 'NONE', #2506, #9113, #8521, .T. ) ;
#9264 = VECTOR ( 'NONE', #6281, 1000.000000000000000 ) ;
#9265 = DIRECTION ( 'NONE',  ( 0.0000000000000000000, 0.0000000000000000000, 1.000000000000000000 ) ) ;
#9266 = FACE_OUTER_BOUND ( 'NONE', #7549, .T. ) ;
#9267 = VERTEX_POINT ( 'NONE', #456 ) ;
#9268 = VERTEX_POINT ( 'NONE', #5806 ) ;
#9269 = ORIENTED_EDGE ( 'NONE', *, *, #2476, .F. ) ;
#9270 =( GEOMETRIC_REPRESENTATION_CONTEXT ( 3 ) GLOBAL_UNCERTAINTY_ASSIGNED_CONTEXT ( ( #7397 ) ) GLOBAL_UNIT_ASSIGNED_CONTEXT ( ( #570, #8072, #8909 ) ) REPRESENTATION_CONTEXT ( 'NONE', 'WORKASPACE' ) );
#9271 = FACE_OUTER_BOUND ( 'NONE', #4001, .T. ) ;
#9272 = CARTESIAN_POINT ( 'NONE',  ( -6.750000000000006200, 3.972202903735648300, 5.850000000000000500 ) ) ;
#9273 = CARTESIAN_POINT ( 'NONE',  ( 6.875000000000000000, 12.49999999999999800, 8.040000000000000900 ) ) ;
#9274 = CYLINDRICAL_SURFACE ( 'NONE', #2102, 0.02499999999999984900 ) ;
#9275 = CARTESIAN_POINT ( 'NONE',  ( -7.004616674911234900, 2.165181835172162100, 3.300000000000000700 ) ) ;
#9276 = DIRECTION ( 'NONE',  ( 1.000000000000000000, 1.262034274850851900E-016, -0.0000000000000000000 ) ) ;
#9277 = LINE ( 'NONE', #1373, #743 ) ;
#9278 = EDGE_CURVE ( 'NONE', #4300, #1064, #6523, .T. ) ;
#9279 = DIRECTION ( 'NONE',  ( 0.4896926261707817400, -2.877707391897904500E-016, 0.8718951381180898300 ) ) ;
#9280 = ORIENTED_EDGE ( 'NONE', *, *, #5073, .F. ) ;
#9281 = ADVANCED_FACE ( 'NONE', ( #1320 ), #5880, .F. ) ;
#9282 = ORIENTED_EDGE ( 'NONE', *, *, #2625, .T. ) ;
#9283 = DIRECTION ( 'NONE',  ( -0.8718951381180901600, 0.0000000000000000000, 0.4896926261707814100 ) ) ;
#9284 = CARTESIAN_POINT ( 'NONE',  ( 0.0000000000000000000, -3.799999999999999800, 0.0000000000000000000 ) ) ;
#9285 = FACE_OUTER_BOUND ( 'NONE', #3123, .T. ) ;
#9286 = DIRECTION ( 'NONE',  ( 0.0000000000000000000, 0.3420201433256658300, -0.9396926207859095400 ) ) ;
#9287 = CARTESIAN_POINT ( 'NONE',  ( 0.0000000000000000000, 6.500000000000000000, 0.6250000000000001100 ) ) ;
#9288 = DIRECTION ( 'NONE',  ( 1.000000000000000000, 0.0000000000000000000, 0.0000000000000000000 ) ) ;
#9289 = AXIS2_PLACEMENT_3D ( 'NONE', #2644, #4920, #7917 ) ;
#9290 = VERTEX_POINT ( 'NONE', #2806 ) ;
#9291 = VECTOR ( 'NONE', #8785, 1000.000000000000000 ) ;
#9292 = DIRECTION ( 'NONE',  ( -0.0000000000000000000, -0.0000000000000000000, 1.000000000000000000 ) ) ;
#9294 = ADVANCED_FACE ( 'NONE', ( #3419, #9242 ), #3171, .F. ) ;
#9293 = FACE_OUTER_BOUND ( 'NONE', #879, .T. ) ;
#9295 = CIRCLE ( 'NONE', #2667, 5.700000000000000200 ) ;
#9296 = CARTESIAN_POINT ( 'NONE',  ( -6.374999999999999100, 13.00000000000000000, 8.040000000000000900 ) ) ;
#9297 = LINE ( 'NONE', #8156, #5123 ) ;
#9298 = VERTEX_POINT ( 'NONE', #1356 ) ;
#9299 = LINE ( 'NONE', #2794, #1722 ) ;
#9300 = PLANE ( 'NONE',  #387 ) ;
#9301 = EDGE_LOOP ( 'NONE', ( #5230 ) ) ;
#9302 = ORIENTED_EDGE ( 'NONE', *, *, #960, .T. ) ;
#9303 = CYLINDRICAL_SURFACE ( 'NONE', #5353, 0.2500000000000002200 ) ;
#9304 = LINE ( 'NONE', #944, #1845 ) ;
#9305 = AXIS2_PLACEMENT_3D ( 'NONE', #8922, #2736, #5018 ) ;
#9306 = ORIENTED_EDGE ( 'NONE', *, *, #2612, .F. ) ;
#9307 = DIRECTION ( 'NONE',  ( 1.334402673828313600E-016, -1.000000000000000000, 0.0000000000000000000 ) ) ;
#9308 = FACE_OUTER_BOUND ( 'NONE', #8410, .T. ) ;
#9309 = CARTESIAN_POINT ( 'NONE',  ( -6.624999999999997300, 2.899999999999986600, 5.850000000000002300 ) ) ;
#9310 = DIRECTION ( 'NONE',  ( -1.000000000000000000, 0.0000000000000000000, 0.0000000000000000000 ) ) ;
#9311 = DIRECTION ( 'NONE',  ( -8.577375050694224600E-017, 0.6427876096865348100, 0.7660444431189817900 ) ) ;
#9312 = DIRECTION ( 'NONE',  ( 0.3236155771181821700, -0.8891264907159901500, 0.3236155771181821700 ) ) ;
#9313 = ORIENTED_EDGE ( 'NONE', *, *, #6947, .F. ) ;
#9314 = EDGE_CURVE ( 'NONE', #9421, #1565, #9604, .T. ) ;
#9315 = LINE ( 'NONE', #6775, #1737 ) ;
#9316 = CARTESIAN_POINT ( 'NONE',  ( 6.625000000000000000, 2.899999999999986600, 6.700000000000000200 ) ) ;
#9317 = FACE_OUTER_BOUND ( 'NONE', #4353, .T. ) ;
#9318 = ORIENTED_EDGE ( 'NONE', *, *, #9354, .T. ) ;
#9319 = DIRECTION ( 'NONE',  ( 0.0000000000000000000, 0.0000000000000000000, 1.000000000000000000 ) ) ;
#9320 = FACE_BOUND ( 'NONE', #8427, .T. ) ;
#9321 = DIRECTION ( 'NONE',  ( -1.334402673828313600E-016, 1.000000000000000000, 2.551063935260010000E-016 ) ) ;
#9322 = AXIS2_PLACEMENT_3D ( 'NONE', #8786, #7557, #4512 ) ;
#9323 = PLANE ( 'NONE',  #5312 ) ;
#9324 = ORIENTED_EDGE ( 'NONE', *, *, #5923, .T. ) ;
#9325 = CARTESIAN_POINT ( 'NONE',  ( 7.000000000000003600, 13.00000000000000000, -2.699999999999999300 ) ) ;
#9326 = VECTOR ( 'NONE', #7427, 1000.000000000000000 ) ;
#9327 = CARTESIAN_POINT ( 'NONE',  ( 3.050000000000000700, -3.279999999999996300, 6.150000000000000400 ) ) ;
#9328 = DIRECTION ( 'NONE',  ( -1.000000000000000000, -0.0000000000000000000, 0.0000000000000000000 ) ) ;
#9329 = EDGE_CURVE ( 'NONE', #6986, #5820, #815, .T. ) ;
#9330 = VERTEX_POINT ( 'NONE', #4476 ) ;
#9331 = EDGE_CURVE ( 'NONE', #9330, #867, #7573, .T. ) ;
#9332 = DIRECTION ( 'NONE',  ( -1.000000000000000000, 0.0000000000000000000, 0.0000000000000000000 ) ) ;
#9333 = DIRECTION ( 'NONE',  ( 0.0000000000000000000, 0.0000000000000000000, 1.000000000000000000 ) ) ;
#9334 = EDGE_LOOP ( 'NONE', ( #5415, #1340, #542, #6590 ) ) ;
#9335 = ADVANCED_FACE ( 'NONE', ( #1205 ), #5174, .F. ) ;
#9336 = ORIENTED_EDGE ( 'NONE', *, *, #4526, .T. ) ;
#9337 = EDGE_CURVE ( 'NONE', #4095, #5408, #8767, .T. ) ;
#9338 = DIRECTION ( 'NONE',  ( 1.000000000000000000, 0.0000000000000000000, -8.075993836018656900E-017 ) ) ;
#9339 = EDGE_CURVE ( 'NONE', #8810, #3174, #8038, .T. ) ;
#9340 = DIRECTION ( 'NONE',  ( 0.0000000000000000000, 0.0000000000000000000, -1.000000000000000000 ) ) ;
#9341 = ORIENTED_EDGE ( 'NONE', *, *, #1209, .F. ) ;
#9342 = ADVANCED_FACE ( 'NONE', ( #4979, #3282 ), #1389, .F. ) ;
#9343 = DIRECTION ( 'NONE',  ( -0.0000000000000000000, 0.0000000000000000000, 1.000000000000000000 ) ) ;
#9344 = VERTEX_POINT ( 'NONE', #635 ) ;
#9345 = VERTEX_POINT ( 'NONE', #538 ) ;
#9346 = STYLED_ITEM ( 'NONE', ( #1649 ), #1524 ) ;
#9347 = CARTESIAN_POINT ( 'NONE',  ( -6.374999999999999100, 2.236907039215393100, 2.100000000000001000 ) ) ;
#9348 = ORIENTED_EDGE ( 'NONE', *, *, #2473, .T. ) ;
#9349 = AXIS2_PLACEMENT_3D ( 'NONE', #5270, #863, #1637 ) ;
#9350 = EDGE_LOOP ( 'NONE', ( #7972, #8016, #1640, #2545 ) ) ;
#9351 = CARTESIAN_POINT ( 'NONE',  ( -1.055190116215857700, -1.709633081912044900, 0.1250000000000000000 ) ) ;
#9352 = ORIENTED_EDGE ( 'NONE', *, *, #9594, .F. ) ;
#9353 = DIRECTION ( 'NONE',  ( 0.0000000000000000000, 0.0000000000000000000, 1.000000000000000000 ) ) ;
#9354 = EDGE_CURVE ( 'NONE', #2589, #86, #6877, .T. ) ;
#9355 = LINE ( 'NONE', #5486, #223 ) ;
#9356 = ORIENTED_EDGE ( 'NONE', *, *, #5437, .T. ) ;
#9357 = ORIENTED_EDGE ( 'NONE', *, *, #7603, .F. ) ;
#9358 = CARTESIAN_POINT ( 'NONE',  ( -6.374999999999999100, 13.00000000000000000, 8.040000000000000900 ) ) ;
#9359 = CARTESIAN_POINT ( 'NONE',  ( 6.747474487139165000, 2.949999999999987300, 5.875000000000000000 ) ) ;
#9360 = VECTOR ( 'NONE', #4367, 1000.000000000000000 ) ;
#9361 = LINE ( 'NONE', #2433, #1332 ) ;
#9362 = CARTESIAN_POINT ( 'NONE',  ( 6.424999999999999800, 3.499999999999987100, 3.450000000000000600 ) ) ;
#9363 = ORIENTED_EDGE ( 'NONE', *, *, #4404, .F. ) ;
#9364 = EDGE_LOOP ( 'NONE', ( #5291, #2583, #1687, #8110 ) ) ;
#9365 = EDGE_CURVE ( 'NONE', #7078, #4456, #6763, .T. ) ;
#9366 = FACE_OUTER_BOUND ( 'NONE', #5700, .T. ) ;
#9367 = DIRECTION ( 'NONE',  ( -7.285838599102583500E-014, 3.491481338843133400E-015, 1.000000000000000000 ) ) ;
#9368 = DIRECTION ( 'NONE',  ( -0.0000000000000000000, -0.0000000000000000000, -1.000000000000000000 ) ) ;
#9369 = DIRECTION ( 'NONE',  ( -0.3236155771181821700, 0.8891264907159901500, 0.3236155771181821700 ) ) ;
#9370 = DIRECTION ( 'NONE',  ( 1.000000000000000000, 1.334402673828313600E-016, -0.0000000000000000000 ) ) ;
#9371 = CARTESIAN_POINT ( 'NONE',  ( -6.424999999999998000, 0.0000000000000000000, -1.615198767203731400E-017 ) ) ;
#9372 = CARTESIAN_POINT ( 'NONE',  ( -3.749999999999998200, 0.0000000000000000000, 3.650000000000001200 ) ) ;
#9373 = DIRECTION ( 'NONE',  ( 0.02792163872356207700, 0.9996101150403545700, 0.0000000000000000000 ) ) ;
#9374 = AXIS2_PLACEMENT_3D ( 'NONE', #1710, #908, #6208 ) ;
#9375 = EDGE_LOOP ( 'NONE', ( #1126, #5837, #5207, #9336 ) ) ;
#9376 = ORIENTED_EDGE ( 'NONE', *, *, #1904, .F. ) ;
#9377 = DIRECTION ( 'NONE',  ( -1.334402673828313600E-016, -1.000000000000000000, -2.551063935260010000E-016 ) ) ;
#9378 = ADVANCED_FACE ( 'NONE', ( #9131 ), #8959, .F. ) ;
#9379 = LINE ( 'NONE', #4649, #3691 ) ;
#9380 = DIRECTION ( 'NONE',  ( 0.0000000000000000000, 0.0000000000000000000, 1.000000000000000000 ) ) ;
#9381 = DIRECTION ( 'NONE',  ( 0.3236155771181821700, 0.8891264907159901500, 0.3236155771181821700 ) ) ;
#9382 = EDGE_CURVE ( 'NONE', #2932, #8076, #1075, .T. ) ;
#9383 = CARTESIAN_POINT ( 'NONE',  ( -5.800000000000000700, 0.0000000000000000000, 17.08448840921516900 ) ) ;
#9384 = CARTESIAN_POINT ( 'NONE',  ( -6.374999999999999100, 12.75000000000000000, 8.050000000000000700 ) ) ;
#9385 = ORIENTED_EDGE ( 'NONE', *, *, #5378, .T. ) ;
#9386 = ORIENTED_EDGE ( 'NONE', *, *, #6284, .F. ) ;
#9387 = LINE ( 'NONE', #6603, #2993 ) ;
#9388 = CIRCLE ( 'NONE', #2600, 3.850000000000000100 ) ;
#9389 = LINE ( 'NONE', #8567, #1113 ) ;
#9390 = DIRECTION ( 'NONE',  ( -1.000000000000000000, 0.0000000000000000000, 0.0000000000000000000 ) ) ;
#9391 = ADVANCED_FACE ( 'NONE', ( #2958 ), #7353, .F. ) ;
#9392 = VECTOR ( 'NONE', #7985, 1000.000000000000000 ) ;
#9393 = AXIS2_PLACEMENT_3D ( 'NONE', #8470, #859, #1634 ) ;
#9394 = EDGE_CURVE ( 'NONE', #7038, #3134, #8641, .T. ) ;
#9395 = ORIENTED_EDGE ( 'NONE', *, *, #1970, .F. ) ;
#9396 = PLANE ( 'NONE',  #7051 ) ;
#9397 = FACE_OUTER_BOUND ( 'NONE', #750, .T. ) ;
#9398 = EDGE_CURVE ( 'NONE', #39, #8587, #5689, .T. ) ;
#9399 = ORIENTED_EDGE ( 'NONE', *, *, #5331, .T. ) ;
#9400 = CARTESIAN_POINT ( 'NONE',  ( -3.749999999999998200, -3.279999999999996300, 6.150000000000000400 ) ) ;
#9401 = CARTESIAN_POINT ( 'NONE',  ( 6.875000000000001800, 1.049999999999998900, 8.040000000000000900 ) ) ;
#9402 = CARTESIAN_POINT ( 'NONE',  ( 3.122794046853242900, -3.480000000000000000, 3.877205953146760200 ) ) ;
#9403 = AXIS2_PLACEMENT_3D ( 'NONE', #7320, #472, #3564 ) ;
#9404 = CARTESIAN_POINT ( 'NONE',  ( 2.000000000000000000, 8.220000000000000600, -3.849999999999993900 ) ) ;
#9405 = CARTESIAN_POINT ( 'NONE',  ( -1.649999999999997900, -7.721577310586390300, 3.950000000000001100 ) ) ;
#9406 = CARTESIAN_POINT ( 'NONE',  ( 0.0000000000000000000, -3.480000000000000000, 0.0000000000000000000 ) ) ;
#9407 = ORIENTED_EDGE ( 'NONE', *, *, #8878, .F. ) ;
#9408 = DIRECTION ( 'NONE',  ( -0.8718951381180901600, 8.577799438434874600E-018, -0.4896926261707814100 ) ) ;
#9409 = DIRECTION ( 'NONE',  ( -1.000000000000000000, 0.0000000000000000000, 0.0000000000000000000 ) ) ;
#9410 = VECTOR ( 'NONE', #9624, 1000.000000000000000 ) ;
#9411 = LINE ( 'NONE', #798, #4553 ) ;
#9412 = EDGE_CURVE ( 'NONE', #6200, #3809, #3665, .T. ) ;
#9413 = AXIS2_PLACEMENT_3D ( 'NONE', #6618, #2103, #7302 ) ;
#9414 = B_SPLINE_CURVE_WITH_KNOTS ( 'NONE', 3,
 ( #6688, #7366, #3656, #5153, #8097, #2909, #615, #1369, #1399, #4392, #7465, #5990, #2142, #2876, #2847, #9700 ),
 .UNSPECIFIED., .F., .F.,
 ( 4, 3, 3, 3, 3, 4 ),
 ( 0.0000000000000000000, 8.380944011637846500E-006, 1.676915993244380600E-005, 2.506776193837920400E-005, 3.340280905979851600E-005, 3.921670883901589800E-005 ),
 .UNSPECIFIED. ) ;
#9415 = EDGE_CURVE ( 'NONE', #3183, #3682, #9481, .T. ) ;
#9416 = CARTESIAN_POINT ( 'NONE',  ( 3.750000000000002200, -3.279999999999996300, 3.950000000000001100 ) ) ;
#9417 = ORIENTED_EDGE ( 'NONE', *, *, #1865, .T. ) ;
#9418 = CARTESIAN_POINT ( 'NONE',  ( 6.625000000000001800, -1.656610674714108500, -0.2000000000000005100 ) ) ;
#9419 = ORIENTED_EDGE ( 'NONE', *, *, #2878, .F. ) ;
#9420 = DIRECTION ( 'NONE',  ( 1.296989514749014200E-016, 0.0000000000000000000, 1.000000000000000000 ) ) ;
#9421 = VERTEX_POINT ( 'NONE', #9058 ) ;
#9422 = DIRECTION ( 'NONE',  ( -0.0000000000000000000, 1.000000000000000000, -3.491481338843134100E-015 ) ) ;
#9423 = LINE ( 'NONE', #2504, #9772 ) ;
#9424 = DIRECTION ( 'NONE',  ( 0.0000000000000000000, 0.0000000000000000000, -1.000000000000000000 ) ) ;
#9425 = VECTOR ( 'NONE', #9381, 1000.000000000000100 ) ;
#9426 = VERTEX_POINT ( 'NONE', #1538 ) ;
#9427 = AXIS2_PLACEMENT_3D ( 'NONE', #3087, #1562, #5388 ) ;
#9428 = LINE ( 'NONE', #5340, #3359 ) ;
#9429 = ORIENTED_EDGE ( 'NONE', *, *, #1657, .T. ) ;
#9430 = CARTESIAN_POINT ( 'NONE',  ( 3.750000000000000900, 0.0000000000000000000, 6.450000000000000200 ) ) ;
#9431 = CARTESIAN_POINT ( 'NONE',  ( -6.374999999999999100, 13.00000000000000000, 8.049999999999997200 ) ) ;
#9432 = FACE_OUTER_BOUND ( 'NONE', #9766, .T. ) ;
#9433 = LINE ( 'NONE', #8324, #2324 ) ;
#9434 = ADVANCED_FACE ( 'NONE', ( #231 ), #2328, .F. ) ;
#9435 = CARTESIAN_POINT ( 'NONE',  ( -7.000000000000005300, 2.149999999999985300, 3.450000000000000600 ) ) ;
#9436 = EDGE_LOOP ( 'NONE', ( #3089 ) ) ;
#9437 = LINE ( 'NONE', #322, #4578 ) ;
#9438 = EDGE_LOOP ( 'NONE', ( #9124, #2797, #7124, #4406 ) ) ;
#9439 = LINE ( 'NONE', #7289, #7419 ) ;
#9440 = DIRECTION ( 'NONE',  ( -1.000000000000000000, 0.0000000000000000000, 0.0000000000000000000 ) ) ;
#9441 = AXIS2_PLACEMENT_3D ( 'NONE', #6413, #3372, #2632 ) ;
#9442 = CARTESIAN_POINT ( 'NONE',  ( 6.875000000000001800, -1.656610674714111600, -0.2000000000000014000 ) ) ;
#9443 = LINE ( 'NONE', #312, #2334 ) ;
#9444 = CARTESIAN_POINT ( 'NONE',  ( -0.9499999999999977400, 0.0000000000000000000, 3.950000000000001100 ) ) ;
#9445 = DIRECTION ( 'NONE',  ( 1.334402673828313600E-016, -1.000000000000000000, -2.551063935260010000E-016 ) ) ;
#9446 = FACE_OUTER_BOUND ( 'NONE', #8958, .T. ) ;
#9447 = CARTESIAN_POINT ( 'NONE',  ( 6.625000000000001800, -1.656610674714108100, 1.799999999999998700 ) ) ;
#9448 = CARTESIAN_POINT ( 'NONE',  ( -0.8000000000000002700, -2.326820668033589900, -0.1250000000000000000 ) ) ;
#9449 = CARTESIAN_POINT ( 'NONE',  ( -6.374999999999999100, 13.00000000000000000, 8.040000000000000900 ) ) ;
#9450 = DIRECTION ( 'NONE',  ( 1.000000000000000000, 0.0000000000000000000, 0.0000000000000000000 ) ) ;
#9451 = ADVANCED_FACE ( 'NONE', ( #6049 ), #6849, .F. ) ;
#9452 = EDGE_CURVE ( 'NONE', #7276, #8463, #2728, .T. ) ;
#9453 = ORIENTED_EDGE ( 'NONE', *, *, #8117, .F. ) ;
#9454 = DIRECTION ( 'NONE',  ( 1.000000000000000000, -1.334402673828313600E-016, -3.404146536317937200E-032 ) ) ;
#9455 = CARTESIAN_POINT ( 'NONE',  ( 0.0000000000000000000, 8.220000000000000600, -4.199999999999999300 ) ) ;
#9456 = PLANE ( 'NONE',  #2690 ) ;
#9457 = EDGE_LOOP ( 'NONE', ( #5573, #6474, #9490, #7002, #3875, #7584, #6417, #9282, #9749, #9386, #7900, #2438 ) ) ;
#9458 = PLANE ( 'NONE',  #6662 ) ;
#9459 = CARTESIAN_POINT ( 'NONE',  ( -2.575000000000000200, 4.649999999999998600, 0.1250000000000000000 ) ) ;
#9460 = DIRECTION ( 'NONE',  ( 1.000000000000000000, 0.0000000000000000000, 0.0000000000000000000 ) ) ;
#9461 = DIRECTION ( 'NONE',  ( -1.000000000000000000, 0.0000000000000000000, 0.0000000000000000000 ) ) ;
#9462 = ORIENTED_EDGE ( 'NONE', *, *, #5022, .T. ) ;
#9463 = EDGE_LOOP ( 'NONE', ( #4540 ) ) ;
#9464 = PLANE ( 'NONE',  #6250 ) ;
#9465 = EDGE_LOOP ( 'NONE', ( #1143, #5325, #4045, #6230, #6798, #5673 ) ) ;
#9466 = STYLED_ITEM ( 'NONE', ( #1437 ), #8682 ) ;
#9467 = ORIENTED_EDGE ( 'NONE', *, *, #8336, .T. ) ;
#9469 = AXIS2_PLACEMENT_3D ( 'NONE', #5841, #6616, #2071 ) ;
#9468 = LINE ( 'NONE', #8677, #4247 ) ;
#9470 = CARTESIAN_POINT ( 'NONE',  ( 2.449999999999999300, 6.199999999999999300, -2.699999999999999300 ) ) ;
#9471 = EDGE_CURVE ( 'NONE', #5914, #4380, #1543, .T. ) ;
#9472 = PLANE ( 'NONE',  #7255 ) ;
#9473 = ORIENTED_EDGE ( 'NONE', *, *, #8628, .F. ) ;
#9474 = CARTESIAN_POINT ( 'NONE',  ( -6.748202854342295600, 3.950216699176834800, 5.871203356348714500 ) ) ;
#9475 = CARTESIAN_POINT ( 'NONE',  ( 6.625000000000000000, 12.49999999999999800, 8.040000000000000900 ) ) ;
#9476 = ORIENTED_EDGE ( 'NONE', *, *, #5566, .F. ) ;
#9477 = EDGE_LOOP ( 'NONE', ( #2479, #5472, #495, #7890 ) ) ;
#9478 = DIRECTION ( 'NONE',  ( -1.000000000000000000, 9.599961581310927900E-016, 0.0000000000000000000 ) ) ;
#9479 = VECTOR ( 'NONE', #6916, 1000.000000000000000 ) ;
#9480 = ADVANCED_FACE ( 'NONE', ( #481 ), #7789, .T. ) ;
#9481 = LINE ( 'NONE', #6110, #7458 ) ;
#9482 = AXIS2_PLACEMENT_3D ( 'NONE', #9523, #9485, #1875 ) ;
#9483 = DIRECTION ( 'NONE',  ( 1.000000000000000000, 1.334402673828313600E-016, -0.0000000000000000000 ) ) ;
#9484 = DIRECTION ( 'NONE',  ( -2.556604186739367600E-028, -1.000000000000000000, 3.542745126994888700E-015 ) ) ;
#9485 = DIRECTION ( 'NONE',  ( 0.0000000000000000000, 0.0000000000000000000, 1.000000000000000000 ) ) ;
#9486 = ORIENTED_EDGE ( 'NONE', *, *, #6496, .F. ) ;
#9487 = CARTESIAN_POINT ( 'NONE',  ( 6.625000000000000000, 0.0000000000000000000, 7.789999999999998300 ) ) ;
#9488 = EDGE_LOOP ( 'NONE', ( #153, #3764, #1882, #8859, #7428, #2137, #2822, #795 ) ) ;
#9489 = DIRECTION ( 'NONE',  ( 0.0000000000000000000, 0.0000000000000000000, -1.000000000000000000 ) ) ;
#9490 = ORIENTED_EDGE ( 'NONE', *, *, #7593, .T. ) ;
#9491 = LINE ( 'NONE', #672, #6659 ) ;
#9492 = DIRECTION ( 'NONE',  ( -0.0000000000000000000, -0.0000000000000000000, -1.000000000000000000 ) ) ;
#9493 = DIRECTION ( 'NONE',  ( -0.0000000000000000000, -0.0000000000000000000, 1.000000000000000000 ) ) ;
#9494 = ADVANCED_FACE ( 'NONE', ( #1666 ), #9157, .F. ) ;
#9495 = CARTESIAN_POINT ( 'NONE',  ( -6.999492987248455500, 2.949386064549040000, 5.869493652977542600 ) ) ;
#9496 = DIRECTION ( 'NONE',  ( 1.000000000000000000, 0.0000000000000000000, 0.0000000000000000000 ) ) ;
#9497 = ORIENTED_EDGE ( 'NONE', *, *, #1877, .F. ) ;
#9498 = ORIENTED_EDGE ( 'NONE', *, *, #4863, .T. ) ;
#9499 = LINE ( 'NONE', #1210, #5224 ) ;
#9500 = ORIENTED_EDGE ( 'NONE', *, *, #1120, .F. ) ;
#9501 = FACE_OUTER_BOUND ( 'NONE', #1180, .T. ) ;
#9502 = DIRECTION ( 'NONE',  ( 1.000000000000000000, 1.334402673828313600E-016, -0.0000000000000000000 ) ) ;
#9503 = EDGE_CURVE ( 'NONE', #3994, #6641, #1, .T. ) ;
#9504 = ORIENTED_EDGE ( 'NONE', *, *, #7528, .F. ) ;
#9505 = EDGE_LOOP ( 'NONE', ( #177, #3657, #1450, #2720 ) ) ;
#9506 = CYLINDRICAL_SURFACE ( 'NONE', #1960, 0.2500000000000002200 ) ;
#9507 = DIRECTION ( 'NONE',  ( -1.334402673828313600E-016, 1.000000000000000000, 0.0000000000000000000 ) ) ;
#9508 = CARTESIAN_POINT ( 'NONE',  ( -0.8000000000000002700, -2.326820668033589900, 0.1250000000000000000 ) ) ;
#9509 = CARTESIAN_POINT ( 'NONE',  ( 1.075000000000000000, 0.2500000000000006700, 0.1250000000000001100 ) ) ;
#9510 = LINE ( 'NONE', #8420, #2043 ) ;
#9511 = PLANE ( 'NONE',  #628 ) ;
#9512 =( GEOMETRIC_REPRESENTATION_CONTEXT ( 3 ) GLOBAL_UNCERTAINTY_ASSIGNED_CONTEXT ( ( #3569 ) ) GLOBAL_UNIT_ASSIGNED_CONTEXT ( ( #7707, #4731, #7744 ) ) REPRESENTATION_CONTEXT ( 'NONE', 'WORKASPACE' ) );
#9513 = ORIENTED_EDGE ( 'NONE', *, *, #3085, .F. ) ;
#9514 = CARTESIAN_POINT ( 'NONE',  ( -6.874999999999998200, -1.656610674714108100, 1.799999999999998700 ) ) ;
#9515 = ORIENTED_EDGE ( 'NONE', *, *, #7301, .T. ) ;
#9516 = ORIENTED_EDGE ( 'NONE', *, *, #835, .T. ) ;
#9517 = FACE_OUTER_BOUND ( 'NONE', #7101, .T. ) ;
#9518 = EDGE_CURVE ( 'NONE', #7297, #8965, #7335, .T. ) ;
#9519 = CARTESIAN_POINT ( 'NONE',  ( 2.375000000000000000, 3.469839113182271500, -4.199999999999999300 ) ) ;
#9520 = FACE_OUTER_BOUND ( 'NONE', #2221, .T. ) ;
#9521 = CARTESIAN_POINT ( 'NONE',  ( 6.999998472688418800, 2.933251073946627300, 5.851235798936105700 ) ) ;
#9522 = EDGE_CURVE ( 'NONE', #7665, #7665, #8507, .T. ) ;
#9523 = CARTESIAN_POINT ( 'NONE',  ( 0.0000000000000000000, 6.500000000000000000, -0.1250000000000000000 ) ) ;
#9524 = VECTOR ( 'NONE', #8049, 1000.000000000000000 ) ;
#9525 = CARTESIAN_POINT ( 'NONE',  ( 6.875000000000002700, -3.626785478522215600, 0.5119517609947533700 ) ) ;
#9526 = EDGE_LOOP ( 'NONE', ( #2745 ) ) ;
#9527 = PLANE ( 'NONE',  #2017 ) ;
#9528 = ORIENTED_EDGE ( 'NONE', *, *, #6117, .F. ) ;
#9529 = CIRCLE ( 'NONE', #4134, 0.2999999999999999300 ) ;
#9530 = VERTEX_POINT ( 'NONE', #1635 ) ;
#9531 = VECTOR ( 'NONE', #7235, 1000.000000000000000 ) ;
#9532 = LINE ( 'NONE', #8075, #7507 ) ;
#9533 = CARTESIAN_POINT ( 'NONE',  ( -6.999289074745241200, 2.950000000000097000, 5.873154074762950900 ) ) ;
#9534 = CARTESIAN_POINT ( 'NONE',  ( -6.624999999999998200, 29.80608689002257700, -2.699999999999997500 ) ) ;
#9535 = DIRECTION ( 'NONE',  ( -0.0000000000000000000, 1.000000000000000000, -0.0000000000000000000 ) ) ;
#9536 = EDGE_CURVE ( 'NONE', #963, #7868, #8027, .T. ) ;
#9537 = VERTEX_POINT ( 'NONE', #3772 ) ;
#9538 = CIRCLE ( 'NONE', #6240, 3.850000000000000100 ) ;
#9539 = LINE ( 'NONE', #8140, #884 ) ;
#9540 = LINE ( 'NONE', #2454, #535 ) ;
#9541 =( NAMED_UNIT ( * ) PLANE_ANGLE_UNIT ( ) SI_UNIT ( $, .RADIAN. ) );
#9542 = DIRECTION ( 'NONE',  ( -0.0000000000000000000, -0.0000000000000000000, -1.000000000000000000 ) ) ;
#9543 = CARTESIAN_POINT ( 'NONE',  ( -1.577205953146757700, -3.480000000000000000, 6.222794046853240800 ) ) ;
#9544 = MECHANICAL_DESIGN_GEOMETRIC_PRESENTATION_REPRESENTATION (  '', ( #2620 ), #3632 ) ;
#9545 = CARTESIAN_POINT ( 'NONE',  ( -6.874999999999998200, 0.0000000000000000000, 8.040000000000000900 ) ) ;
#9546 = FILL_AREA_STYLE ('',( #3464 ) ) ;
#9547 = CARTESIAN_POINT ( 'NONE',  ( 1.075000000000000000, 0.9022884140034506100, 17.08448840921516900 ) ) ;
#9548 = AXIS2_PLACEMENT_3D ( 'NONE', #669, #4441, #3508 ) ;
#9549 = ADVANCED_FACE ( 'NONE', ( #2947 ), #732, .F. ) ;
#9550 = ORIENTED_EDGE ( 'NONE', *, *, #8303, .F. ) ;
#9551 = EDGE_LOOP ( 'NONE', ( #9255, #4502, #7082, #209 ) ) ;
#9552 = VECTOR ( 'NONE', #3893, 1000.000000000000000 ) ;
#9553 = VECTOR ( 'NONE', #8693, 1000.000000000000000 ) ;
#9554 = EDGE_CURVE ( 'NONE', #1273, #3734, #5427, .T. ) ;
#9555 = VECTOR ( 'NONE', #8706, 1000.000000000000000 ) ;
#9556 = CARTESIAN_POINT ( 'NONE',  ( 1.023308929227474600, -3.481414627696880300, 3.723308929227474800 ) ) ;
#9557 = ORIENTED_EDGE ( 'NONE', *, *, #894, .T. ) ;
#9558 = VECTOR ( 'NONE', #1855, 1000.000000000000000 ) ;
#9559 = CARTESIAN_POINT ( 'NONE',  ( 6.311942857830965500, 12.99377029272893600, 2.100000000000001000 ) ) ;
#9560 = CARTESIAN_POINT ( 'NONE',  ( -6.624999999999998200, 3.499999999999987100, 3.450000000000001500 ) ) ;
#9561 = VERTEX_POINT ( 'NONE', #2985 ) ;
#9562 = LINE ( 'NONE', #5724, #7534 ) ;
#9563 = CARTESIAN_POINT ( 'NONE',  ( 1.055190116215857700, -1.709633081912044900, 0.1250000000000000000 ) ) ;
#9564 = CARTESIAN_POINT ( 'NONE',  ( 6.500000000000003600, 12.49999999999999800, -4.699999999999999300 ) ) ;
#9565 = FACE_OUTER_BOUND ( 'NONE', #3413, .T. ) ;
#9566 = AXIS2_PLACEMENT_3D ( 'NONE', #9564, #3616, #7275 ) ;
#9567 = DIRECTION ( 'NONE',  ( 1.000000000000000000, 1.334402673828313600E-016, 0.0000000000000000000 ) ) ;
#9568 = ORIENTED_EDGE ( 'NONE', *, *, #1140, .T. ) ;
#9569 = LINE ( 'NONE', #2592, #6128 ) ;
#9570 = DIRECTION ( 'NONE',  ( -0.0000000000000000000, -0.0000000000000000000, 1.000000000000000000 ) ) ;
#9571 = DIRECTION ( 'NONE',  ( -1.000000000000000000, -1.387778780781449300E-014, 0.0000000000000000000 ) ) ;
#9572 = FACE_OUTER_BOUND ( 'NONE', #9465, .T. ) ;
#9573 = CYLINDRICAL_SURFACE ( 'NONE', #7586, 5.700000000000000200 ) ;
#9574 = ORIENTED_EDGE ( 'NONE', *, *, #9776, .F. ) ;
#9575 = CARTESIAN_POINT ( 'NONE',  ( 6.625000000000000000, 13.00000000000000000, 2.100000000000001000 ) ) ;
#9576 = DIRECTION ( 'NONE',  ( 0.0000000000000000000, 1.000000000000000000, 0.0000000000000000000 ) ) ;
#9577 = FACE_OUTER_BOUND ( 'NONE', #965, .T. ) ;
#9578 = CARTESIAN_POINT ( 'NONE',  ( 2.750000000000004000, 8.220000000000000600, -4.199999999999999300 ) ) ;
#9579 = CARTESIAN_POINT ( 'NONE',  ( 0.0000000000000000000, 8.220000000000000600, -3.849999999999993900 ) ) ;
#9580 = CARTESIAN_POINT ( 'NONE',  ( -3.749999999999998200, -7.721577310586390300, 6.450000000000000200 ) ) ;
#9581 = ORIENTED_EDGE ( 'NONE', *, *, #2235, .F. ) ;
#9582 = EDGE_CURVE ( 'NONE', #1755, #8764, #9355, .T. ) ;
#9583 = DIRECTION ( 'NONE',  ( 0.3236155771181821700, -0.8891264907159901500, 0.3236155771181821700 ) ) ;
#9584 = PLANE ( 'NONE',  #6116 ) ;
#9585 = ORIENTED_EDGE ( 'NONE', *, *, #5317, .F. ) ;
#9586 =( NAMED_UNIT ( * ) SI_UNIT ( $, .STERADIAN. ) SOLID_ANGLE_UNIT ( ) );
#9587 = DIRECTION ( 'NONE',  ( -0.0000000000000000000, -0.0000000000000000000, -1.000000000000000000 ) ) ;
#9588 = CARTESIAN_POINT ( 'NONE',  ( -6.625000000000000900, 3.949999999999987300, 5.850000000000001400 ) ) ;
#9589 = ORIENTED_EDGE ( 'NONE', *, *, #1849, .T. ) ;
#9590 = DIRECTION ( 'NONE',  ( -0.0000000000000000000, -0.0000000000000000000, 1.000000000000000000 ) ) ;
#9591 = AXIS2_PLACEMENT_3D ( 'NONE', #2387, #138, #6194 ) ;
#9592 = VECTOR ( 'NONE', #4029, 1000.000000000000100 ) ;
#9593 = CARTESIAN_POINT ( 'NONE',  ( 6.625000000000001800, 2.899999999999987000, 5.875000000000000000 ) ) ;
#9594 = EDGE_CURVE ( 'NONE', #5309, #8202, #8999, .T. ) ;
#9595 = ORIENTED_EDGE ( 'NONE', *, *, #6552, .T. ) ;
#9596 = EDGE_CURVE ( 'NONE', #3554, #8557, #8759, .T. ) ;
#9597 = ORIENTED_EDGE ( 'NONE', *, *, #8749, .T. ) ;
#9598 = ADVANCED_FACE ( 'NONE', ( #6640 ), #6752, .F. ) ;
#9599 = ORIENTED_EDGE ( 'NONE', *, *, #2750, .F. ) ;
#9600 = MANIFOLD_SOLID_BREP ( 'Cut-Extrude8', #3410 ) ;
#9601 = ORIENTED_EDGE ( 'NONE', *, *, #7541, .T. ) ;
#9602 = PLANE ( 'NONE',  #5176 ) ;
#9603 = DIRECTION ( 'NONE',  ( 0.0000000000000000000, -1.000000000000000000, 0.0000000000000000000 ) ) ;
#9604 = CIRCLE ( 'NONE', #6171, 0.2999999999999999300 ) ;
#9605 = CARTESIAN_POINT ( 'NONE',  ( 6.625000000000000900, 2.224999999999986800, 2.025000000000000800 ) ) ;
#9606 = ORIENTED_EDGE ( 'NONE', *, *, #6377, .F. ) ;
#9607 = AXIS2_PLACEMENT_3D ( 'NONE', #7066, #1791, #3185 ) ;
#9608 = ORIENTED_EDGE ( 'NONE', *, *, #6917, .T. ) ;
#9609 = VERTEX_POINT ( 'NONE', #5528 ) ;
#9610 = EDGE_CURVE ( 'NONE', #373, #6191, #8158, .T. ) ;
#9611 = VERTEX_POINT ( 'NONE', #4755 ) ;
#9612 = AXIS2_PLACEMENT_3D ( 'NONE', #5203, #5940, #2159 ) ;
#9613 = LINE ( 'NONE', #1343, #8528 ) ;
#9614 = EDGE_CURVE ( 'NONE', #3767, #8146, #6271, .T. ) ;
#9615 = DIRECTION ( 'NONE',  ( 0.0000000000000000000, 0.0000000000000000000, 1.000000000000000000 ) ) ;
#9616 = DIRECTION ( 'NONE',  ( 1.000000000000000000, 0.0000000000000000000, 0.0000000000000000000 ) ) ;
#9617 = PLANE ( 'NONE',  #7103 ) ;
#9618 = VECTOR ( 'NONE', #8260, 1000.000000000000000 ) ;
#9619 = ORIENTED_EDGE ( 'NONE', *, *, #3140, .T. ) ;
#9620 = VERTEX_POINT ( 'NONE', #9243 ) ;
#9621 = VECTOR ( 'NONE', #928, 1000.000000000000000 ) ;
#9622 = AXIS2_PLACEMENT_3D ( 'NONE', #8425, #4564, #35 ) ;
#9623 = DIRECTION ( 'NONE',  ( 0.0000000000000000000, -1.000000000000000000, 0.0000000000000000000 ) ) ;
#9624 = DIRECTION ( 'NONE',  ( -0.0000000000000000000, -0.0000000000000000000, 1.000000000000000000 ) ) ;
#9625 =( NAMED_UNIT ( * ) PLANE_ANGLE_UNIT ( ) SI_UNIT ( $, .RADIAN. ) );
#9626 = DIRECTION ( 'NONE',  ( 0.0000000000000000000, 0.0000000000000000000, 1.000000000000000000 ) ) ;
#9627 = EDGE_LOOP ( 'NONE', ( #5315, #4558, #7704, #7133, #6274, #301 ) ) ;
#9628 = EDGE_CURVE ( 'NONE', #8526, #7533, #9822, .T. ) ;
#9629 = LINE ( 'NONE', #6249, #5585 ) ;
#9630 = DIRECTION ( 'NONE',  ( 0.0000000000000000000, -6.982962677686266700E-015, -1.000000000000000000 ) ) ;
#9631 = ORIENTED_EDGE ( 'NONE', *, *, #8303, .T. ) ;
#9632 = ORIENTED_EDGE ( 'NONE', *, *, #5260, .F. ) ;
#9633 = DIRECTION ( 'NONE',  ( 0.0000000000000000000, -2.551063935260010000E-016, 1.000000000000000000 ) ) ;
#9634 = VECTOR ( 'NONE', #2389, 1000.000000000000100 ) ;
#9635 = VECTOR ( 'NONE', #8866, 1000.000000000000000 ) ;
#9636 = DIRECTION ( 'NONE',  ( 0.0000000000000000000, 0.3420201433256658300, 0.9396926207859095400 ) ) ;
#9637 = FACE_OUTER_BOUND ( 'NONE', #818, .T. ) ;
#9638 = EDGE_CURVE ( 'NONE', #6808, #2685, #1765, .T. ) ;
#9639 = CARTESIAN_POINT ( 'NONE',  ( -7.000000000000006200, 3.499999999999985300, 1.950000000000000800 ) ) ;
#9640 = CARTESIAN_POINT ( 'NONE',  ( -0.9499999999999986200, -3.279999999999996300, 6.450000000000000200 ) ) ;
#9641 = ORIENTED_EDGE ( 'NONE', *, *, #8491, .F. ) ;
#9642 = DIRECTION ( 'NONE',  ( 1.000000000000000000, 0.0000000000000000000, 0.0000000000000000000 ) ) ;
#9643 = ORIENTED_EDGE ( 'NONE', *, *, #188, .F. ) ;
#9644 = FACE_OUTER_BOUND ( 'NONE', #74, .T. ) ;
#9645 = ORIENTED_EDGE ( 'NONE', *, *, #3390, .T. ) ;
#9646 = ADVANCED_FACE ( 'NONE', ( #3411 ), #8502, .F. ) ;
#9647 = VECTOR ( 'NONE', #131, 1000.000000000000000 ) ;
#9648 = CARTESIAN_POINT ( 'NONE',  ( 6.500000000000042600, 1.899999999999999700, 8.300000000000029100 ) ) ;
#9649 = AXIS2_PLACEMENT_3D ( 'NONE', #541, #6609, #3568 ) ;
#9650 = EDGE_CURVE ( 'NONE', #4789, #877, #6155, .T. ) ;
#9651 = ORIENTED_EDGE ( 'NONE', *, *, #7993, .F. ) ;
#9652 = FACE_OUTER_BOUND ( 'NONE', #6242, .T. ) ;
#9653 = EDGE_CURVE ( 'NONE', #3291, #7499, #4965, .T. ) ;
#9654 = DIRECTION ( 'NONE',  ( 0.0000000000000000000, -1.000000000000000000, 0.0000000000000000000 ) ) ;
#9655 = CARTESIAN_POINT ( 'NONE',  ( -6.374999999999999100, 12.49999999999999600, -2.699999999999999300 ) ) ;
#9656 = CARTESIAN_POINT ( 'NONE',  ( -6.624999999999998200, 0.0000000000000000000, 1.799999999999998700 ) ) ;
#9657 = VECTOR ( 'NONE', #1638, 1000.000000000000000 ) ;
#9658 = CARTESIAN_POINT ( 'NONE',  ( -3.345538132240983200E-016, 0.0000000000000000000, -2.699999999999998400 ) ) ;
#9659 = ORIENTED_EDGE ( 'NONE', *, *, #975, .F. ) ;
#9660 = CARTESIAN_POINT ( 'NONE',  ( -6.624999999999997300, 2.899999999999986600, 5.850000000000002300 ) ) ;
#9661 = AXIS2_PLACEMENT_3D ( 'NONE', #9059, #6648, #5909 ) ;
#9662 = ORIENTED_EDGE ( 'NONE', *, *, #3570, .T. ) ;
#9663 = ORIENTED_EDGE ( 'NONE', *, *, #4806, .T. ) ;
#9665 = CARTESIAN_POINT ( 'NONE',  ( -1.279868970028286400, -1.599999999999999900, 0.1250000000000000000 ) ) ;
#9664 = CARTESIAN_POINT ( 'NONE',  ( -7.000000000000006200, 3.974999999999987200, 5.850000000000000500 ) ) ;
#9666 = VERTEX_POINT ( 'NONE', #2416 ) ;
#9667 = CARTESIAN_POINT ( 'NONE',  ( -6.704246824526949300, 2.241895015079270700, 7.970753175473089600 ) ) ;
#9668 = VECTOR ( 'NONE', #8979, 1000.000000000000100 ) ;
#9669 = VECTOR ( 'NONE', #1840, 1000.000000000000000 ) ;
#9670 = ORIENTED_EDGE ( 'NONE', *, *, #653, .F. ) ;
#9671 = EDGE_CURVE ( 'NONE', #3174, #5249, #3935, .T. ) ;
#9672 = ADVANCED_FACE ( 'NONE', ( #2717 ), #6511, .F. ) ;
#9673 = CARTESIAN_POINT ( 'NONE',  ( -0.9999999999999995600, 11.67082102794892500, -4.316569839344123400 ) ) ;
#9674 = EDGE_LOOP ( 'NONE', ( #9313, #4008, #1572, #8456 ) ) ;
#9675 = LINE ( 'NONE', #381, #5054 ) ;
#9676 = FACE_OUTER_BOUND ( 'NONE', #4522, .T. ) ;
#9677 =( NAMED_UNIT ( * ) PLANE_ANGLE_UNIT ( ) SI_UNIT ( $, .RADIAN. ) );
#9678 = ORIENTED_EDGE ( 'NONE', *, *, #4306, .F. ) ;
#9679 = PLANE ( 'NONE',  #8454 ) ;
#9680 = CIRCLE ( 'NONE', #5480, 0.1250000000000053300 ) ;
#9681 = CARTESIAN_POINT ( 'NONE',  ( 3.050000000000000700, -3.279999999999996300, 6.450000000000000200 ) ) ;
#9682 = ORIENTED_EDGE ( 'NONE', *, *, #1426, .F. ) ;
#9683 = FACE_OUTER_BOUND ( 'NONE', #8428, .T. ) ;
#9684 = EDGE_CURVE ( 'NONE', #5287, #6340, #5787, .T. ) ;
#9685 = VECTOR ( 'NONE', #597, 1000.000000000000000 ) ;
#9686 = CARTESIAN_POINT ( 'NONE',  ( 3.050000000000000700, 0.0000000000000000000, 6.450000000000000200 ) ) ;
#9687 = VERTEX_POINT ( 'NONE', #9509 ) ;
#9688 = DIRECTION ( 'NONE',  ( 0.0000000000000000000, 0.0000000000000000000, -1.000000000000000000 ) ) ;
#9689 = DIRECTION ( 'NONE',  ( -2.143351522866849500E-032, 1.606225440719265900E-016, -1.000000000000000000 ) ) ;
#9690 = ORIENTED_EDGE ( 'NONE', *, *, #4506, .F. ) ;
#9691 = AXIS2_PLACEMENT_3D ( 'NONE', #3747, #5305, #5981 ) ;
#9692 = ADVANCED_FACE ( 'NONE', ( #695 ), #3361, .F. ) ;
#9693 = ORIENTED_EDGE ( 'NONE', *, *, #5822, .F. ) ;
#9694 = CARTESIAN_POINT ( 'NONE',  ( 7.000000000000005300, 2.899999999999986100, 6.700000000000000200 ) ) ;
#9695 = CARTESIAN_POINT ( 'NONE',  ( -6.750000000000005300, 2.098616088517478100, 7.800000000000029100 ) ) ;
#9696 = CARTESIAN_POINT ( 'NONE',  ( 1.650000000000000800, -3.279999999999996300, 3.950000000000000200 ) ) ;
#9697 = CARTESIAN_POINT ( 'NONE',  ( 6.999399171986040900, 3.950206980987867000, 5.871295940004581700 ) ) ;
#9698 = EDGE_CURVE ( 'NONE', #3999, #4130, #7675, .T. ) ;
#9699 = ORIENTED_EDGE ( 'NONE', *, *, #7792, .T. ) ;
#9700 = CARTESIAN_POINT ( 'NONE',  ( 6.750000000000006200, 3.974999999999987200, 5.850000000000000500 ) ) ;
#9701 = DIRECTION ( 'NONE',  ( -1.000000000000000000, 0.0000000000000000000, 0.0000000000000000000 ) ) ;
#9702 = ORIENTED_EDGE ( 'NONE', *, *, #8378, .T. ) ;
#9703 = AXIS2_PLACEMENT_3D ( 'NONE', #5467, #9286, #6207 ) ;
#9704 = VERTEX_POINT ( 'NONE', #8071 ) ;
#9705 = CARTESIAN_POINT ( 'NONE',  ( -6.750000000000005300, 4.999999999999999100, 8.299999999999982900 ) ) ;
#9706 = CARTESIAN_POINT ( 'NONE',  ( -1.999999999999999100, 8.220000000000000600, -3.849999999999993900 ) ) ;
#9707 = ORIENTED_EDGE ( 'NONE', *, *, #5851, .F. ) ;
#9708 = DIRECTION ( 'NONE',  ( 0.0000000000000000000, 0.0000000000000000000, 1.000000000000000000 ) ) ;
#9709 = EDGE_CURVE ( 'NONE', #3054, #5538, #467, .T. ) ;
#9710 = ORIENTED_EDGE ( 'NONE', *, *, #1271, .F. ) ;
#9711 = EDGE_CURVE ( 'NONE', #6665, #513, #9235, .T. ) ;
#9712 = VECTOR ( 'NONE', #8575, 1000.000000000000000 ) ;
#9713 = VERTEX_POINT ( 'NONE', #7962 ) ;
#9714 = CARTESIAN_POINT ( 'NONE',  ( 0.0000000000000000000, 6.500000000000000000, -4.199999999999999300 ) ) ;
#9715 = AXIS2_PLACEMENT_3D ( 'NONE', #4886, #1032, #361 ) ;
#9716 = ADVANCED_FACE ( 'NONE', ( #1656 ), #2655, .T. ) ;
#9717 = DIRECTION ( 'NONE',  ( 1.000000000000000000, 1.334402673828313600E-016, -0.0000000000000000000 ) ) ;
#9718 = ORIENTED_EDGE ( 'NONE', *, *, #3420, .T. ) ;
#9719 = ORIENTED_EDGE ( 'NONE', *, *, #1529, .T. ) ;
#9720 = FACE_OUTER_BOUND ( 'NONE', #8181, .T. ) ;
#9721 = FACE_OUTER_BOUND ( 'NONE', #7153, .T. ) ;
#9722 = EDGE_CURVE ( 'NONE', #3868, #417, #7563, .T. ) ;
#9723 = DIRECTION ( 'NONE',  ( -6.808293072635874400E-032, 5.102127870520020000E-016, -1.000000000000000000 ) ) ;
#9724 = DIRECTION ( 'NONE',  ( -1.000000000000000000, 0.0000000000000000000, 0.0000000000000000000 ) ) ;
#9725 = ORIENTED_EDGE ( 'NONE', *, *, #7299, .T. ) ;
#9726 = ORIENTED_EDGE ( 'NONE', *, *, #8943, .F. ) ;
#9727 = LINE ( 'NONE', #6196, #5823 ) ;
#9728 = DIRECTION ( 'NONE',  ( 1.334402673828313600E-016, 1.000000000000000000, 2.551063935260010000E-016 ) ) ;
#9729 = AXIS2_PLACEMENT_3D ( 'NONE', #7450, #3708, #3678 ) ;
#9730 = LINE ( 'NONE', #8129, #2967 ) ;
#9731 = DIRECTION ( 'NONE',  ( 1.000000000000000000, 2.556604186739367600E-028, -8.926335808808728500E-043 ) ) ;
#9732 = VERTEX_POINT ( 'NONE', #6440 ) ;
#9733 = EDGE_CURVE ( 'NONE', #2185, #118, #9468, .T. ) ;
#9734 = ORIENTED_EDGE ( 'NONE', *, *, #7708, .T. ) ;
#9735 = PLANE ( 'NONE',  #677 ) ;
#9736 = LINE ( 'NONE', #5079, #2503 ) ;
#9737 = DIRECTION ( 'NONE',  ( -0.0000000000000000000, 0.0000000000000000000, 1.000000000000000000 ) ) ;
#9738 = ADVANCED_FACE ( 'NONE', ( #4126 ), #2552, .F. ) ;
#9739 = DIRECTION ( 'NONE',  ( 1.000000000000000000, 0.0000000000000000000, 0.0000000000000000000 ) ) ;
#9740 = ORIENTED_EDGE ( 'NONE', *, *, #1729, .F. ) ;
#9741 = EDGE_LOOP ( 'NONE', ( #3909, #1662, #5572, #7027 ) ) ;
#9742 = AXIS2_PLACEMENT_3D ( 'NONE', #8632, #7856, #7018 ) ;
#9743 = DIRECTION ( 'NONE',  ( 1.000000000000000000, 0.0000000000000000000, 0.0000000000000000000 ) ) ;
#9744 = FACE_OUTER_BOUND ( 'NONE', #1009, .T. ) ;
#9745 = CARTESIAN_POINT ( 'NONE',  ( -6.749937587613136000, 2.938486286380678900, 5.853949582435068200 ) ) ;
#9746 = DIRECTION ( 'NONE',  ( -1.000000000000000000, 0.0000000000000000000, 0.0000000000000000000 ) ) ;
#9747 = ORIENTED_EDGE ( 'NONE', *, *, #6974, .F. ) ;
#9748 = EDGE_CURVE ( 'NONE', #4346, #4271, #7910, .T. ) ;
#9749 = ORIENTED_EDGE ( 'NONE', *, *, #8955, .T. ) ;
#9750 = ORIENTED_EDGE ( 'NONE', *, *, #6437, .F. ) ;
#9751 = VECTOR ( 'NONE', #1924, 1000.000000000000000 ) ;
#9752 = ORIENTED_EDGE ( 'NONE', *, *, #7316, .F. ) ;
#9753 = LINE ( 'NONE', #4627, #1365 ) ;
#9755 = PLANE ( 'NONE',  #3582 ) ;
#9754 = DIRECTION ( 'NONE',  ( 0.0000000000000000000, -1.000000000000000000, 0.0000000000000000000 ) ) ;
#9756 = PLANE ( 'NONE',  #2088 ) ;
#9757 = DIRECTION ( 'NONE',  ( -0.0000000000000000000, 1.000000000000000000, -0.0000000000000000000 ) ) ;
#9758 = ORIENTED_EDGE ( 'NONE', *, *, #3620, .T. ) ;
#9759 = ORIENTED_EDGE ( 'NONE', *, *, #2354, .F. ) ;
#9760 = FACE_OUTER_BOUND ( 'NONE', #8137, .T. ) ;
#9761 = ADVANCED_FACE ( 'NONE', ( #4608 ), #935, .F. ) ;
#9762 = CIRCLE ( 'NONE', #5344, 0.07499999999999998300 ) ;
#9763 = ORIENTED_EDGE ( 'NONE', *, *, #3253, .F. ) ;
#9764 = FACE_OUTER_BOUND ( 'NONE', #4308, .T. ) ;
#9765 = EDGE_CURVE ( 'NONE', #4625, #2223, #4371, .T. ) ;
#9766 = EDGE_LOOP ( 'NONE', ( #4068, #8908, #163, #1797 ) ) ;
#9767 = DIRECTION ( 'NONE',  ( 0.0000000000000000000, 0.0000000000000000000, 1.000000000000000000 ) ) ;
#9768 = ORIENTED_EDGE ( 'NONE', *, *, #4632, .F. ) ;
#9769 = ORIENTED_EDGE ( 'NONE', *, *, #365, .T. ) ;
#9770 = DIRECTION ( 'NONE',  ( 0.0000000000000000000, -1.000000000000000000, -5.102127870520022000E-016 ) ) ;
#9771 = LINE ( 'NONE', #6244, #2903 ) ;
#9772 = VECTOR ( 'NONE', #919, 1000.000000000000100 ) ;
#9773 = LINE ( 'NONE', #3262, #7515 ) ;
#9774 = VERTEX_POINT ( 'NONE', #4858 ) ;
#9775 = DIRECTION ( 'NONE',  ( -0.05233595624294442400, -0.9986295347545738300, 0.0000000000000000000 ) ) ;
#9776 = EDGE_CURVE ( 'NONE', #228, #9290, #5194, .T. ) ;
#9777 = ORIENTED_EDGE ( 'NONE', *, *, #2402, .T. ) ;
#9778 = CARTESIAN_POINT ( 'NONE',  ( -3.049999999999998000, -3.279999999999996300, 6.150000000000000400 ) ) ;
#9779 = EDGE_LOOP ( 'NONE', ( #9498, #1027, #9599, #6443, #491, #3799 ) ) ;
#9780 = CIRCLE ( 'NONE', #6766, 0.07499999999999998300 ) ;
#9781 = LINE ( 'NONE', #3844, #1727 ) ;
#9782 = CARTESIAN_POINT ( 'NONE',  ( 6.704246824526948400, 2.241895015079270700, 7.970753175473087800 ) ) ;
#9783 = CIRCLE ( 'NONE', #2182, 0.2500000000000002200 ) ;
#9784 = VERTEX_POINT ( 'NONE', #3396 ) ;
#9785 = FACE_OUTER_BOUND ( 'NONE', #7041, .T. ) ;
#9786 = ADVANCED_FACE ( 'NONE', ( #8400 ), #2837, .F. ) ;
#9788 = CARTESIAN_POINT ( 'NONE',  ( -6.499999999999999100, 12.49999999999999600, -23.80497317454280200 ) ) ;
#9787 = CARTESIAN_POINT ( 'NONE',  ( -1.000000000000000000, 4.174999999999999800, -2.699999999999999300 ) ) ;
#9789 = DIRECTION ( 'NONE',  ( 0.0000000000000000000, 0.0000000000000000000, 1.000000000000000000 ) ) ;
#9790 = EDGE_LOOP ( 'NONE', ( #9376, #6301, #6828, #7571, #9643, #5365 ) ) ;
#9791 = FACE_OUTER_BOUND ( 'NONE', #4927, .T. ) ;
#9792 = DIRECTION ( 'NONE',  ( -0.0000000000000000000, -1.000000000000000000, 0.0000000000000000000 ) ) ;
#9793 = LINE ( 'NONE', #9416, #6357 ) ;
#9794 = DIRECTION ( 'NONE',  ( 0.0000000000000000000, 0.0000000000000000000, -1.000000000000000000 ) ) ;
#9795 = EDGE_CURVE ( 'NONE', #2685, #4300, #8870, .T. ) ;
#9796 = VECTOR ( 'NONE', #1114, 1000.000000000000000 ) ;
#9797 = LINE ( 'NONE', #4704, #1035 ) ;
#9798 = CARTESIAN_POINT ( 'NONE',  ( -0.9999999999999995600, 10.21786228900426100, -4.199999999999999300 ) ) ;
#9799 = ADVANCED_FACE ( 'NONE', ( #9120 ), #5040, .F. ) ;
#9800 = VERTEX_POINT ( 'NONE', #3600 ) ;
#9801 = LINE ( 'NONE', #1328, #675 ) ;
#9802 = AXIS2_PLACEMENT_3D ( 'NONE', #368, #6399, #9338 ) ;
#9803 = FACE_OUTER_BOUND ( 'NONE', #4820, .T. ) ;
#9804 = CARTESIAN_POINT ( 'NONE',  ( -1.275528258147577300, -2.481329165221064100, 0.1250000000000000000 ) ) ;
#9805 = ORIENTED_EDGE ( 'NONE', *, *, #8602, .F. ) ;
#9806 = EDGE_LOOP ( 'NONE', ( #3773, #96, #1853, #7488 ) ) ;
#9807 = DIRECTION ( 'NONE',  ( 0.0000000000000000000, -6.982962677686266700E-015, -1.000000000000000000 ) ) ;
#9808 = ADVANCED_FACE ( 'NONE', ( #3152 ), #2795, .F. ) ;
#9809 = DIRECTION ( 'NONE',  ( -1.000000000000000000, 0.0000000000000000000, 0.0000000000000000000 ) ) ;
#9810 = CARTESIAN_POINT ( 'NONE',  ( -0.9499999999999986200, 0.0000000000000000000, 6.450000000000000200 ) ) ;
#9811 = EDGE_LOOP ( 'NONE', ( #6632 ) ) ;
#9812 = PLANE ( 'NONE',  #4766 ) ;
#9813 = CARTESIAN_POINT ( 'NONE',  ( 6.875000000000000000, 12.49999999999999800, 8.040000000000000900 ) ) ;
#9814 = AXIS2_PLACEMENT_3D ( 'NONE', #409, #344, #2760 ) ;
#9815 = ORIENTED_EDGE ( 'NONE', *, *, #2154, .F. ) ;
#9816 = DIRECTION ( 'NONE',  ( -0.0000000000000000000, 0.0000000000000000000, -1.000000000000000000 ) ) ;
#9817 = DIRECTION ( 'NONE',  ( 1.000000000000000000, 0.0000000000000000000, 0.0000000000000000000 ) ) ;
#9818 = ORIENTED_EDGE ( 'NONE', *, *, #2021, .T. ) ;
#9819 = PLANE ( 'NONE',  #1709 ) ;
#9820 = DIRECTION ( 'NONE',  ( -0.3236155771181821700, 0.8891264907159901500, 0.3236155771181821700 ) ) ;
#9821 = EDGE_CURVE ( 'NONE', #7078, #3554, #8633, .T. ) ;
#9822 = LINE ( 'NONE', #165, #1891 ) ;
#9823 = ORIENTED_EDGE ( 'NONE', *, *, #7973, .F. ) ;
#9824 = ORIENTED_EDGE ( 'NONE', *, *, #1532, .F. ) ;
#9825 = ORIENTED_EDGE ( 'NONE', *, *, #9090, .F. ) ;
#9826 = MECHANICAL_DESIGN_GEOMETRIC_PRESENTATION_REPRESENTATION (  '', ( #8423 ), #6610 ) ;
#9827 = VERTEX_POINT ( 'NONE', #4299 ) ;
#9828 = CARTESIAN_POINT ( 'NONE',  ( 6.625000000000000000, 2.149999999999987000, 1.950000000000000800 ) ) ;
ENDSEC;
END-ISO-10303-21;
